date,kr_base_rate,kr_ccsi,kr_cpi_food,kr_cpi_total,kr_esi,kr_ppi_food,us_corn,us_food_ppi,us_soybean,us_soybean_meal,us_wti,kr_base_rate_yoy_pct,kr_ccsi_yoy_pct,kr_cpi_food_yoy_pct,kr_cpi_total_yoy_pct,kr_esi_yoy_pct,kr_ppi_food_yoy_pct,us_corn_yoy_pct,us_food_ppi_yoy_pct,us_soybean_yoy_pct,us_soybean_meal_yoy_pct,us_wti_yoy_pct
2019-01-01,1.75,98.3,95.789,98.884,92.6,98.7,166.8462,206.2,333.7771,344.7295,,,,,,,,,,,,
2019-01-02,1.75,98.3,95.789,98.884,92.6,98.7,166.8462,206.2,333.7771,344.7295,46.31,,,,,,,,,,,
2019-01-03,1.75,98.3,95.789,98.884,92.6,98.7,166.8462,206.2,333.7771,344.7295,46.92,,,,,,,,,,,
2019-01-04,1.75,98.3,95.789,98.884,92.6,98.7,166.8462,206.2,333.7771,344.7295,47.76,,,,,,,,,,,
2019-01-05,1.75,98.3,95.789,98.884,92.6,98.7,166.8462,206.2,333.7771,344.7295,47.76,,,,,,,,,,,
2019-01-06,1.75,98.3,95.789,98.884,92.6,98.7,166.8462,206.2,333.7771,344.7295,47.76,,,,,,,,,,,
2019-01-07,1.75,98.3,95.789,98.884,92.6,98.7,166.8462,206.2,333.7771,344.7295,48.27,,,,,,,,,,,
2019-01-08,1.75,98.3,95.789,98.884,92.6,98.7,166.8462,206.2,333.7771,344.7295,49.58,,,,,,,,,,,
2019-01-09,1.75,98.3,95.789,98.884,92.6,98.7,166.8462,206.2,333.7771,344.7295,52.19,,,,,,,,,,,
2019-01-10,1.75,98.3,95.789,98.884,92.6,98.7,166.8462,206.2,333.7771,344.7295,52.42,,,,,,,,,,,
2019-01-11,1.75,98.3,95.789,98.884,92.6,98.7,166.8462,206.2,333.7771,344.7295,51.44,,,,,,,,,,,
2019-01-12,1.75,98.3,95.789,98.884,92.6,98.7,166.8462,206.2,333.7771,344.7295,51.44,,,,,,,,,,,
2019-01-13,1.75,98.3,95.789,98.884,92.6,98.7,166.8462,206.2,333.7771,344.7295,51.44,,,,,,,,,,,
2019-01-14,1.75,98.3,95.789,98.884,92.6,98.7,166.8462,206.2,333.7771,344.7295,50.31,,,,,,,,,,,
2019-01-15,1.75,98.3,95.789,98.884,92.6,98.7,166.8462,206.2,333.7771,344.7295,51.8,,,,,,,,,,,
2019-01-16,1.75,98.3,95.789,98.884,92.6,98.7,166.8462,206.2,333.7771,344.7295,52.08,,,,,,,,,,,
2019-01-17,1.75,98.3,95.789,98.884,92.6,98.7,166.8462,206.2,333.7771,344.7295,51.83,,,,,,,,,,,
2019-01-18,1.75,98.3,95.789,98.884,92.6,98.7,166.8462,206.2,333.7771,344.7295,53.6,,,,,,,,,,,
2019-01-19,1.75,98.3,95.789,98.884,92.6,98.7,166.8462,206.2,333.7771,344.7295,53.6,,,,,,,,,,,
2019-01-20,1.75,98.3,95.789,98.884,92.6,98.7,166.8462,206.2,333.7771,344.7295,53.6,,,,,,,,,,,
2019-01-21,1.75,98.3,95.789,98.884,92.6,98.7,166.8462,206.2,333.7771,344.7295,53.6,,,,,,,,,,,
2019-01-22,1.75,98.3,95.789,98.884,92.6,98.7,166.8462,206.2,333.7771,344.7295,52.59,,,,,,,,,,,
2019-01-23,1.75,98.3,95.789,98.884,92.6,98.7,166.8462,206.2,333.7771,344.7295,52.44,,,,,,,,,,,
2019-01-24,1.75,98.3,95.789,98.884,92.6,98.7,166.8462,206.2,333.7771,344.7295,52.94,,,,,,,,,,,
2019-01-25,1.75,98.3,95.789,98.884,92.6,98.7,166.8462,206.2,333.7771,344.7295,53.53,,,,,,,,,,,
2019-01-26,1.75,98.3,95.789,98.884,92.6,98.7,166.8462,206.2,333.7771,344.7295,53.53,,,,,,,,,,,
2019-01-27,1.75,98.3,95.789,98.884,92.6,98.7,166.8462,206.2,333.7771,344.7295,53.53,,,,,,,,,,,
2019-01-28,1.75,98.3,95.789,98.884,92.6,98.7,166.8462,206.2,333.7771,344.7295,51.79,,,,,,,,,,,
2019-01-29,1.75,98.3,95.789,98.884,92.6,98.7,166.8462,206.2,333.7771,344.7295,53.07,,,,,,,,,,,
2019-01-30,1.75,98.3,95.789,98.884,92.6,98.7,166.8462,206.2,333.7771,344.7295,54.18,,,,,,,,,,,
2019-01-31,1.75,98.3,95.789,98.884,92.6,98.7,166.8462,206.2,333.7771,344.7295,53.84,,,,,,,,,,,
2019-02-01,1.75,100.4,96.441,99.311,98.1,98.69,169.6563,206.7,334.503,338.0441,55.29,,,,,,,,,,,
2019-02-02,1.75,100.4,96.441,99.311,98.1,98.69,169.6563,206.7,334.503,338.0441,55.29,,,,,,,,,,,
2019-02-03,1.75,100.4,96.441,99.311,98.1,98.69,169.6563,206.7,334.503,338.0441,55.29,,,,,,,,,,,
2019-02-04,1.75,100.4,96.441,99.311,98.1,98.69,169.6563,206.7,334.503,338.0441,54.57,,,,,,,,,,,
2019-02-05,1.75,100.4,96.441,99.311,98.1,98.69,169.6563,206.7,334.503,338.0441,53.69,,,,,,,,,,,
2019-02-06,1.75,100.4,96.441,99.311,98.1,98.69,169.6563,206.7,334.503,338.0441,53.94,,,,,,,,,,,
2019-02-07,1.75,100.4,96.441,99.311,98.1,98.69,169.6563,206.7,334.503,338.0441,52.68,,,,,,,,,,,
2019-02-08,1.75,100.4,96.441,99.311,98.1,98.69,169.6563,206.7,334.503,338.0441,52.75,,,,,,,,,,,
2019-02-09,1.75,100.4,96.441,99.311,98.1,98.69,169.6563,206.7,334.503,338.0441,52.75,,,,,,,,,,,
2019-02-10,1.75,100.4,96.441,99.311,98.1,98.69,169.6563,206.7,334.503,338.0441,52.75,,,,,,,,,,,
2019-02-11,1.75,100.4,96.441,99.311,98.1,98.69,169.6563,206.7,334.503,338.0441,52.43,,,,,,,,,,,
2019-02-12,1.75,100.4,96.441,99.311,98.1,98.69,169.6563,206.7,334.503,338.0441,53.14,,,,,,,,,,,
2019-02-13,1.75,100.4,96.441,99.311,98.1,98.69,169.6563,206.7,334.503,338.0441,53.84,,,,,,,,,,,
2019-02-14,1.75,100.4,96.441,99.311,98.1,98.69,169.6563,206.7,334.503,338.0441,54.4,,,,,,,,,,,
2019-02-15,1.75,100.4,96.441,99.311,98.1,98.69,169.6563,206.7,334.503,338.0441,55.58,,,,,,,,,,,
2019-02-16,1.75,100.4,96.441,99.311,98.1,98.69,169.6563,206.7,334.503,338.0441,55.58,,,,,,,,,,,
2019-02-17,1.75,100.4,96.441,99.311,98.1,98.69,169.6563,206.7,334.503,338.0441,55.58,,,,,,,,,,,
2019-02-18,1.75,100.4,96.441,99.311,98.1,98.69,169.6563,206.7,334.503,338.0441,55.58,,,,,,,,,,,
2019-02-19,1.75,100.4,96.441,99.311,98.1,98.69,169.6563,206.7,334.503,338.0441,56.12,,,,,,,,,,,
2019-02-20,1.75,100.4,96.441,99.311,98.1,98.69,169.6563,206.7,334.503,338.0441,56.9,,,,,,,,,,,
2019-02-21,1.75,100.4,96.441,99.311,98.1,98.69,169.6563,206.7,334.503,338.0441,56.95,,,,,,,,,,,
2019-02-22,1.75,100.4,96.441,99.311,98.1,98.69,169.6563,206.7,334.503,338.0441,57.01,,,,,,,,,,,
2019-02-23,1.75,100.4,96.441,99.311,98.1,98.69,169.6563,206.7,334.503,338.0441,57.01,,,,,,,,,,,
2019-02-24,1.75,100.4,96.441,99.311,98.1,98.69,169.6563,206.7,334.503,338.0441,57.01,,,,,,,,,,,
2019-02-25,1.75,100.4,96.441,99.311,98.1,98.69,169.6563,206.7,334.503,338.0441,55.32,,,,,,,,,,,
2019-02-26,1.75,100.4,96.441,99.311,98.1,98.69,169.6563,206.7,334.503,338.0441,55.4,,,,,,,,,,,
2019-02-27,1.75,100.4,96.441,99.311,98.1,98.69,169.6563,206.7,334.503,338.0441,56.92,,,,,,,,,,,
2019-02-28,1.75,100.4,96.441,99.311,98.1,98.69,169.6563,206.7,334.503,338.0441,57.21,,,,,,,,,,,
2019-03-01,1.75,100.7,95.508,99.121,97.2,98.67,166.3213,207.5,329.2367,337.617,55.76,,,,,,,,,,,
2019-03-02,1.75,100.7,95.508,99.121,97.2,98.67,166.3213,207.5,329.2367,337.617,55.76,,,,,,,,,,,
2019-03-03,1.75,100.7,95.508,99.121,97.2,98.67,166.3213,207.5,329.2367,337.617,55.76,,,,,,,,,,,
2019-03-04,1.75,100.7,95.508,99.121,97.2,98.67,166.3213,207.5,329.2367,337.617,56.6,,,,,,,,,,,
2019-03-05,1.75,100.7,95.508,99.121,97.2,98.67,166.3213,207.5,329.2367,337.617,56.55,,,,,,,,,,,
2019-03-06,1.75,100.7,95.508,99.121,97.2,98.67,166.3213,207.5,329.2367,337.617,56.22,,,,,,,,,,,
2019-03-07,1.75,100.7,95.508,99.121,97.2,98.67,166.3213,207.5,329.2367,337.617,56.6,,,,,,,,,,,
2019-03-08,1.75,100.7,95.508,99.121,97.2,98.67,166.3213,207.5,329.2367,337.617,55.77,,,,,,,,,,,
2019-03-09,1.75,100.7,95.508,99.121,97.2,98.67,166.3213,207.5,329.2367,337.617,55.77,,,,,,,,,,,
2019-03-10,1.75,100.7,95.508,99.121,97.2,98.67,166.3213,207.5,329.2367,337.617,55.77,,,,,,,,,,,
2019-03-11,1.75,100.7,95.508,99.121,97.2,98.67,166.3213,207.5,329.2367,337.617,56.79,,,,,,,,,,,
2019-03-12,1.75,100.7,95.508,99.121,97.2,98.67,166.3213,207.5,329.2367,337.617,56.89,,,,,,,,,,,
2019-03-13,1.75,100.7,95.508,99.121,97.2,98.67,166.3213,207.5,329.2367,337.617,58.27,,,,,,,,,,,
2019-03-14,1.75,100.7,95.508,99.121,97.2,98.67,166.3213,207.5,329.2367,337.617,58.59,,,,,,,,,,,
2019-03-15,1.75,100.7,95.508,99.121,97.2,98.67,166.3213,207.5,329.2367,337.617,58.51,,,,,,,,,,,
2019-03-16,1.75,100.7,95.508,99.121,97.2,98.67,166.3213,207.5,329.2367,337.617,58.51,,,,,,,,,,,
2019-03-17,1.75,100.7,95.508,99.121,97.2,98.67,166.3213,207.5,329.2367,337.617,58.51,,,,,,,,,,,
2019-03-18,1.75,100.7,95.508,99.121,97.2,98.67,166.3213,207.5,329.2367,337.617,59.09,,,,,,,,,,,
2019-03-19,1.75,100.7,95.508,99.121,97.2,98.67,166.3213,207.5,329.2367,337.617,59.12,,,,,,,,,,,
2019-03-20,1.75,100.7,95.508,99.121,97.2,98.67,166.3213,207.5,329.2367,337.617,60.12,,,,,,,,,,,
2019-03-21,1.75,100.7,95.508,99.121,97.2,98.67,166.3213,207.5,329.2367,337.617,59.98,,,,,,,,,,,
2019-03-22,1.75,100.7,95.508,99.121,97.2,98.67,166.3213,207.5,329.2367,337.617,58.87,,,,,,,,,,,
2019-03-23,1.75,100.7,95.508,99.121,97.2,98.67,166.3213,207.5,329.2367,337.617,58.87,,,,,,,,,,,
2019-03-24,1.75,100.7,95.508,99.121,97.2,98.67,166.3213,207.5,329.2367,337.617,58.87,,,,,,,,,,,
2019-03-25,1.75,100.7,95.508,99.121,97.2,98.67,166.3213,207.5,329.2367,337.617,58.71,,,,,,,,,,,
2019-03-26,1.75,100.7,95.508,99.121,97.2,98.67,166.3213,207.5,329.2367,337.617,59.87,,,,,,,,,,,
2019-03-27,1.75,100.7,95.508,99.121,97.2,98.67,166.3213,207.5,329.2367,337.617,59.39,,,,,,,,,,,
2019-03-28,1.75,100.7,95.508,99.121,97.2,98.67,166.3213,207.5,329.2367,337.617,59.29,,,,,,,,,,,
2019-03-29,1.75,100.7,95.508,99.121,97.2,98.67,166.3213,207.5,329.2367,337.617,60.19,,,,,,,,,,,
2019-03-30,1.75,100.7,95.508,99.121,97.2,98.67,166.3213,207.5,329.2367,337.617,60.19,,,,,,,,,,,
2019-03-31,1.75,100.7,95.508,99.121,97.2,98.67,166.3213,207.5,329.2367,337.617,60.19,,,,,,,,,,,
2019-04-01,1.75,102.6,96.318,99.481,98.5,99.13,161.6534,209.1,324.2544,337.0973,61.59,,,,,,,,,,,
2019-04-02,1.75,102.6,96.318,99.481,98.5,99.13,161.6534,209.1,324.2544,337.0973,62.53,,,,,,,,,,,
2019-04-03,1.75,102.6,96.318,99.481,98.5,99.13,161.6534,209.1,324.2544,337.0973,62.46,,,,,,,,,,,
2019-04-04,1.75,102.6,96.318,99.481,98.5,99.13,161.6534,209.1,324.2544,337.0973,62.12,,,,,,,,,,,
2019-04-05,1.75,102.6,96.318,99.481,98.5,99.13,161.6534,209.1,324.2544,337.0973,63.1,,,,,,,,,,,
2019-04-06,1.75,102.6,96.318,99.481,98.5,99.13,161.6534,209.1,324.2544,337.0973,63.1,,,,,,,,,,,
2019-04-07,1.75,102.6,96.318,99.481,98.5,99.13,161.6534,209.1,324.2544,337.0973,63.1,,,,,,,,,,,
2019-04-08,1.75,102.6,96.318,99.481,98.5,99.13,161.6534,209.1,324.2544,337.0973,64.37,,,,,,,,,,,
2019-04-09,1.75,102.6,96.318,99.481,98.5,99.13,161.6534,209.1,324.2544,337.0973,64.05,,,,,,,,,,,
2019-04-10,1.75,102.6,96.318,99.481,98.5,99.13,161.6534,209.1,324.2544,337.0973,64.62,,,,,,,,,,,
2019-04-11,1.75,102.6,96.318,99.481,98.5,99.13,161.6534,209.1,324.2544,337.0973,63.61,,,,,,,,,,,
2019-04-12,1.75,102.6,96.318,99.481,98.5,99.13,161.6534,209.1,324.2544,337.0973,63.86,,,,,,,,,,,
2019-04-13,1.75,102.6,96.318,99.481,98.5,99.13,161.6534,209.1,324.2544,337.0973,63.86,,,,,,,,,,,
2019-04-14,1.75,102.6,96.318,99.481,98.5,99.13,161.6534,209.1,324.2544,337.0973,63.86,,,,,,,,,,,
2019-04-15,1.75,102.6,96.318,99.481,98.5,99.13,161.6534,209.1,324.2544,337.0973,63.43,,,,,,,,,,,
2019-04-16,1.75,102.6,96.318,99.481,98.5,99.13,161.6534,209.1,324.2544,337.0973,64.01,,,,,,,,,,,
2019-04-17,1.75,102.6,96.318,99.481,98.5,99.13,161.6534,209.1,324.2544,337.0973,63.74,,,,,,,,,,,
2019-04-18,1.75,102.6,96.318,99.481,98.5,99.13,161.6534,209.1,324.2544,337.0973,64.02,,,,,,,,,,,
2019-04-19,1.75,102.6,96.318,99.481,98.5,99.13,161.6534,209.1,324.2544,337.0973,64.02,,,,,,,,,,,
2019-04-20,1.75,102.6,96.318,99.481,98.5,99.13,161.6534,209.1,324.2544,337.0973,64.02,,,,,,,,,,,
2019-04-21,1.75,102.6,96.318,99.481,98.5,99.13,161.6534,209.1,324.2544,337.0973,64.02,,,,,,,,,,,
2019-04-22,1.75,102.6,96.318,99.481,98.5,99.13,161.6534,209.1,324.2544,337.0973,65.66,,,,,,,,,,,
2019-04-23,1.75,102.6,96.318,99.481,98.5,99.13,161.6534,209.1,324.2544,337.0973,66.24,,,,,,,,,,,
2019-04-24,1.75,102.6,96.318,99.481,98.5,99.13,161.6534,209.1,324.2544,337.0973,65.96,,,,,,,,,,,
2019-04-25,1.75,102.6,96.318,99.481,98.5,99.13,161.6534,209.1,324.2544,337.0973,65.23,,,,,,,,,,,
2019-04-26,1.75,102.6,96.318,99.481,98.5,99.13,161.6534,209.1,324.2544,337.0973,63.29,,,,,,,,,,,
2019-04-27,1.75,102.6,96.318,99.481,98.5,99.13,161.6534,209.1,324.2544,337.0973,63.29,,,,,,,,,,,
2019-04-28,1.75,102.6,96.318,99.481,98.5,99.13,161.6534,209.1,324.2544,337.0973,63.29,,,,,,,,,,,
2019-04-29,1.75,102.6,96.318,99.481,98.5,99.13,161.6534,209.1,324.2544,337.0973,63.39,,,,,,,,,,,
2019-04-30,1.75,102.6,96.318,99.481,98.5,99.13,161.6534,209.1,324.2544,337.0973,63.83,,,,,,,,,,,
2019-05-01,1.75,98.7,95.816,99.652,94.8,99.19,171.1802,209.6,305.3109,328.8595,63.55,,,,,,,,,,,
2019-05-02,1.75,98.7,95.816,99.652,94.8,99.19,171.1802,209.6,305.3109,328.8595,61.75,,,,,,,,,,,
2019-05-03,1.75,98.7,95.816,99.652,94.8,99.19,171.1802,209.6,305.3109,328.8595,61.98,,,,,,,,,,,
2019-05-04,1.75,98.7,95.816,99.652,94.8,99.19,171.1802,209.6,305.3109,328.8595,61.98,,,,,,,,,,,
2019-05-05,1.75,98.7,95.816,99.652,94.8,99.19,171.1802,209.6,305.3109,328.8595,61.98,,,,,,,,,,,
2019-05-06,1.75,98.7,95.816,99.652,94.8,99.19,171.1802,209.6,305.3109,328.8595,62.3,,,,,,,,,,,
2019-05-07,1.75,98.7,95.816,99.652,94.8,99.19,171.1802,209.6,305.3109,328.8595,61.41,,,,,,,,,,,
2019-05-08,1.75,98.7,95.816,99.652,94.8,99.19,171.1802,209.6,305.3109,328.8595,62.13,,,,,,,,,,,
2019-05-09,1.75,98.7,95.816,99.652,94.8,99.19,171.1802,209.6,305.3109,328.8595,61.58,,,,,,,,,,,
2019-05-10,1.75,98.7,95.816,99.652,94.8,99.19,171.1802,209.6,305.3109,328.8595,61.65,,,,,,,,,,,
2019-05-11,1.75,98.7,95.816,99.652,94.8,99.19,171.1802,209.6,305.3109,328.8595,61.65,,,,,,,,,,,
2019-05-12,1.75,98.7,95.816,99.652,94.8,99.19,171.1802,209.6,305.3109,328.8595,61.65,,,,,,,,,,,
2019-05-13,1.75,98.7,95.816,99.652,94.8,99.19,171.1802,209.6,305.3109,328.8595,60.97,,,,,,,,,,,
2019-05-14,1.75,98.7,95.816,99.652,94.8,99.19,171.1802,209.6,305.3109,328.8595,61.82,,,,,,,,,,,
2019-05-15,1.75,98.7,95.816,99.652,94.8,99.19,171.1802,209.6,305.3109,328.8595,62.03,,,,,,,,,,,
2019-05-16,1.75,98.7,95.816,99.652,94.8,99.19,171.1802,209.6,305.3109,328.8595,62.93,,,,,,,,,,,
2019-05-17,1.75,98.7,95.816,99.652,94.8,99.19,171.1802,209.6,305.3109,328.8595,62.77,,,,,,,,,,,
2019-05-18,1.75,98.7,95.816,99.652,94.8,99.19,171.1802,209.6,305.3109,328.8595,62.77,,,,,,,,,,,
2019-05-19,1.75,98.7,95.816,99.652,94.8,99.19,171.1802,209.6,305.3109,328.8595,62.77,,,,,,,,,,,
2019-05-20,1.75,98.7,95.816,99.652,94.8,99.19,171.1802,209.6,305.3109,328.8595,63.12,,,,,,,,,,,
2019-05-21,1.75,98.7,95.816,99.652,94.8,99.19,171.1802,209.6,305.3109,328.8595,63.02,,,,,,,,,,,
2019-05-22,1.75,98.7,95.816,99.652,94.8,99.19,171.1802,209.6,305.3109,328.8595,61.42,,,,,,,,,,,
2019-05-23,1.75,98.7,95.816,99.652,94.8,99.19,171.1802,209.6,305.3109,328.8595,57.65,,,,,,,,,,,
2019-05-24,1.75,98.7,95.816,99.652,94.8,99.19,171.1802,209.6,305.3109,328.8595,58.4,,,,,,,,,,,
2019-05-25,1.75,98.7,95.816,99.652,94.8,99.19,171.1802,209.6,305.3109,328.8595,58.4,,,,,,,,,,,
2019-05-26,1.75,98.7,95.816,99.652,94.8,99.19,171.1802,209.6,305.3109,328.8595,58.4,,,,,,,,,,,
2019-05-27,1.75,98.7,95.816,99.652,94.8,99.19,171.1802,209.6,305.3109,328.8595,58.4,,,,,,,,,,,
2019-05-28,1.75,98.7,95.816,99.652,94.8,99.19,171.1802,209.6,305.3109,328.8595,58.91,,,,,,,,,,,
2019-05-29,1.75,98.7,95.816,99.652,94.8,99.19,171.1802,209.6,305.3109,328.8595,58.84,,,,,,,,,,,
2019-05-30,1.75,98.7,95.816,99.652,94.8,99.19,171.1802,209.6,305.3109,328.8595,56.47,,,,,,,,,,,
2019-05-31,1.75,98.7,95.816,99.652,94.8,99.19,171.1802,209.6,305.3109,328.8595,53.49,,,,,,,,,,,
2019-06-01,1.75,98.4,94.768,99.491,95.4,99.24,195.1679,209.7,326.6147,350.1878,53.49,,,,,,,,,,,
2019-06-02,1.75,98.4,94.768,99.491,95.4,99.24,195.1679,209.7,326.6147,350.1878,53.49,,,,,,,,,,,
2019-06-03,1.75,98.4,94.768,99.491,95.4,99.24,195.1679,209.7,326.6147,350.1878,53.25,,,,,,,,,,,
2019-06-04,1.75,98.4,94.768,99.491,95.4,99.24,195.1679,209.7,326.6147,350.1878,53.5,,,,,,,,,,,
2019-06-05,1.75,98.4,94.768,99.491,95.4,99.24,195.1679,209.7,326.6147,350.1878,51.57,,,,,,,,,,,
2019-06-06,1.75,98.4,94.768,99.491,95.4,99.24,195.1679,209.7,326.6147,350.1878,52.59,,,,,,,,,,,
2019-06-07,1.75,98.4,94.768,99.491,95.4,99.24,195.1679,209.7,326.6147,350.1878,53.95,,,,,,,,,,,
2019-06-08,1.75,98.4,94.768,99.491,95.4,99.24,195.1679,209.7,326.6147,350.1878,53.95,,,,,,,,,,,
2019-06-09,1.75,98.4,94.768,99.491,95.4,99.24,195.1679,209.7,326.6147,350.1878,53.95,,,,,,,,,,,
2019-06-10,1.75,98.4,94.768,99.491,95.4,99.24,195.1679,209.7,326.6147,350.1878,53.33,,,,,,,,,,,
2019-06-11,1.75,98.4,94.768,99.491,95.4,99.24,195.1679,209.7,326.6147,350.1878,53.3,,,,,,,,,,,
2019-06-12,1.75,98.4,94.768,99.491,95.4,99.24,195.1679,209.7,326.6147,350.1878,51.13,,,,,,,,,,,
2019-06-13,1.75,98.4,94.768,99.491,95.4,99.24,195.1679,209.7,326.6147,350.1878,52.38,,,,,,,,,,,
2019-06-14,1.75,98.4,94.768,99.491,95.4,99.24,195.1679,209.7,326.6147,350.1878,52.47,,,,,,,,,,,
2019-06-15,1.75,98.4,94.768,99.491,95.4,99.24,195.1679,209.7,326.6147,350.1878,52.47,,,,,,,,,,,
2019-06-16,1.75,98.4,94.768,99.491,95.4,99.24,195.1679,209.7,326.6147,350.1878,52.47,,,,,,,,,,,
2019-06-17,1.75,98.4,94.768,99.491,95.4,99.24,195.1679,209.7,326.6147,350.1878,51.94,,,,,,,,,,,
2019-06-18,1.75,98.4,94.768,99.491,95.4,99.24,195.1679,209.7,326.6147,350.1878,53.86,,,,,,,,,,,
2019-06-19,1.75,98.4,94.768,99.491,95.4,99.24,195.1679,209.7,326.6147,350.1878,53.74,,,,,,,,,,,
2019-06-20,1.75,98.4,94.768,99.491,95.4,99.24,195.1679,209.7,326.6147,350.1878,56.88,,,,,,,,,,,
2019-06-21,1.75,98.4,94.768,99.491,95.4,99.24,195.1679,209.7,326.6147,350.1878,57.35,,,,,,,,,,,
2019-06-22,1.75,98.4,94.768,99.491,95.4,99.24,195.1679,209.7,326.6147,350.1878,57.35,,,,,,,,,,,
2019-06-23,1.75,98.4,94.768,99.491,95.4,99.24,195.1679,209.7,326.6147,350.1878,57.35,,,,,,,,,,,
2019-06-24,1.75,98.4,94.768,99.491,95.4,99.24,195.1679,209.7,326.6147,350.1878,57.73,,,,,,,,,,,
2019-06-25,1.75,98.4,94.768,99.491,95.4,99.24,195.1679,209.7,326.6147,350.1878,57.63,,,,,,,,,,,
2019-06-26,1.75,98.4,94.768,99.491,95.4,99.24,195.1679,209.7,326.6147,350.1878,59.17,,,,,,,,,,,
2019-06-27,1.75,98.4,94.768,99.491,95.4,99.24,195.1679,209.7,326.6147,350.1878,59.18,,,,,,,,,,,
2019-06-28,1.75,98.4,94.768,99.491,95.4,99.24,195.1679,209.7,326.6147,350.1878,58.2,,,,,,,,,,,
2019-06-29,1.75,98.4,94.768,99.491,95.4,99.24,195.1679,209.7,326.6147,350.1878,58.2,,,,,,,,,,,
2019-06-30,1.75,98.4,94.768,99.491,95.4,99.24,195.1679,209.7,326.6147,350.1878,58.2,,,,,,,,,,,
2019-07-01,1.5,96.7,93.923,99.187,92.6,99.16,189.4864,209.5,325.4698,337.7432,58.91,,,,,,,,,,,
2019-07-02,1.5,96.7,93.923,99.187,92.6,99.16,189.4864,209.5,325.4698,337.7432,56.0,,,,,,,,,,,
2019-07-03,1.5,96.7,93.923,99.187,92.6,99.16,189.4864,209.5,325.4698,337.7432,57.06,,,,,,,,,,,
2019-07-04,1.5,96.7,93.923,99.187,92.6,99.16,189.4864,209.5,325.4698,337.7432,57.06,,,,,,,,,,,
2019-07-05,1.5,96.7,93.923,99.187,92.6,99.16,189.4864,209.5,325.4698,337.7432,57.06,,,,,,,,,,,
2019-07-06,1.5,96.7,93.923,99.187,92.6,99.16,189.4864,209.5,325.4698,337.7432,57.06,,,,,,,,,,,
2019-07-07,1.5,96.7,93.923,99.187,92.6,99.16,189.4864,209.5,325.4698,337.7432,57.06,,,,,,,,,,,
2019-07-08,1.5,96.7,93.923,99.187,92.6,99.16,189.4864,209.5,325.4698,337.7432,57.35,,,,,,,,,,,
2019-07-09,1.5,96.7,93.923,99.187,92.6,99.16,189.4864,209.5,325.4698,337.7432,57.57,,,,,,,,,,,
2019-07-10,1.5,96.7,93.923,99.187,92.6,99.16,189.4864,209.5,325.4698,337.7432,60.28,,,,,,,,,,,
2019-07-11,1.5,96.7,93.923,99.187,92.6,99.16,189.4864,209.5,325.4698,337.7432,59.93,,,,,,,,,,,
2019-07-12,1.5,96.7,93.923,99.187,92.6,99.16,189.4864,209.5,325.4698,337.7432,59.99,,,,,,,,,,,
2019-07-13,1.5,96.7,93.923,99.187,92.6,99.16,189.4864,209.5,325.4698,337.7432,59.99,,,,,,,,,,,
2019-07-14,1.5,96.7,93.923,99.187,92.6,99.16,189.4864,209.5,325.4698,337.7432,59.99,,,,,,,,,,,
2019-07-15,1.5,96.7,93.923,99.187,92.6,99.16,189.4864,209.5,325.4698,337.7432,59.3,,,,,,,,,,,
2019-07-16,1.5,96.7,93.923,99.187,92.6,99.16,189.4864,209.5,325.4698,337.7432,57.44,,,,,,,,,,,
2019-07-17,1.5,96.7,93.923,99.187,92.6,99.16,189.4864,209.5,325.4698,337.7432,56.5,,,,,,,,,,,
2019-07-18,1.5,96.7,93.923,99.187,92.6,99.16,189.4864,209.5,325.4698,337.7432,55.08,,,,,,,,,,,
2019-07-19,1.5,96.7,93.923,99.187,92.6,99.16,189.4864,209.5,325.4698,337.7432,55.42,,,,,,,,,,,
2019-07-20,1.5,96.7,93.923,99.187,92.6,99.16,189.4864,209.5,325.4698,337.7432,55.42,,,,,,,,,,,
2019-07-21,1.5,96.7,93.923,99.187,92.6,99.16,189.4864,209.5,325.4698,337.7432,55.42,,,,,,,,,,,
2019-07-22,1.5,96.7,93.923,99.187,92.6,99.16,189.4864,209.5,325.4698,337.7432,55.87,,,,,,,,,,,
2019-07-23,1.5,96.7,93.923,99.187,92.6,99.16,189.4864,209.5,325.4698,337.7432,56.58,,,,,,,,,,,
2019-07-24,1.5,96.7,93.923,99.187,92.6,99.16,189.4864,209.5,325.4698,337.7432,55.9,,,,,,,,,,,
2019-07-25,1.5,96.7,93.923,99.187,92.6,99.16,189.4864,209.5,325.4698,337.7432,55.88,,,,,,,,,,,
2019-07-26,1.5,96.7,93.923,99.187,92.6,99.16,189.4864,209.5,325.4698,337.7432,56.04,,,,,,,,,,,
2019-07-27,1.5,96.7,93.923,99.187,92.6,99.16,189.4864,209.5,325.4698,337.7432,56.04,,,,,,,,,,,
2019-07-28,1.5,96.7,93.923,99.187,92.6,99.16,189.4864,209.5,325.4698,337.7432,56.04,,,,,,,,,,,
2019-07-29,1.5,96.7,93.923,99.187,92.6,99.16,189.4864,209.5,325.4698,337.7432,56.85,,,,,,,,,,,
2019-07-30,1.5,96.7,93.923,99.187,92.6,99.16,189.4864,209.5,325.4698,337.7432,58.04,,,,,,,,,,,
2019-07-31,1.5,96.7,93.923,99.187,92.6,99.16,189.4864,209.5,325.4698,337.7432,58.53,,,,,,,,,,,
2019-08-01,1.5,93.1,94.821,99.425,91.8,99.36,163.6286,209.5,314.6263,323.358,53.64,,,,,,,,,,,
2019-08-02,1.5,93.1,94.821,99.425,91.8,99.36,163.6286,209.5,314.6263,323.358,55.67,,,,,,,,,,,
2019-08-03,1.5,93.1,94.821,99.425,91.8,99.36,163.6286,209.5,314.6263,323.358,55.67,,,,,,,,,,,
2019-08-04,1.5,93.1,94.821,99.425,91.8,99.36,163.6286,209.5,314.6263,323.358,55.67,,,,,,,,,,,
2019-08-05,1.5,93.1,94.821,99.425,91.8,99.36,163.6286,209.5,314.6263,323.358,54.63,,,,,,,,,,,
2019-08-06,1.5,93.1,94.821,99.425,91.8,99.36,163.6286,209.5,314.6263,323.358,53.6,,,,,,,,,,,
2019-08-07,1.5,93.1,94.821,99.425,91.8,99.36,163.6286,209.5,314.6263,323.358,51.14,,,,,,,,,,,
2019-08-08,1.5,93.1,94.821,99.425,91.8,99.36,163.6286,209.5,314.6263,323.358,52.6,,,,,,,,,,,
2019-08-09,1.5,93.1,94.821,99.425,91.8,99.36,163.6286,209.5,314.6263,323.358,54.41,,,,,,,,,,,
2019-08-10,1.5,93.1,94.821,99.425,91.8,99.36,163.6286,209.5,314.6263,323.358,54.41,,,,,,,,,,,
2019-08-11,1.5,93.1,94.821,99.425,91.8,99.36,163.6286,209.5,314.6263,323.358,54.41,,,,,,,,,,,
2019-08-12,1.5,93.1,94.821,99.425,91.8,99.36,163.6286,209.5,314.6263,323.358,54.98,,,,,,,,,,,
2019-08-13,1.5,93.1,94.821,99.425,91.8,99.36,163.6286,209.5,314.6263,323.358,57.05,,,,,,,,,,,
2019-08-14,1.5,93.1,94.821,99.425,91.8,99.36,163.6286,209.5,314.6263,323.358,55.16,,,,,,,,,,,
2019-08-15,1.5,93.1,94.821,99.425,91.8,99.36,163.6286,209.5,314.6263,323.358,54.51,,,,,,,,,,,
2019-08-16,1.5,93.1,94.821,99.425,91.8,99.36,163.6286,209.5,314.6263,323.358,54.83,,,,,,,,,,,
2019-08-17,1.5,93.1,94.821,99.425,91.8,99.36,163.6286,209.5,314.6263,323.358,54.83,,,,,,,,,,,
2019-08-18,1.5,93.1,94.821,99.425,91.8,99.36,163.6286,209.5,314.6263,323.358,54.83,,,,,,,,,,,
2019-08-19,1.5,93.1,94.821,99.425,91.8,99.36,163.6286,209.5,314.6263,323.358,56.24,,,,,,,,,,,
2019-08-20,1.5,93.1,94.821,99.425,91.8,99.36,163.6286,209.5,314.6263,323.358,56.18,,,,,,,,,,,
2019-08-21,1.5,93.1,94.821,99.425,91.8,99.36,163.6286,209.5,314.6263,323.358,55.65,,,,,,,,,,,
2019-08-22,1.5,93.1,94.821,99.425,91.8,99.36,163.6286,209.5,314.6263,323.358,55.33,,,,,,,,,,,
2019-08-23,1.5,93.1,94.821,99.425,91.8,99.36,163.6286,209.5,314.6263,323.358,54.08,,,,,,,,,,,
2019-08-24,1.5,93.1,94.821,99.425,91.8,99.36,163.6286,209.5,314.6263,323.358,54.08,,,,,,,,,,,
2019-08-25,1.5,93.1,94.821,99.425,91.8,99.36,163.6286,209.5,314.6263,323.358,54.08,,,,,,,,,,,
2019-08-26,1.5,93.1,94.821,99.425,91.8,99.36,163.6286,209.5,314.6263,323.358,53.54,,,,,,,,,,,
2019-08-27,1.5,93.1,94.821,99.425,91.8,99.36,163.6286,209.5,314.6263,323.358,54.99,,,,,,,,,,,
2019-08-28,1.5,93.1,94.821,99.425,91.8,99.36,163.6286,209.5,314.6263,323.358,55.76,,,,,,,,,,,
2019-08-29,1.5,93.1,94.821,99.425,91.8,99.36,163.6286,209.5,314.6263,323.358,56.67,,,,,,,,,,,
2019-08-30,1.5,93.1,94.821,99.425,91.8,99.36,163.6286,209.5,314.6263,323.358,55.07,,,,,,,,,,,
2019-08-31,1.5,93.1,94.821,99.425,91.8,99.36,163.6286,209.5,314.6263,323.358,55.07,,,,,,,,,,,
2019-09-01,1.5,97.8,97.304,99.794,94.8,99.44,157.3744,209.9,322.4535,322.167,55.07,,,,,,,,,,,
2019-09-02,1.5,97.8,97.304,99.794,94.8,99.44,157.3744,209.9,322.4535,322.167,55.07,,,,,,,,,,,
2019-09-03,1.5,97.8,97.304,99.794,94.8,99.44,157.3744,209.9,322.4535,322.167,53.91,,,,,,,,,,,
2019-09-04,1.5,97.8,97.304,99.794,94.8,99.44,157.3744,209.9,322.4535,322.167,56.22,,,,,,,,,,,
2019-09-05,1.5,97.8,97.304,99.794,94.8,99.44,157.3744,209.9,322.4535,322.167,56.33,,,,,,,,,,,
2019-09-06,1.5,97.8,97.304,99.794,94.8,99.44,157.3744,209.9,322.4535,322.167,56.45,,,,,,,,,,,
2019-09-07,1.5,97.8,97.304,99.794,94.8,99.44,157.3744,209.9,322.4535,322.167,56.45,,,,,,,,,,,
2019-09-08,1.5,97.8,97.304,99.794,94.8,99.44,157.3744,209.9,322.4535,322.167,56.45,,,,,,,,,,,
2019-09-09,1.5,97.8,97.304,99.794,94.8,99.44,157.3744,209.9,322.4535,322.167,57.88,,,,,,,,,,,
2019-09-10,1.5,97.8,97.304,99.794,94.8,99.44,157.3744,209.9,322.4535,322.167,57.37,,,,,,,,,,,
2019-09-11,1.5,97.8,97.304,99.794,94.8,99.44,157.3744,209.9,322.4535,322.167,55.66,,,,,,,,,,,
2019-09-12,1.5,97.8,97.304,99.794,94.8,99.44,157.3744,209.9,322.4535,322.167,55.13,,,,,,,,,,,
2019-09-13,1.5,97.8,97.304,99.794,94.8,99.44,157.3744,209.9,322.4535,322.167,54.76,,,,,,,,,,,
2019-09-14,1.5,97.8,97.304,99.794,94.8,99.44,157.3744,209.9,322.4535,322.167,54.76,,,,,,,,,,,
2019-09-15,1.5,97.8,97.304,99.794,94.8,99.44,157.3744,209.9,322.4535,322.167,54.76,,,,,,,,,,,
2019-09-16,1.5,97.8,97.304,99.794,94.8,99.44,157.3744,209.9,322.4535,322.167,63.1,,,,,,,,,,,
2019-09-17,1.5,97.8,97.304,99.794,94.8,99.44,157.3744,209.9,322.4535,322.167,59.26,,,,,,,,,,,
2019-09-18,1.5,97.8,97.304,99.794,94.8,99.44,157.3744,209.9,322.4535,322.167,58.19,,,,,,,,,,,
2019-09-19,1.5,97.8,97.304,99.794,94.8,99.44,157.3744,209.9,322.4535,322.167,58.19,,,,,,,,,,,
2019-09-20,1.5,97.8,97.304,99.794,94.8,99.44,157.3744,209.9,322.4535,322.167,57.92,,,,,,,,,,,
2019-09-21,1.5,97.8,97.304,99.794,94.8,99.44,157.3744,209.9,322.4535,322.167,57.92,,,,,,,,,,,
2019-09-22,1.5,97.8,97.304,99.794,94.8,99.44,157.3744,209.9,322.4535,322.167,57.92,,,,,,,,,,,
2019-09-23,1.5,97.8,97.304,99.794,94.8,99.44,157.3744,209.9,322.4535,322.167,58.69,,,,,,,,,,,
2019-09-24,1.5,97.8,97.304,99.794,94.8,99.44,157.3744,209.9,322.4535,322.167,57.22,,,,,,,,,,,
2019-09-25,1.5,97.8,97.304,99.794,94.8,99.44,157.3744,209.9,322.4535,322.167,56.38,,,,,,,,,,,
2019-09-26,1.5,97.8,97.304,99.794,94.8,99.44,157.3744,209.9,322.4535,322.167,56.24,,,,,,,,,,,
2019-09-27,1.5,97.8,97.304,99.794,94.8,99.44,157.3744,209.9,322.4535,322.167,55.95,,,,,,,,,,,
2019-09-28,1.5,97.8,97.304,99.794,94.8,99.44,157.3744,209.9,322.4535,322.167,55.95,,,,,,,,,,,
2019-09-29,1.5,97.8,97.304,99.794,94.8,99.44,157.3744,209.9,322.4535,322.167,55.95,,,,,,,,,,,
2019-09-30,1.5,97.8,97.304,99.794,94.8,99.44,157.3744,209.9,322.4535,322.167,54.09,,,,,,,,,,,
2019-10-01,1.25,99.5,97.497,100.041,93.8,99.33,167.2978,209.7,339.8712,335.3375,53.6,,,,,,,,,,,
2019-10-02,1.25,99.5,97.497,100.041,93.8,99.33,167.2978,209.7,339.8712,335.3375,52.67,,,,,,,,,,,
2019-10-03,1.25,99.5,97.497,100.041,93.8,99.33,167.2978,209.7,339.8712,335.3375,52.41,,,,,,,,,,,
2019-10-04,1.25,99.5,97.497,100.041,93.8,99.33,167.2978,209.7,339.8712,335.3375,52.84,,,,,,,,,,,
2019-10-05,1.25,99.5,97.497,100.041,93.8,99.33,167.2978,209.7,339.8712,335.3375,52.84,,,,,,,,,,,
2019-10-06,1.25,99.5,97.497,100.041,93.8,99.33,167.2978,209.7,339.8712,335.3375,52.84,,,,,,,,,,,
2019-10-07,1.25,99.5,97.497,100.041,93.8,99.33,167.2978,209.7,339.8712,335.3375,52.76,,,,,,,,,,,
2019-10-08,1.25,99.5,97.497,100.041,93.8,99.33,167.2978,209.7,339.8712,335.3375,52.64,,,,,,,,,,,
2019-10-09,1.25,99.5,97.497,100.041,93.8,99.33,167.2978,209.7,339.8712,335.3375,52.63,,,,,,,,,,,
2019-10-10,1.25,99.5,97.497,100.041,93.8,99.33,167.2978,209.7,339.8712,335.3375,53.57,,,,,,,,,,,
2019-10-11,1.25,99.5,97.497,100.041,93.8,99.33,167.2978,209.7,339.8712,335.3375,54.76,,,,,,,,,,,
2019-10-12,1.25,99.5,97.497,100.041,93.8,99.33,167.2978,209.7,339.8712,335.3375,54.76,,,,,,,,,,,
2019-10-13,1.25,99.5,97.497,100.041,93.8,99.33,167.2978,209.7,339.8712,335.3375,54.76,,,,,,,,,,,
2019-10-14,1.25,99.5,97.497,100.041,93.8,99.33,167.2978,209.7,339.8712,335.3375,53.57,,,,,,,,,,,
2019-10-15,1.25,99.5,97.497,100.041,93.8,99.33,167.2978,209.7,339.8712,335.3375,52.81,,,,,,,,,,,
2019-10-16,1.25,99.5,97.497,100.041,93.8,99.33,167.2978,209.7,339.8712,335.3375,53.42,,,,,,,,,,,
2019-10-17,1.25,99.5,97.497,100.041,93.8,99.33,167.2978,209.7,339.8712,335.3375,53.89,,,,,,,,,,,
2019-10-18,1.25,99.5,97.497,100.041,93.8,99.33,167.2978,209.7,339.8712,335.3375,53.75,,,,,,,,,,,
2019-10-19,1.25,99.5,97.497,100.041,93.8,99.33,167.2978,209.7,339.8712,335.3375,53.75,,,,,,,,,,,
2019-10-20,1.25,99.5,97.497,100.041,93.8,99.33,167.2978,209.7,339.8712,335.3375,53.75,,,,,,,,,,,
2019-10-21,1.25,99.5,97.497,100.041,93.8,99.33,167.2978,209.7,339.8712,335.3375,53.28,,,,,,,,,,,
2019-10-22,1.25,99.5,97.497,100.041,93.8,99.33,167.2978,209.7,339.8712,335.3375,54.21,,,,,,,,,,,
2019-10-23,1.25,99.5,97.497,100.041,93.8,99.33,167.2978,209.7,339.8712,335.3375,55.9,,,,,,,,,,,
2019-10-24,1.25,99.5,97.497,100.041,93.8,99.33,167.2978,209.7,339.8712,335.3375,56.11,,,,,,,,,,,
2019-10-25,1.25,99.5,97.497,100.041,93.8,99.33,167.2978,209.7,339.8712,335.3375,56.52,,,,,,,,,,,
2019-10-26,1.25,99.5,97.497,100.041,93.8,99.33,167.2978,209.7,339.8712,335.3375,56.52,,,,,,,,,,,
2019-10-27,1.25,99.5,97.497,100.041,93.8,99.33,167.2978,209.7,339.8712,335.3375,56.52,,,,,,,,,,,
2019-10-28,1.25,99.5,97.497,100.041,93.8,99.33,167.2978,209.7,339.8712,335.3375,55.6,,,,,,,,,,,
2019-10-29,1.25,99.5,97.497,100.041,93.8,99.33,167.2978,209.7,339.8712,335.3375,55.34,,,,,,,,,,,
2019-10-30,1.25,99.5,97.497,100.041,93.8,99.33,167.2978,209.7,339.8712,335.3375,54.85,,,,,,,,,,,
2019-10-31,1.25,99.5,97.497,100.041,93.8,99.33,167.2978,209.7,339.8712,335.3375,54.02,,,,,,,,,,,
2019-11-01,1.25,101.9,94.988,99.481,95.1,99.29,166.3618,211.1,332.9576,331.5918,56.04,,,,,,,,,,,
2019-11-02,1.25,101.9,94.988,99.481,95.1,99.29,166.3618,211.1,332.9576,331.5918,56.04,,,,,,,,,,,
2019-11-03,1.25,101.9,94.988,99.481,95.1,99.29,166.3618,211.1,332.9576,331.5918,56.04,,,,,,,,,,,
2019-11-04,1.25,101.9,94.988,99.481,95.1,99.29,166.3618,211.1,332.9576,331.5918,56.33,,,,,,,,,,,
2019-11-05,1.25,101.9,94.988,99.481,95.1,99.29,166.3618,211.1,332.9576,331.5918,57.04,,,,,,,,,,,
2019-11-06,1.25,101.9,94.988,99.481,95.1,99.29,166.3618,211.1,332.9576,331.5918,56.15,,,,,,,,,,,
2019-11-07,1.25,101.9,94.988,99.481,95.1,99.29,166.3618,211.1,332.9576,331.5918,56.91,,,,,,,,,,,
2019-11-08,1.25,101.9,94.988,99.481,95.1,99.29,166.3618,211.1,332.9576,331.5918,57.02,,,,,,,,,,,
2019-11-09,1.25,101.9,94.988,99.481,95.1,99.29,166.3618,211.1,332.9576,331.5918,57.02,,,,,,,,,,,
2019-11-10,1.25,101.9,94.988,99.481,95.1,99.29,166.3618,211.1,332.9576,331.5918,57.02,,,,,,,,,,,
2019-11-11,1.25,101.9,94.988,99.481,95.1,99.29,166.3618,211.1,332.9576,331.5918,57.02,,,,,,,,,,,
2019-11-12,1.25,101.9,94.988,99.481,95.1,99.29,166.3618,211.1,332.9576,331.5918,56.67,,,,,,,,,,,
2019-11-13,1.25,101.9,94.988,99.481,95.1,99.29,166.3618,211.1,332.9576,331.5918,56.88,,,,,,,,,,,
2019-11-14,1.25,101.9,94.988,99.481,95.1,99.29,166.3618,211.1,332.9576,331.5918,56.57,,,,,,,,,,,
2019-11-15,1.25,101.9,94.988,99.481,95.1,99.29,166.3618,211.1,332.9576,331.5918,57.54,,,,,,,,,,,
2019-11-16,1.25,101.9,94.988,99.481,95.1,99.29,166.3618,211.1,332.9576,331.5918,57.54,,,,,,,,,,,
2019-11-17,1.25,101.9,94.988,99.481,95.1,99.29,166.3618,211.1,332.9576,331.5918,57.54,,,,,,,,,,,
2019-11-18,1.25,101.9,94.988,99.481,95.1,99.29,166.3618,211.1,332.9576,331.5918,56.82,,,,,,,,,,,
2019-11-19,1.25,101.9,94.988,99.481,95.1,99.29,166.3618,211.1,332.9576,331.5918,54.93,,,,,,,,,,,
2019-11-20,1.25,101.9,94.988,99.481,95.1,99.29,166.3618,211.1,332.9576,331.5918,56.71,,,,,,,,,,,
2019-11-21,1.25,101.9,94.988,99.481,95.1,99.29,166.3618,211.1,332.9576,331.5918,58.36,,,,,,,,,,,
2019-11-22,1.25,101.9,94.988,99.481,95.1,99.29,166.3618,211.1,332.9576,331.5918,57.68,,,,,,,,,,,
2019-11-23,1.25,101.9,94.988,99.481,95.1,99.29,166.3618,211.1,332.9576,331.5918,57.68,,,,,,,,,,,
2019-11-24,1.25,101.9,94.988,99.481,95.1,99.29,166.3618,211.1,332.9576,331.5918,57.68,,,,,,,,,,,
2019-11-25,1.25,101.9,94.988,99.481,95.1,99.29,166.3618,211.1,332.9576,331.5918,57.79,,,,,,,,,,,
2019-11-26,1.25,101.9,94.988,99.481,95.1,99.29,166.3618,211.1,332.9576,331.5918,58.25,,,,,,,,,,,
2019-11-27,1.25,101.9,94.988,99.481,95.1,99.29,166.3618,211.1,332.9576,331.5918,58.12,,,,,,,,,,,
2019-11-28,1.25,101.9,94.988,99.481,95.1,99.29,166.3618,211.1,332.9576,331.5918,58.12,,,,,,,,,,,
2019-11-29,1.25,101.9,94.988,99.481,95.1,99.29,166.3618,211.1,332.9576,331.5918,58.12,,,,,,,,,,,
2019-11-30,1.25,101.9,94.988,99.481,95.1,99.29,166.3618,211.1,332.9576,331.5918,58.12,,,,,,,,,,,
2019-12-01,1.25,101.4,95.974,99.719,95.7,99.31,167.059,211.1,334.9494,327.9954,58.12,,,,,,,,,,,
2019-12-02,1.25,101.4,95.974,99.719,95.7,99.31,167.059,211.1,334.9494,327.9954,55.97,,,,,,,,,,,
2019-12-03,1.25,101.4,95.974,99.719,95.7,99.31,167.059,211.1,334.9494,327.9954,56.15,,,,,,,,,,,
2019-12-04,1.25,101.4,95.974,99.719,95.7,99.31,167.059,211.1,334.9494,327.9954,58.46,,,,,,,,,,,
2019-12-05,1.25,101.4,95.974,99.719,95.7,99.31,167.059,211.1,334.9494,327.9954,58.42,,,,,,,,,,,
2019-12-06,1.25,101.4,95.974,99.719,95.7,99.31,167.059,211.1,334.9494,327.9954,59.2,,,,,,,,,,,
2019-12-07,1.25,101.4,95.974,99.719,95.7,99.31,167.059,211.1,334.9494,327.9954,59.2,,,,,,,,,,,
2019-12-08,1.25,101.4,95.974,99.719,95.7,99.31,167.059,211.1,334.9494,327.9954,59.2,,,,,,,,,,,
2019-12-09,1.25,101.4,95.974,99.719,95.7,99.31,167.059,211.1,334.9494,327.9954,58.99,,,,,,,,,,,
2019-12-10,1.25,101.4,95.974,99.719,95.7,99.31,167.059,211.1,334.9494,327.9954,59.22,,,,,,,,,,,
2019-12-11,1.25,101.4,95.974,99.719,95.7,99.31,167.059,211.1,334.9494,327.9954,58.74,,,,,,,,,,,
2019-12-12,1.25,101.4,95.974,99.719,95.7,99.31,167.059,211.1,334.9494,327.9954,59.18,,,,,,,,,,,
2019-12-13,1.25,101.4,95.974,99.719,95.7,99.31,167.059,211.1,334.9494,327.9954,60.11,,,,,,,,,,,
2019-12-14,1.25,101.4,95.974,99.719,95.7,99.31,167.059,211.1,334.9494,327.9954,60.11,,,,,,,,,,,
2019-12-15,1.25,101.4,95.974,99.719,95.7,99.31,167.059,211.1,334.9494,327.9954,60.11,,,,,,,,,,,
2019-12-16,1.25,101.4,95.974,99.719,95.7,99.31,167.059,211.1,334.9494,327.9954,60.21,,,,,,,,,,,
2019-12-17,1.25,101.4,95.974,99.719,95.7,99.31,167.059,211.1,334.9494,327.9954,60.88,,,,,,,,,,,
2019-12-18,1.25,101.4,95.974,99.719,95.7,99.31,167.059,211.1,334.9494,327.9954,60.93,,,,,,,,,,,
2019-12-19,1.25,101.4,95.974,99.719,95.7,99.31,167.059,211.1,334.9494,327.9954,61.3,,,,,,,,,,,
2019-12-20,1.25,101.4,95.974,99.719,95.7,99.31,167.059,211.1,334.9494,327.9954,60.43,,,,,,,,,,,
2019-12-21,1.25,101.4,95.974,99.719,95.7,99.31,167.059,211.1,334.9494,327.9954,60.43,,,,,,,,,,,
2019-12-22,1.25,101.4,95.974,99.719,95.7,99.31,167.059,211.1,334.9494,327.9954,60.43,,,,,,,,,,,
2019-12-23,1.25,101.4,95.974,99.719,95.7,99.31,167.059,211.1,334.9494,327.9954,60.51,,,,,,,,,,,
2019-12-24,1.25,101.4,95.974,99.719,95.7,99.31,167.059,211.1,334.9494,327.9954,61.17,,,,,,,,,,,
2019-12-25,1.25,101.4,95.974,99.719,95.7,99.31,167.059,211.1,334.9494,327.9954,61.17,,,,,,,,,,,
2019-12-26,1.25,101.4,95.974,99.719,95.7,99.31,167.059,211.1,334.9494,327.9954,61.72,,,,,,,,,,,
2019-12-27,1.25,101.4,95.974,99.719,95.7,99.31,167.059,211.1,334.9494,327.9954,61.76,,,,,,,,,,,
2019-12-28,1.25,101.4,95.974,99.719,95.7,99.31,167.059,211.1,334.9494,327.9954,61.76,,,,,,,,,,,
2019-12-29,1.25,101.4,95.974,99.719,95.7,99.31,167.059,211.1,334.9494,327.9954,61.76,,,,,,,,,,,
2019-12-30,1.25,101.4,95.974,99.719,95.7,99.31,167.059,211.1,334.9494,327.9954,61.66,,,,,,,,,,,
2019-12-31,1.25,101.4,95.974,99.719,95.7,99.31,167.059,211.1,334.9494,327.9954,61.14,,,,,,,,,,,
2020-01-01,1.25,105.2,97.16,100.09,98.4,99.48,171.8141,210.7,337.0797,327.9796,61.14,-28.5714,7.0193,1.4313,1.2196,6.2635,0.7903,2.9775,2.1823,0.9895,-4.8588,
2020-01-02,1.25,105.2,97.16,100.09,98.4,99.48,171.8141,210.7,337.0797,327.9796,61.17,-28.5714,7.0193,1.4313,1.2196,6.2635,0.7903,2.9775,2.1823,0.9895,-4.8588,32.0881
2020-01-03,1.25,105.2,97.16,100.09,98.4,99.48,171.8141,210.7,337.0797,327.9796,63.0,-28.5714,7.0193,1.4313,1.2196,6.2635,0.7903,2.9775,2.1823,0.9895,-4.8588,34.2711
2020-01-04,1.25,105.2,97.16,100.09,98.4,99.48,171.8141,210.7,337.0797,327.9796,63.0,-28.5714,7.0193,1.4313,1.2196,6.2635,0.7903,2.9775,2.1823,0.9895,-4.8588,31.9095
2020-01-05,1.25,105.2,97.16,100.09,98.4,99.48,171.8141,210.7,337.0797,327.9796,63.0,-28.5714,7.0193,1.4313,1.2196,6.2635,0.7903,2.9775,2.1823,0.9895,-4.8588,31.9095
2020-01-06,1.25,105.2,97.16,100.09,98.4,99.48,171.8141,210.7,337.0797,327.9796,63.27,-28.5714,7.0193,1.4313,1.2196,6.2635,0.7903,2.9775,2.1823,0.9895,-4.8588,32.4749
2020-01-07,1.25,105.2,97.16,100.09,98.4,99.48,171.8141,210.7,337.0797,327.9796,62.7,-28.5714,7.0193,1.4313,1.2196,6.2635,0.7903,2.9775,2.1823,0.9895,-4.8588,29.8943
2020-01-08,1.25,105.2,97.16,100.09,98.4,99.48,171.8141,210.7,337.0797,327.9796,59.65,-28.5714,7.0193,1.4313,1.2196,6.2635,0.7903,2.9775,2.1823,0.9895,-4.8588,20.3106
2020-01-09,1.25,105.2,97.16,100.09,98.4,99.48,171.8141,210.7,337.0797,327.9796,59.56,-28.5714,7.0193,1.4313,1.2196,6.2635,0.7903,2.9775,2.1823,0.9895,-4.8588,14.1215
2020-01-10,1.25,105.2,97.16,100.09,98.4,99.48,171.8141,210.7,337.0797,327.9796,59.02,-28.5714,7.0193,1.4313,1.2196,6.2635,0.7903,2.9775,2.1823,0.9895,-4.8588,12.5906
2020-01-11,1.25,105.2,97.16,100.09,98.4,99.48,171.8141,210.7,337.0797,327.9796,59.02,-28.5714,7.0193,1.4313,1.2196,6.2635,0.7903,2.9775,2.1823,0.9895,-4.8588,14.7356
2020-01-12,1.25,105.2,97.16,100.09,98.4,99.48,171.8141,210.7,337.0797,327.9796,59.02,-28.5714,7.0193,1.4313,1.2196,6.2635,0.7903,2.9775,2.1823,0.9895,-4.8588,14.7356
2020-01-13,1.25,105.2,97.16,100.09,98.4,99.48,171.8141,210.7,337.0797,327.9796,58.17,-28.5714,7.0193,1.4313,1.2196,6.2635,0.7903,2.9775,2.1823,0.9895,-4.8588,13.0832
2020-01-14,1.25,105.2,97.16,100.09,98.4,99.48,171.8141,210.7,337.0797,327.9796,58.34,-28.5714,7.0193,1.4313,1.2196,6.2635,0.7903,2.9775,2.1823,0.9895,-4.8588,15.961
2020-01-15,1.25,105.2,97.16,100.09,98.4,99.48,171.8141,210.7,337.0797,327.9796,57.86,-28.5714,7.0193,1.4313,1.2196,6.2635,0.7903,2.9775,2.1823,0.9895,-4.8588,11.6988
2020-01-16,1.25,105.2,97.16,100.09,98.4,99.48,171.8141,210.7,337.0797,327.9796,58.52,-28.5714,7.0193,1.4313,1.2196,6.2635,0.7903,2.9775,2.1823,0.9895,-4.8588,12.3656
2020-01-17,1.25,105.2,97.16,100.09,98.4,99.48,171.8141,210.7,337.0797,327.9796,58.55,-28.5714,7.0193,1.4313,1.2196,6.2635,0.7903,2.9775,2.1823,0.9895,-4.8588,12.9655
2020-01-18,1.25,105.2,97.16,100.09,98.4,99.48,171.8141,210.7,337.0797,327.9796,58.55,-28.5714,7.0193,1.4313,1.2196,6.2635,0.7903,2.9775,2.1823,0.9895,-4.8588,9.2351
2020-01-19,1.25,105.2,97.16,100.09,98.4,99.48,171.8141,210.7,337.0797,327.9796,58.55,-28.5714,7.0193,1.4313,1.2196,6.2635,0.7903,2.9775,2.1823,0.9895,-4.8588,9.2351
2020-01-20,1.25,105.2,97.16,100.09,98.4,99.48,171.8141,210.7,337.0797,327.9796,58.55,-28.5714,7.0193,1.4313,1.2196,6.2635,0.7903,2.9775,2.1823,0.9895,-4.8588,9.2351
2020-01-21,1.25,105.2,97.16,100.09,98.4,99.48,171.8141,210.7,337.0797,327.9796,58.25,-28.5714,7.0193,1.4313,1.2196,6.2635,0.7903,2.9775,2.1823,0.9895,-4.8588,8.6754
2020-01-22,1.25,105.2,97.16,100.09,98.4,99.48,171.8141,210.7,337.0797,327.9796,56.76,-28.5714,7.0193,1.4313,1.2196,6.2635,0.7903,2.9775,2.1823,0.9895,-4.8588,7.9293
2020-01-23,1.25,105.2,97.16,100.09,98.4,99.48,171.8141,210.7,337.0797,327.9796,55.51,-28.5714,7.0193,1.4313,1.2196,6.2635,0.7903,2.9775,2.1823,0.9895,-4.8588,5.8543
2020-01-24,1.25,105.2,97.16,100.09,98.4,99.48,171.8141,210.7,337.0797,327.9796,54.09,-28.5714,7.0193,1.4313,1.2196,6.2635,0.7903,2.9775,2.1823,0.9895,-4.8588,2.1723
2020-01-25,1.25,105.2,97.16,100.09,98.4,99.48,171.8141,210.7,337.0797,327.9796,54.09,-28.5714,7.0193,1.4313,1.2196,6.2635,0.7903,2.9775,2.1823,0.9895,-4.8588,1.0461
2020-01-26,1.25,105.2,97.16,100.09,98.4,99.48,171.8141,210.7,337.0797,327.9796,54.09,-28.5714,7.0193,1.4313,1.2196,6.2635,0.7903,2.9775,2.1823,0.9895,-4.8588,1.0461
2020-01-27,1.25,105.2,97.16,100.09,98.4,99.48,171.8141,210.7,337.0797,327.9796,53.09,-28.5714,7.0193,1.4313,1.2196,6.2635,0.7903,2.9775,2.1823,0.9895,-4.8588,-0.822
2020-01-28,1.25,105.2,97.16,100.09,98.4,99.48,171.8141,210.7,337.0797,327.9796,53.33,-28.5714,7.0193,1.4313,1.2196,6.2635,0.7903,2.9775,2.1823,0.9895,-4.8588,2.9735
2020-01-29,1.25,105.2,97.16,100.09,98.4,99.48,171.8141,210.7,337.0797,327.9796,53.29,-28.5714,7.0193,1.4313,1.2196,6.2635,0.7903,2.9775,2.1823,0.9895,-4.8588,0.4145
2020-01-30,1.25,105.2,97.16,100.09,98.4,99.48,171.8141,210.7,337.0797,327.9796,52.19,-28.5714,7.0193,1.4313,1.2196,6.2635,0.7903,2.9775,2.1823,0.9895,-4.8588,-3.6729
2020-01-31,1.25,105.2,97.16,100.09,98.4,99.48,171.8141,210.7,337.0797,327.9796,51.58,-28.5714,7.0193,1.4313,1.2196,6.2635,0.7903,2.9775,2.1823,0.9895,-4.8588,-4.1976
2020-02-01,1.25,97.7,96.66,100.16,90.3,99.26,168.7446,209.4,325.4283,320.645,51.58,-28.5714,-2.6892,0.2271,0.8549,-7.9511,0.5776,-0.5374,1.3062,-2.7129,-5.147,-6.7101
2020-02-02,1.25,97.7,96.66,100.16,90.3,99.26,168.7446,209.4,325.4283,320.645,51.58,-28.5714,-2.6892,0.2271,0.8549,-7.9511,0.5776,-0.5374,1.3062,-2.7129,-5.147,-6.7101
2020-02-03,1.25,97.7,96.66,100.16,90.3,99.26,168.7446,209.4,325.4283,320.645,50.06,-28.5714,-2.6892,0.2271,0.8549,-7.9511,0.5776,-0.5374,1.3062,-2.7129,-5.147,-9.4592
2020-02-04,1.25,97.7,96.66,100.16,90.3,99.26,168.7446,209.4,325.4283,320.645,49.59,-28.5714,-2.6892,0.2271,0.8549,-7.9511,0.5776,-0.5374,1.3062,-2.7129,-5.147,-9.1259
2020-02-05,1.25,97.7,96.66,100.16,90.3,99.26,168.7446,209.4,325.4283,320.645,50.87,-28.5714,-2.6892,0.2271,0.8549,-7.9511,0.5776,-0.5374,1.3062,-2.7129,-5.147,-5.2524
2020-02-06,1.25,97.7,96.66,100.16,90.3,99.26,168.7446,209.4,325.4283,320.645,50.94,-28.5714,-2.6892,0.2271,0.8549,-7.9511,0.5776,-0.5374,1.3062,-2.7129,-5.147,-5.5617
2020-02-07,1.25,97.7,96.66,100.16,90.3,99.26,168.7446,209.4,325.4283,320.645,50.34,-28.5714,-2.6892,0.2271,0.8549,-7.9511,0.5776,-0.5374,1.3062,-2.7129,-5.147,-4.4419
2020-02-08,1.25,97.7,96.66,100.16,90.3,99.26,168.7446,209.4,325.4283,320.645,50.34,-28.5714,-2.6892,0.2271,0.8549,-7.9511,0.5776,-0.5374,1.3062,-2.7129,-5.147,-4.5687
2020-02-09,1.25,97.7,96.66,100.16,90.3,99.26,168.7446,209.4,325.4283,320.645,50.34,-28.5714,-2.6892,0.2271,0.8549,-7.9511,0.5776,-0.5374,1.3062,-2.7129,-5.147,-4.5687
2020-02-10,1.25,97.7,96.66,100.16,90.3,99.26,168.7446,209.4,325.4283,320.645,49.59,-28.5714,-2.6892,0.2271,0.8549,-7.9511,0.5776,-0.5374,1.3062,-2.7129,-5.147,-5.9905
2020-02-11,1.25,97.7,96.66,100.16,90.3,99.26,168.7446,209.4,325.4283,320.645,50.0,-28.5714,-2.6892,0.2271,0.8549,-7.9511,0.5776,-0.5374,1.3062,-2.7129,-5.147,-4.6348
2020-02-12,1.25,97.7,96.66,100.16,90.3,99.26,168.7446,209.4,325.4283,320.645,51.13,-28.5714,-2.6892,0.2271,0.8549,-7.9511,0.5776,-0.5374,1.3062,-2.7129,-5.147,-3.7825
2020-02-13,1.25,97.7,96.66,100.16,90.3,99.26,168.7446,209.4,325.4283,320.645,51.41,-28.5714,-2.6892,0.2271,0.8549,-7.9511,0.5776,-0.5374,1.3062,-2.7129,-5.147,-4.5134
2020-02-14,1.25,97.7,96.66,100.16,90.3,99.26,168.7446,209.4,325.4283,320.645,52.03,-28.5714,-2.6892,0.2271,0.8549,-7.9511,0.5776,-0.5374,1.3062,-2.7129,-5.147,-4.3566
2020-02-15,1.25,97.7,96.66,100.16,90.3,99.26,168.7446,209.4,325.4283,320.645,52.03,-28.5714,-2.6892,0.2271,0.8549,-7.9511,0.5776,-0.5374,1.3062,-2.7129,-5.147,-6.3872
2020-02-16,1.25,97.7,96.66,100.16,90.3,99.26,168.7446,209.4,325.4283,320.645,52.03,-28.5714,-2.6892,0.2271,0.8549,-7.9511,0.5776,-0.5374,1.3062,-2.7129,-5.147,-6.3872
2020-02-17,1.25,97.7,96.66,100.16,90.3,99.26,168.7446,209.4,325.4283,320.645,52.03,-28.5714,-2.6892,0.2271,0.8549,-7.9511,0.5776,-0.5374,1.3062,-2.7129,-5.147,-6.3872
2020-02-18,1.25,97.7,96.66,100.16,90.3,99.26,168.7446,209.4,325.4283,320.645,52.1,-28.5714,-2.6892,0.2271,0.8549,-7.9511,0.5776,-0.5374,1.3062,-2.7129,-5.147,-6.2612
2020-02-19,1.25,97.7,96.66,100.16,90.3,99.26,168.7446,209.4,325.4283,320.645,53.31,-28.5714,-2.6892,0.2271,0.8549,-7.9511,0.5776,-0.5374,1.3062,-2.7129,-5.147,-5.0071
2020-02-20,1.25,97.7,96.66,100.16,90.3,99.26,168.7446,209.4,325.4283,320.645,53.77,-28.5714,-2.6892,0.2271,0.8549,-7.9511,0.5776,-0.5374,1.3062,-2.7129,-5.147,-5.5009
2020-02-21,1.25,97.7,96.66,100.16,90.3,99.26,168.7446,209.4,325.4283,320.645,53.36,-28.5714,-2.6892,0.2271,0.8549,-7.9511,0.5776,-0.5374,1.3062,-2.7129,-5.147,-6.3038
2020-02-22,1.25,97.7,96.66,100.16,90.3,99.26,168.7446,209.4,325.4283,320.645,53.36,-28.5714,-2.6892,0.2271,0.8549,-7.9511,0.5776,-0.5374,1.3062,-2.7129,-5.147,-6.4024
2020-02-23,1.25,97.7,96.66,100.16,90.3,99.26,168.7446,209.4,325.4283,320.645,53.36,-28.5714,-2.6892,0.2271,0.8549,-7.9511,0.5776,-0.5374,1.3062,-2.7129,-5.147,-6.4024
2020-02-24,1.25,97.7,96.66,100.16,90.3,99.26,168.7446,209.4,325.4283,320.645,51.36,-28.5714,-2.6892,0.2271,0.8549,-7.9511,0.5776,-0.5374,1.3062,-2.7129,-5.147,-9.9105
2020-02-25,1.25,97.7,96.66,100.16,90.3,99.26,168.7446,209.4,325.4283,320.645,49.78,-28.5714,-2.6892,0.2271,0.8549,-7.9511,0.5776,-0.5374,1.3062,-2.7129,-5.147,-10.0145
2020-02-26,1.25,97.7,96.66,100.16,90.3,99.26,168.7446,209.4,325.4283,320.645,48.67,-28.5714,-2.6892,0.2271,0.8549,-7.9511,0.5776,-0.5374,1.3062,-2.7129,-5.147,-12.148
2020-02-27,1.25,97.7,96.66,100.16,90.3,99.26,168.7446,209.4,325.4283,320.645,47.17,-28.5714,-2.6892,0.2271,0.8549,-7.9511,0.5776,-0.5374,1.3062,-2.7129,-5.147,-17.1293
2020-02-28,1.25,97.7,96.66,100.16,90.3,99.26,168.7446,209.4,325.4283,320.645,44.83,-28.5714,-2.6892,0.2271,0.8549,-7.9511,0.5776,-0.5374,1.3062,-2.7129,-5.147,-21.6396
2020-02-29,1.25,97.7,96.66,100.16,90.3,99.26,168.7446,209.4,325.4283,320.645,44.83,-28.5714,-2.9791,1.2062,1.0482,-7.0988,0.598,1.457,0.9157,-1.1567,-5.027,-19.6019
2020-03-01,0.75,79.0,98.06,99.94,68.8,99.3,162.1791,209.3,319.3362,341.456,44.83,-57.1429,-21.5492,2.672,0.8263,-29.2181,0.6385,-2.4905,0.8675,-3.0071,1.1371,-19.6019
2020-03-02,0.75,79.0,98.06,99.94,68.8,99.3,162.1791,209.3,319.3362,341.456,46.78,-57.1429,-21.5492,2.672,0.8263,-29.2181,0.6385,-2.4905,0.8675,-3.0071,1.1371,-16.1047
2020-03-03,0.75,79.0,98.06,99.94,68.8,99.3,162.1791,209.3,319.3362,341.456,47.27,-57.1429,-21.5492,2.672,0.8263,-29.2181,0.6385,-2.4905,0.8675,-3.0071,1.1371,-16.4841
2020-03-04,0.75,79.0,98.06,99.94,68.8,99.3,162.1791,209.3,319.3362,341.456,46.78,-57.1429,-21.5492,2.672,0.8263,-29.2181,0.6385,-2.4905,0.8675,-3.0071,1.1371,-17.2767
2020-03-05,0.75,79.0,98.06,99.94,68.8,99.3,162.1791,209.3,319.3362,341.456,45.9,-57.1429,-21.5492,2.672,0.8263,-29.2181,0.6385,-2.4905,0.8675,-3.0071,1.1371,-18.3565
2020-03-06,0.75,79.0,98.06,99.94,68.8,99.3,162.1791,209.3,319.3362,341.456,41.14,-57.1429,-21.5492,2.672,0.8263,-29.2181,0.6385,-2.4905,0.8675,-3.0071,1.1371,-27.3145
2020-03-07,0.75,79.0,98.06,99.94,68.8,99.3,162.1791,209.3,319.3362,341.456,41.14,-57.1429,-21.5492,2.672,0.8263,-29.2181,0.6385,-2.4905,0.8675,-3.0071,1.1371,-26.2327
2020-03-08,0.75,79.0,98.06,99.94,68.8,99.3,162.1791,209.3,319.3362,341.456,41.14,-57.1429,-21.5492,2.672,0.8263,-29.2181,0.6385,-2.4905,0.8675,-3.0071,1.1371,-26.2327
2020-03-09,0.75,79.0,98.06,99.94,68.8,99.3,162.1791,209.3,319.3362,341.456,31.05,-57.1429,-21.5492,2.672,0.8263,-29.2181,0.6385,-2.4905,0.8675,-3.0071,1.1371,-44.3249
2020-03-10,0.75,79.0,98.06,99.94,68.8,99.3,162.1791,209.3,319.3362,341.456,34.47,-57.1429,-21.5492,2.672,0.8263,-29.2181,0.6385,-2.4905,0.8675,-3.0071,1.1371,-39.3027
2020-03-11,0.75,79.0,98.06,99.94,68.8,99.3,162.1791,209.3,319.3362,341.456,33.13,-57.1429,-21.5492,2.672,0.8263,-29.2181,0.6385,-2.4905,0.8675,-3.0071,1.1371,-41.7648
2020-03-12,0.75,79.0,98.06,99.94,68.8,99.3,162.1791,209.3,319.3362,341.456,31.56,-57.1429,-21.5492,2.672,0.8263,-29.2181,0.6385,-2.4905,0.8675,-3.0071,1.1371,-45.8383
2020-03-13,0.75,79.0,98.06,99.94,68.8,99.3,162.1791,209.3,319.3362,341.456,31.72,-57.1429,-21.5492,2.672,0.8263,-29.2181,0.6385,-2.4905,0.8675,-3.0071,1.1371,-45.8611
2020-03-14,0.75,79.0,98.06,99.94,68.8,99.3,162.1791,209.3,319.3362,341.456,31.72,-57.1429,-21.5492,2.672,0.8263,-29.2181,0.6385,-2.4905,0.8675,-3.0071,1.1371,-45.787
2020-03-15,0.75,79.0,98.06,99.94,68.8,99.3,162.1791,209.3,319.3362,341.456,31.72,-57.1429,-21.5492,2.672,0.8263,-29.2181,0.6385,-2.4905,0.8675,-3.0071,1.1371,-45.787
2020-03-16,0.75,79.0,98.06,99.94,68.8,99.3,162.1791,209.3,319.3362,341.456,28.96,-57.1429,-21.5492,2.672,0.8263,-29.2181,0.6385,-2.4905,0.8675,-3.0071,1.1371,-50.5042
2020-03-17,0.75,79.0,98.06,99.94,68.8,99.3,162.1791,209.3,319.3362,341.456,26.96,-57.1429,-21.5492,2.672,0.8263,-29.2181,0.6385,-2.4905,0.8675,-3.0071,1.1371,-54.3747
2020-03-18,0.75,79.0,98.06,99.94,68.8,99.3,162.1791,209.3,319.3362,341.456,20.48,-57.1429,-21.5492,2.672,0.8263,-29.2181,0.6385,-2.4905,0.8675,-3.0071,1.1371,-65.3586
2020-03-19,0.75,79.0,98.06,99.94,68.8,99.3,162.1791,209.3,319.3362,341.456,25.09,-57.1429,-21.5492,2.672,0.8263,-29.2181,0.6385,-2.4905,0.8675,-3.0071,1.1371,-58.2668
2020-03-20,0.75,79.0,98.06,99.94,68.8,99.3,162.1791,209.3,319.3362,341.456,19.48,-57.1429,-21.5492,2.672,0.8263,-29.2181,0.6385,-2.4905,0.8675,-3.0071,1.1371,-67.5225
2020-03-21,0.75,79.0,98.06,99.94,68.8,99.3,162.1791,209.3,319.3362,341.456,19.48,-57.1429,-21.5492,2.672,0.8263,-29.2181,0.6385,-2.4905,0.8675,-3.0071,1.1371,-66.9101
2020-03-22,0.75,79.0,98.06,99.94,68.8,99.3,162.1791,209.3,319.3362,341.456,19.48,-57.1429,-21.5492,2.672,0.8263,-29.2181,0.6385,-2.4905,0.8675,-3.0071,1.1371,-66.9101
2020-03-23,0.75,79.0,98.06,99.94,68.8,99.3,162.1791,209.3,319.3362,341.456,23.33,-57.1429,-21.5492,2.672,0.8263,-29.2181,0.6385,-2.4905,0.8675,-3.0071,1.1371,-60.3703
2020-03-24,0.75,79.0,98.06,99.94,68.8,99.3,162.1791,209.3,319.3362,341.456,21.03,-57.1429,-21.5492,2.672,0.8263,-29.2181,0.6385,-2.4905,0.8675,-3.0071,1.1371,-64.1799
2020-03-25,0.75,79.0,98.06,99.94,68.8,99.3,162.1791,209.3,319.3362,341.456,20.75,-57.1429,-21.5492,2.672,0.8263,-29.2181,0.6385,-2.4905,0.8675,-3.0071,1.1371,-65.3416
2020-03-26,0.75,79.0,98.06,99.94,68.8,99.3,162.1791,209.3,319.3362,341.456,16.6,-57.1429,-21.5492,2.672,0.8263,-29.2181,0.6385,-2.4905,0.8675,-3.0071,1.1371,-72.0492
2020-03-27,0.75,79.0,98.06,99.94,68.8,99.3,162.1791,209.3,319.3362,341.456,15.48,-57.1429,-21.5492,2.672,0.8263,-29.2181,0.6385,-2.4905,0.8675,-3.0071,1.1371,-73.891
2020-03-28,0.75,79.0,98.06,99.94,68.8,99.3,162.1791,209.3,319.3362,341.456,15.48,-57.1429,-21.5492,2.672,0.8263,-29.2181,0.6385,-2.4905,0.8675,-3.0071,1.1371,-74.2814
2020-03-29,0.75,79.0,98.06,99.94,68.8,99.3,162.1791,209.3,319.3362,341.456,15.48,-57.1429,-21.5492,2.672,0.8263,-29.2181,0.6385,-2.4905,0.8675,-3.0071,1.1371,-74.2814
2020-03-30,0.75,79.0,98.06,99.94,68.8,99.3,162.1791,209.3,319.3362,341.456,14.1,-57.1429,-21.5492,2.672,0.8263,-29.2181,0.6385,-2.4905,0.8675,-3.0071,1.1371,-76.5742
2020-03-31,0.75,79.0,98.06,99.94,68.8,99.3,162.1791,209.3,319.3362,341.456,20.51,-57.1429,-23.0019,1.8086,0.4614,-30.1523,0.1715,0.3252,0.0956,-1.5168,1.293,-66.6991
2020-04-01,0.75,71.2,97.65,99.5,61.5,99.6,147.0122,210.0,309.9943,321.8172,20.28,-57.1429,-30.6043,1.3829,0.0191,-37.5635,0.4741,-9.0572,0.4304,-4.3978,-4.5329,-67.5676
2020-04-02,0.75,71.2,97.65,99.5,61.5,99.6,147.0122,210.0,309.9943,321.8172,25.18,-57.1429,-30.6043,1.3829,0.0191,-37.5635,0.4741,-9.0572,0.4304,-4.3978,-4.5329,-59.6862
2020-04-03,0.75,71.2,97.65,99.5,61.5,99.6,147.0122,210.0,309.9943,321.8172,28.36,-57.1429,-30.6043,1.3829,0.0191,-37.5635,0.4741,-9.0572,0.4304,-4.3978,-4.5329,-54.3464
2020-04-04,0.75,71.2,97.65,99.5,61.5,99.6,147.0122,210.0,309.9943,321.8172,28.36,-57.1429,-30.6043,1.3829,0.0191,-37.5635,0.4741,-9.0572,0.4304,-4.3978,-4.5329,-55.0555
2020-04-05,0.75,71.2,97.65,99.5,61.5,99.6,147.0122,210.0,309.9943,321.8172,28.36,-57.1429,-30.6043,1.3829,0.0191,-37.5635,0.4741,-9.0572,0.4304,-4.3978,-4.5329,-55.0555
2020-04-06,0.75,71.2,97.65,99.5,61.5,99.6,147.0122,210.0,309.9943,321.8172,26.21,-57.1429,-30.6043,1.3829,0.0191,-37.5635,0.4741,-9.0572,0.4304,-4.3978,-4.5329,-58.4628
2020-04-07,0.75,71.2,97.65,99.5,61.5,99.6,147.0122,210.0,309.9943,321.8172,23.54,-57.1429,-30.6043,1.3829,0.0191,-37.5635,0.4741,-9.0572,0.4304,-4.3978,-4.5329,-63.4302
2020-04-08,0.75,71.2,97.65,99.5,61.5,99.6,147.0122,210.0,309.9943,321.8172,24.97,-57.1429,-30.6043,1.3829,0.0191,-37.5635,0.4741,-9.0572,0.4304,-4.3978,-4.5329,-61.0148
2020-04-09,0.75,71.2,97.65,99.5,61.5,99.6,147.0122,210.0,309.9943,321.8172,22.9,-57.1429,-30.6043,1.3829,0.0191,-37.5635,0.4741,-9.0572,0.4304,-4.3978,-4.5329,-64.5621
2020-04-10,0.75,71.2,97.65,99.5,61.5,99.6,147.0122,210.0,309.9943,321.8172,22.9,-57.1429,-30.6043,1.3829,0.0191,-37.5635,0.4741,-9.0572,0.4304,-4.3978,-4.5329,-63.9994
2020-04-11,0.75,71.2,97.65,99.5,61.5,99.6,147.0122,210.0,309.9943,321.8172,22.9,-57.1429,-30.6043,1.3829,0.0191,-37.5635,0.4741,-9.0572,0.4304,-4.3978,-4.5329,-64.1403
2020-04-12,0.75,71.2,97.65,99.5,61.5,99.6,147.0122,210.0,309.9943,321.8172,22.9,-57.1429,-30.6043,1.3829,0.0191,-37.5635,0.4741,-9.0572,0.4304,-4.3978,-4.5329,-64.1403
2020-04-13,0.75,71.2,97.65,99.5,61.5,99.6,147.0122,210.0,309.9943,321.8172,22.36,-57.1429,-30.6043,1.3829,0.0191,-37.5635,0.4741,-9.0572,0.4304,-4.3978,-4.5329,-64.9859
2020-04-14,0.75,71.2,97.65,99.5,61.5,99.6,147.0122,210.0,309.9943,321.8172,20.15,-57.1429,-30.6043,1.3829,0.0191,-37.5635,0.4741,-9.0572,0.4304,-4.3978,-4.5329,-68.2327
2020-04-15,0.75,71.2,97.65,99.5,61.5,99.6,147.0122,210.0,309.9943,321.8172,19.96,-57.1429,-30.6043,1.3829,0.0191,-37.5635,0.4741,-9.0572,0.4304,-4.3978,-4.5329,-68.8174
2020-04-16,0.75,71.2,97.65,99.5,61.5,99.6,147.0122,210.0,309.9943,321.8172,19.82,-57.1429,-30.6043,1.3829,0.0191,-37.5635,0.4741,-9.0572,0.4304,-4.3978,-4.5329,-68.9049
2020-04-17,0.75,71.2,97.65,99.5,61.5,99.6,147.0122,210.0,309.9943,321.8172,18.31,-57.1429,-30.6043,1.3829,0.0191,-37.5635,0.4741,-9.0572,0.4304,-4.3978,-4.5329,-71.3996
2020-04-18,0.75,71.2,97.65,99.5,61.5,99.6,147.0122,210.0,309.9943,321.8172,18.31,-57.1429,-30.6043,1.3829,0.0191,-37.5635,0.4741,-9.0572,0.4304,-4.3978,-4.5329,-71.3996
2020-04-19,0.75,71.2,97.65,99.5,61.5,99.6,147.0122,210.0,309.9943,321.8172,18.31,-57.1429,-30.6043,1.3829,0.0191,-37.5635,0.4741,-9.0572,0.4304,-4.3978,-4.5329,-71.3996
2020-04-20,0.75,71.2,97.65,99.5,61.5,99.6,147.0122,210.0,309.9943,321.8172,-36.98,-57.1429,-30.6043,1.3829,0.0191,-37.5635,0.4741,-9.0572,0.4304,-4.3978,-4.5329,-157.7632
2020-04-21,0.75,71.2,97.65,99.5,61.5,99.6,147.0122,210.0,309.9943,321.8172,8.91,-57.1429,-30.6043,1.3829,0.0191,-37.5635,0.4741,-9.0572,0.4304,-4.3978,-4.5329,-86.4301
2020-04-22,0.75,71.2,97.65,99.5,61.5,99.6,147.0122,210.0,309.9943,321.8172,13.64,-57.1429,-30.6043,1.3829,0.0191,-37.5635,0.4741,-9.0572,0.4304,-4.3978,-4.5329,-79.4082
2020-04-23,0.75,71.2,97.65,99.5,61.5,99.6,147.0122,210.0,309.9943,321.8172,15.06,-57.1429,-30.6043,1.3829,0.0191,-37.5635,0.4741,-9.0572,0.4304,-4.3978,-4.5329,-77.168
2020-04-24,0.75,71.2,97.65,99.5,61.5,99.6,147.0122,210.0,309.9943,321.8172,15.99,-57.1429,-30.6043,1.3829,0.0191,-37.5635,0.4741,-9.0572,0.4304,-4.3978,-4.5329,-75.4867
2020-04-25,0.75,71.2,97.65,99.5,61.5,99.6,147.0122,210.0,309.9943,321.8172,15.99,-57.1429,-30.6043,1.3829,0.0191,-37.5635,0.4741,-9.0572,0.4304,-4.3978,-4.5329,-74.7353
2020-04-26,0.75,71.2,97.65,99.5,61.5,99.6,147.0122,210.0,309.9943,321.8172,15.99,-57.1429,-30.6043,1.3829,0.0191,-37.5635,0.4741,-9.0572,0.4304,-4.3978,-4.5329,-74.7353
2020-04-27,0.75,71.2,97.65,99.5,61.5,99.6,147.0122,210.0,309.9943,321.8172,12.17,-57.1429,-30.6043,1.3829,0.0191,-37.5635,0.4741,-9.0572,0.4304,-4.3978,-4.5329,-80.7711
2020-04-28,0.75,71.2,97.65,99.5,61.5,99.6,147.0122,210.0,309.9943,321.8172,12.4,-57.1429,-30.6043,1.3829,0.0191,-37.5635,0.4741,-9.0572,0.4304,-4.3978,-4.5329,-80.4386
2020-04-29,0.75,71.2,97.65,99.5,61.5,99.6,147.0122,210.0,309.9943,321.8172,15.04,-57.1429,-30.6043,1.3829,0.0191,-37.5635,0.4741,-9.0572,0.4304,-4.3978,-4.5329,-76.4374
2020-04-30,0.75,71.2,97.65,99.5,61.5,99.6,147.0122,210.0,309.9943,321.8172,19.23,-57.1429,-27.8622,1.9141,-0.1525,-35.1266,0.4133,-14.1185,0.1908,1.534,-2.1415,-69.7404
2020-05-01,0.5,78.1,98.45,99.44,63.7,99.93,143.9892,224.1,309.3314,313.9879,19.72,-71.4286,-20.8713,2.749,-0.2127,-32.8059,0.746,-15.8844,6.9179,1.3169,-4.5222,-68.0648
2020-05-02,0.5,78.1,98.45,99.44,63.7,99.93,143.9892,224.1,309.3314,313.9879,19.72,-71.4286,-20.8713,2.749,-0.2127,-32.8059,0.746,-15.8844,6.9179,1.3169,-4.5222,-68.1833
2020-05-03,0.5,78.1,98.45,99.44,63.7,99.93,143.9892,224.1,309.3314,313.9879,19.72,-71.4286,-20.8713,2.749,-0.2127,-32.8059,0.746,-15.8844,6.9179,1.3169,-4.5222,-68.1833
2020-05-04,0.5,78.1,98.45,99.44,63.7,99.93,143.9892,224.1,309.3314,313.9879,20.47,-71.4286,-20.8713,2.749,-0.2127,-32.8059,0.746,-15.8844,6.9179,1.3169,-4.5222,-66.9732
2020-05-05,0.5,78.1,98.45,99.44,63.7,99.93,143.9892,224.1,309.3314,313.9879,24.56,-71.4286,-20.8713,2.749,-0.2127,-32.8059,0.746,-15.8844,6.9179,1.3169,-4.5222,-60.5778
2020-05-06,0.5,78.1,98.45,99.44,63.7,99.93,143.9892,224.1,309.3314,313.9879,23.88,-71.4286,-20.8713,2.749,-0.2127,-32.8059,0.746,-15.8844,6.9179,1.3169,-4.5222,-61.1138
2020-05-07,0.5,78.1,98.45,99.44,63.7,99.93,143.9892,224.1,309.3314,313.9879,23.68,-71.4286,-20.8713,2.749,-0.2127,-32.8059,0.746,-15.8844,6.9179,1.3169,-4.5222,-61.8864
2020-05-08,0.5,78.1,98.45,99.44,63.7,99.93,143.9892,224.1,309.3314,313.9879,24.73,-71.4286,-20.8713,2.749,-0.2127,-32.8059,0.746,-15.8844,6.9179,1.3169,-4.5222,-59.8409
2020-05-09,0.5,78.1,98.45,99.44,63.7,99.93,143.9892,224.1,309.3314,313.9879,24.73,-71.4286,-20.8713,2.749,-0.2127,-32.8059,0.746,-15.8844,6.9179,1.3169,-4.5222,-59.8865
2020-05-10,0.5,78.1,98.45,99.44,63.7,99.93,143.9892,224.1,309.3314,313.9879,24.73,-71.4286,-20.8713,2.749,-0.2127,-32.8059,0.746,-15.8844,6.9179,1.3169,-4.5222,-59.8865
2020-05-11,0.5,78.1,98.45,99.44,63.7,99.93,143.9892,224.1,309.3314,313.9879,24.02,-71.4286,-20.8713,2.749,-0.2127,-32.8059,0.746,-15.8844,6.9179,1.3169,-4.5222,-61.0381
2020-05-12,0.5,78.1,98.45,99.44,63.7,99.93,143.9892,224.1,309.3314,313.9879,25.76,-71.4286,-20.8713,2.749,-0.2127,-32.8059,0.746,-15.8844,6.9179,1.3169,-4.5222,-57.7497
2020-05-13,0.5,78.1,98.45,99.44,63.7,99.93,143.9892,224.1,309.3314,313.9879,25.37,-71.4286,-20.8713,2.749,-0.2127,-32.8059,0.746,-15.8844,6.9179,1.3169,-4.5222,-58.9615
2020-05-14,0.5,78.1,98.45,99.44,63.7,99.93,143.9892,224.1,309.3314,313.9879,27.4,-71.4286,-20.8713,2.749,-0.2127,-32.8059,0.746,-15.8844,6.9179,1.3169,-4.5222,-55.8278
2020-05-15,0.5,78.1,98.45,99.44,63.7,99.93,143.9892,224.1,309.3314,313.9879,29.44,-71.4286,-20.8713,2.749,-0.2127,-32.8059,0.746,-15.8844,6.9179,1.3169,-4.5222,-53.2179
2020-05-16,0.5,78.1,98.45,99.44,63.7,99.93,143.9892,224.1,309.3314,313.9879,29.44,-71.4286,-20.8713,2.749,-0.2127,-32.8059,0.746,-15.8844,6.9179,1.3169,-4.5222,-53.0986
2020-05-17,0.5,78.1,98.45,99.44,63.7,99.93,143.9892,224.1,309.3314,313.9879,29.44,-71.4286,-20.8713,2.749,-0.2127,-32.8059,0.746,-15.8844,6.9179,1.3169,-4.5222,-53.0986
2020-05-18,0.5,78.1,98.45,99.44,63.7,99.93,143.9892,224.1,309.3314,313.9879,31.83,-71.4286,-20.8713,2.749,-0.2127,-32.8059,0.746,-15.8844,6.9179,1.3169,-4.5222,-49.2911
2020-05-19,0.5,78.1,98.45,99.44,63.7,99.93,143.9892,224.1,309.3314,313.9879,32.3,-71.4286,-20.8713,2.749,-0.2127,-32.8059,0.746,-15.8844,6.9179,1.3169,-4.5222,-48.8276
2020-05-20,0.5,78.1,98.45,99.44,63.7,99.93,143.9892,224.1,309.3314,313.9879,33.56,-71.4286,-20.8713,2.749,-0.2127,-32.8059,0.746,-15.8844,6.9179,1.3169,-4.5222,-46.7471
2020-05-21,0.5,78.1,98.45,99.44,63.7,99.93,143.9892,224.1,309.3314,313.9879,34.3,-71.4286,-20.8713,2.749,-0.2127,-32.8059,0.746,-15.8844,6.9179,1.3169,-4.5222,-44.155
2020-05-22,0.5,78.1,98.45,99.44,63.7,99.93,143.9892,224.1,309.3314,313.9879,33.49,-71.4286,-20.8713,2.749,-0.2127,-32.8059,0.746,-15.8844,6.9179,1.3169,-4.5222,-41.9081
2020-05-23,0.5,78.1,98.45,99.44,63.7,99.93,143.9892,224.1,309.3314,313.9879,33.49,-71.4286,-20.8713,2.749,-0.2127,-32.8059,0.746,-15.8844,6.9179,1.3169,-4.5222,-42.6541
2020-05-24,0.5,78.1,98.45,99.44,63.7,99.93,143.9892,224.1,309.3314,313.9879,33.49,-71.4286,-20.8713,2.749,-0.2127,-32.8059,0.746,-15.8844,6.9179,1.3169,-4.5222,-42.6541
2020-05-25,0.5,78.1,98.45,99.44,63.7,99.93,143.9892,224.1,309.3314,313.9879,33.49,-71.4286,-20.8713,2.749,-0.2127,-32.8059,0.746,-15.8844,6.9179,1.3169,-4.5222,-42.6541
2020-05-26,0.5,78.1,98.45,99.44,63.7,99.93,143.9892,224.1,309.3314,313.9879,34.7,-71.4286,-20.8713,2.749,-0.2127,-32.8059,0.746,-15.8844,6.9179,1.3169,-4.5222,-40.5822
2020-05-27,0.5,78.1,98.45,99.44,63.7,99.93,143.9892,224.1,309.3314,313.9879,32.8,-71.4286,-20.8713,2.749,-0.2127,-32.8059,0.746,-15.8844,6.9179,1.3169,-4.5222,-44.3218
2020-05-28,0.5,78.1,98.45,99.44,63.7,99.93,143.9892,224.1,309.3314,313.9879,33.67,-71.4286,-20.8713,2.749,-0.2127,-32.8059,0.746,-15.8844,6.9179,1.3169,-4.5222,-42.777
2020-05-29,0.5,78.1,98.45,99.44,63.7,99.93,143.9892,224.1,309.3314,313.9879,35.57,-71.4286,-20.8713,2.749,-0.2127,-32.8059,0.746,-15.8844,6.9179,1.3169,-4.5222,-37.0108
2020-05-30,0.5,78.1,98.45,99.44,63.7,99.93,143.9892,224.1,309.3314,313.9879,35.57,-71.4286,-20.8713,2.749,-0.2127,-32.8059,0.746,-15.8844,6.9179,1.3169,-4.5222,-33.5016
2020-05-31,0.5,78.1,98.45,99.44,63.7,99.93,143.9892,224.1,309.3314,313.9879,35.57,-71.4286,-20.6301,3.8853,-0.0513,-33.2285,0.6953,-26.2229,6.867,-5.2917,-10.3373,-33.5016
2020-06-01,0.5,82.4,98.68,99.71,68.4,99.89,148.0424,212.7,318.643,316.1028,35.49,-71.4286,-16.2602,4.128,0.2201,-28.3019,0.655,-24.1462,1.4306,-2.4407,-9.7333,-33.6511
2020-06-02,0.5,82.4,98.68,99.71,68.4,99.89,148.0424,212.7,318.643,316.1028,36.88,-71.4286,-16.2602,4.128,0.2201,-28.3019,0.655,-24.1462,1.4306,-2.4407,-9.7333,-30.7418
2020-06-03,0.5,82.4,98.68,99.71,68.4,99.89,148.0424,212.7,318.643,316.1028,37.33,-71.4286,-16.2602,4.128,0.2201,-28.3019,0.655,-24.1462,1.4306,-2.4407,-9.7333,-30.2243
2020-06-04,0.5,82.4,98.68,99.71,68.4,99.89,148.0424,212.7,318.643,316.1028,37.42,-71.4286,-16.2602,4.128,0.2201,-28.3019,0.655,-24.1462,1.4306,-2.4407,-9.7333,-27.4384
2020-06-05,0.5,82.4,98.68,99.71,68.4,99.89,148.0424,212.7,318.643,316.1028,39.49,-71.4286,-16.2602,4.128,0.2201,-28.3019,0.655,-24.1462,1.4306,-2.4407,-9.7333,-24.9097
2020-06-06,0.5,82.4,98.68,99.71,68.4,99.89,148.0424,212.7,318.643,316.1028,39.49,-71.4286,-16.2602,4.128,0.2201,-28.3019,0.655,-24.1462,1.4306,-2.4407,-9.7333,-26.8026
2020-06-07,0.5,82.4,98.68,99.71,68.4,99.89,148.0424,212.7,318.643,316.1028,39.49,-71.4286,-16.2602,4.128,0.2201,-28.3019,0.655,-24.1462,1.4306,-2.4407,-9.7333,-26.8026
2020-06-08,0.5,82.4,98.68,99.71,68.4,99.89,148.0424,212.7,318.643,316.1028,38.17,-71.4286,-16.2602,4.128,0.2201,-28.3019,0.655,-24.1462,1.4306,-2.4407,-9.7333,-29.2493
2020-06-09,0.5,82.4,98.68,99.71,68.4,99.89,148.0424,212.7,318.643,316.1028,38.98,-71.4286,-16.2602,4.128,0.2201,-28.3019,0.655,-24.1462,1.4306,-2.4407,-9.7333,-26.9079
2020-06-10,0.5,82.4,98.68,99.71,68.4,99.89,148.0424,212.7,318.643,316.1028,39.54,-71.4286,-16.2602,4.128,0.2201,-28.3019,0.655,-24.1462,1.4306,-2.4407,-9.7333,-25.8161
2020-06-11,0.5,82.4,98.68,99.71,68.4,99.89,148.0424,212.7,318.643,316.1028,36.43,-71.4286,-16.2602,4.128,0.2201,-28.3019,0.655,-24.1462,1.4306,-2.4407,-9.7333,-28.7502
2020-06-12,0.5,82.4,98.68,99.71,68.4,99.89,148.0424,212.7,318.643,316.1028,36.24,-71.4286,-16.2602,4.128,0.2201,-28.3019,0.655,-24.1462,1.4306,-2.4407,-9.7333,-30.8133
2020-06-13,0.5,82.4,98.68,99.71,68.4,99.89,148.0424,212.7,318.643,316.1028,36.24,-71.4286,-16.2602,4.128,0.2201,-28.3019,0.655,-24.1462,1.4306,-2.4407,-9.7333,-30.932
2020-06-14,0.5,82.4,98.68,99.71,68.4,99.89,148.0424,212.7,318.643,316.1028,36.24,-71.4286,-16.2602,4.128,0.2201,-28.3019,0.655,-24.1462,1.4306,-2.4407,-9.7333,-30.932
2020-06-15,0.5,82.4,98.68,99.71,68.4,99.89,148.0424,212.7,318.643,316.1028,37.07,-71.4286,-16.2602,4.128,0.2201,-28.3019,0.655,-24.1462,1.4306,-2.4407,-9.7333,-29.3501
2020-06-16,0.5,82.4,98.68,99.71,68.4,99.89,148.0424,212.7,318.643,316.1028,38.26,-71.4286,-16.2602,4.128,0.2201,-28.3019,0.655,-24.1462,1.4306,-2.4407,-9.7333,-26.3381
2020-06-17,0.5,82.4,98.68,99.71,68.4,99.89,148.0424,212.7,318.643,316.1028,37.91,-71.4286,-16.2602,4.128,0.2201,-28.3019,0.655,-24.1462,1.4306,-2.4407,-9.7333,-29.6138
2020-06-18,0.5,82.4,98.68,99.71,68.4,99.89,148.0424,212.7,318.643,316.1028,38.79,-71.4286,-16.2602,4.128,0.2201,-28.3019,0.655,-24.1462,1.4306,-2.4407,-9.7333,-27.8191
2020-06-19,0.5,82.4,98.68,99.71,68.4,99.89,148.0424,212.7,318.643,316.1028,39.72,-71.4286,-16.2602,4.128,0.2201,-28.3019,0.655,-24.1462,1.4306,-2.4407,-9.7333,-30.1688
2020-06-20,0.5,82.4,98.68,99.71,68.4,99.89,148.0424,212.7,318.643,316.1028,39.72,-71.4286,-16.2602,4.128,0.2201,-28.3019,0.655,-24.1462,1.4306,-2.4407,-9.7333,-30.7411
2020-06-21,0.5,82.4,98.68,99.71,68.4,99.89,148.0424,212.7,318.643,316.1028,39.72,-71.4286,-16.2602,4.128,0.2201,-28.3019,0.655,-24.1462,1.4306,-2.4407,-9.7333,-30.7411
2020-06-22,0.5,82.4,98.68,99.71,68.4,99.89,148.0424,212.7,318.643,316.1028,40.6,-71.4286,-16.2602,4.128,0.2201,-28.3019,0.655,-24.1462,1.4306,-2.4407,-9.7333,-29.2066
2020-06-23,0.5,82.4,98.68,99.71,68.4,99.89,148.0424,212.7,318.643,316.1028,40.4,-71.4286,-16.2602,4.128,0.2201,-28.3019,0.655,-24.1462,1.4306,-2.4407,-9.7333,-30.0191
2020-06-24,0.5,82.4,98.68,99.71,68.4,99.89,148.0424,212.7,318.643,316.1028,37.91,-71.4286,-16.2602,4.128,0.2201,-28.3019,0.655,-24.1462,1.4306,-2.4407,-9.7333,-34.2183
2020-06-25,0.5,82.4,98.68,99.71,68.4,99.89,148.0424,212.7,318.643,316.1028,38.66,-71.4286,-16.2602,4.128,0.2201,-28.3019,0.655,-24.1462,1.4306,-2.4407,-9.7333,-34.6628
2020-06-26,0.5,82.4,98.68,99.71,68.4,99.89,148.0424,212.7,318.643,316.1028,38.53,-71.4286,-16.2602,4.128,0.2201,-28.3019,0.655,-24.1462,1.4306,-2.4407,-9.7333,-34.8935
2020-06-27,0.5,82.4,98.68,99.71,68.4,99.89,148.0424,212.7,318.643,316.1028,38.53,-71.4286,-16.2602,4.128,0.2201,-28.3019,0.655,-24.1462,1.4306,-2.4407,-9.7333,-33.7973
2020-06-28,0.5,82.4,98.68,99.71,68.4,99.89,148.0424,212.7,318.643,316.1028,38.53,-71.4286,-16.2602,4.128,0.2201,-28.3019,0.655,-24.1462,1.4306,-2.4407,-9.7333,-33.7973
2020-06-29,0.5,82.4,98.68,99.71,68.4,99.89,148.0424,212.7,318.643,316.1028,39.67,-71.4286,-16.2602,4.128,0.2201,-28.3019,0.655,-24.1462,1.4306,-2.4407,-9.7333,-31.8385
2020-06-30,0.5,82.4,98.68,99.71,68.4,99.89,148.0424,212.7,318.643,316.1028,39.27,-66.6667,-14.788,5.0648,0.5273,-26.1339,0.7362,-21.8718,1.5274,-2.0975,-6.4073,-33.339
2020-07-01,0.5,84.8,99.15,99.63,77.0,99.89,152.5876,210.2,328.9354,319.064,39.88,-66.6667,-12.3061,5.5652,0.4466,-16.8467,0.7362,-19.473,0.3341,1.0648,-5.5306,-28.7857
2020-07-02,0.5,84.8,99.15,99.63,77.0,99.89,152.5876,210.2,328.9354,319.064,40.57,-66.6667,-12.3061,5.5652,0.4466,-16.8467,0.7362,-19.473,0.3341,1.0648,-5.5306,-28.8994
2020-07-03,0.5,84.8,99.15,99.63,77.0,99.89,152.5876,210.2,328.9354,319.064,40.57,-66.6667,-12.3061,5.5652,0.4466,-16.8467,0.7362,-19.473,0.3341,1.0648,-5.5306,-28.8994
2020-07-04,0.5,84.8,99.15,99.63,77.0,99.89,152.5876,210.2,328.9354,319.064,40.57,-66.6667,-12.3061,5.5652,0.4466,-16.8467,0.7362,-19.473,0.3341,1.0648,-5.5306,-28.8994
2020-07-05,0.5,84.8,99.15,99.63,77.0,99.89,152.5876,210.2,328.9354,319.064,40.57,-66.6667,-12.3061,5.5652,0.4466,-16.8467,0.7362,-19.473,0.3341,1.0648,-5.5306,-28.8994
2020-07-06,0.5,84.8,99.15,99.63,77.0,99.89,152.5876,210.2,328.9354,319.064,40.51,-66.6667,-12.3061,5.5652,0.4466,-16.8467,0.7362,-19.473,0.3341,1.0648,-5.5306,-29.0046
2020-07-07,0.5,84.8,99.15,99.63,77.0,99.89,152.5876,210.2,328.9354,319.064,40.59,-66.6667,-12.3061,5.5652,0.4466,-16.8467,0.7362,-19.473,0.3341,1.0648,-5.5306,-29.2241
2020-07-08,0.5,84.8,99.15,99.63,77.0,99.89,152.5876,210.2,328.9354,319.064,40.91,-66.6667,-12.3061,5.5652,0.4466,-16.8467,0.7362,-19.473,0.3341,1.0648,-5.5306,-28.9387
2020-07-09,0.5,84.8,99.15,99.63,77.0,99.89,152.5876,210.2,328.9354,319.064,39.64,-66.6667,-12.3061,5.5652,0.4466,-16.8467,0.7362,-19.473,0.3341,1.0648,-5.5306,-34.2402
2020-07-10,0.5,84.8,99.15,99.63,77.0,99.89,152.5876,210.2,328.9354,319.064,40.56,-66.6667,-12.3061,5.5652,0.4466,-16.8467,0.7362,-19.473,0.3341,1.0648,-5.5306,-32.321
2020-07-11,0.5,84.8,99.15,99.63,77.0,99.89,152.5876,210.2,328.9354,319.064,40.56,-66.6667,-12.3061,5.5652,0.4466,-16.8467,0.7362,-19.473,0.3341,1.0648,-5.5306,-32.3887
2020-07-12,0.5,84.8,99.15,99.63,77.0,99.89,152.5876,210.2,328.9354,319.064,40.56,-66.6667,-12.3061,5.5652,0.4466,-16.8467,0.7362,-19.473,0.3341,1.0648,-5.5306,-32.3887
2020-07-13,0.5,84.8,99.15,99.63,77.0,99.89,152.5876,210.2,328.9354,319.064,40.06,-66.6667,-12.3061,5.5652,0.4466,-16.8467,0.7362,-19.473,0.3341,1.0648,-5.5306,-33.2222
2020-07-14,0.5,84.8,99.15,99.63,77.0,99.89,152.5876,210.2,328.9354,319.064,40.3,-66.6667,-12.3061,5.5652,0.4466,-16.8467,0.7362,-19.473,0.3341,1.0648,-5.5306,-32.0405
2020-07-15,0.5,84.8,99.15,99.63,77.0,99.89,152.5876,210.2,328.9354,319.064,41.2,-66.6667,-12.3061,5.5652,0.4466,-16.8467,0.7362,-19.473,0.3341,1.0648,-5.5306,-28.273
2020-07-16,0.5,84.8,99.15,99.63,77.0,99.89,152.5876,210.2,328.9354,319.064,40.74,-66.6667,-12.3061,5.5652,0.4466,-16.8467,0.7362,-19.473,0.3341,1.0648,-5.5306,-27.8938
2020-07-17,0.5,84.8,99.15,99.63,77.0,99.89,152.5876,210.2,328.9354,319.064,40.55,-66.6667,-12.3061,5.5652,0.4466,-16.8467,0.7362,-19.473,0.3341,1.0648,-5.5306,-26.3798
2020-07-18,0.5,84.8,99.15,99.63,77.0,99.89,152.5876,210.2,328.9354,319.064,40.55,-66.6667,-12.3061,5.5652,0.4466,-16.8467,0.7362,-19.473,0.3341,1.0648,-5.5306,-26.8315
2020-07-19,0.5,84.8,99.15,99.63,77.0,99.89,152.5876,210.2,328.9354,319.064,40.55,-66.6667,-12.3061,5.5652,0.4466,-16.8467,0.7362,-19.473,0.3341,1.0648,-5.5306,-26.8315
2020-07-20,0.5,84.8,99.15,99.63,77.0,99.89,152.5876,210.2,328.9354,319.064,40.83,-66.6667,-12.3061,5.5652,0.4466,-16.8467,0.7362,-19.473,0.3341,1.0648,-5.5306,-26.3262
2020-07-21,0.5,84.8,99.15,99.63,77.0,99.89,152.5876,210.2,328.9354,319.064,41.76,-66.6667,-12.3061,5.5652,0.4466,-16.8467,0.7362,-19.473,0.3341,1.0648,-5.5306,-25.2551
2020-07-22,0.5,84.8,99.15,99.63,77.0,99.89,152.5876,210.2,328.9354,319.064,41.88,-66.6667,-12.3061,5.5652,0.4466,-16.8467,0.7362,-19.473,0.3341,1.0648,-5.5306,-25.9809
2020-07-23,0.5,84.8,99.15,99.63,77.0,99.89,152.5876,210.2,328.9354,319.064,40.99,-66.6667,-12.3061,5.5652,0.4466,-16.8467,0.7362,-19.473,0.3341,1.0648,-5.5306,-26.6726
2020-07-24,0.5,84.8,99.15,99.63,77.0,99.89,152.5876,210.2,328.9354,319.064,41.23,-66.6667,-12.3061,5.5652,0.4466,-16.8467,0.7362,-19.473,0.3341,1.0648,-5.5306,-26.2169
2020-07-25,0.5,84.8,99.15,99.63,77.0,99.89,152.5876,210.2,328.9354,319.064,41.23,-66.6667,-12.3061,5.5652,0.4466,-16.8467,0.7362,-19.473,0.3341,1.0648,-5.5306,-26.4276
2020-07-26,0.5,84.8,99.15,99.63,77.0,99.89,152.5876,210.2,328.9354,319.064,41.23,-66.6667,-12.3061,5.5652,0.4466,-16.8467,0.7362,-19.473,0.3341,1.0648,-5.5306,-26.4276
2020-07-27,0.5,84.8,99.15,99.63,77.0,99.89,152.5876,210.2,328.9354,319.064,41.46,-66.6667,-12.3061,5.5652,0.4466,-16.8467,0.7362,-19.473,0.3341,1.0648,-5.5306,-26.0171
2020-07-28,0.5,84.8,99.15,99.63,77.0,99.89,152.5876,210.2,328.9354,319.064,40.89,-66.6667,-12.3061,5.5652,0.4466,-16.8467,0.7362,-19.473,0.3341,1.0648,-5.5306,-28.0739
2020-07-29,0.5,84.8,99.15,99.63,77.0,99.89,152.5876,210.2,328.9354,319.064,41.13,-66.6667,-12.3061,5.5652,0.4466,-16.8467,0.7362,-19.473,0.3341,1.0648,-5.5306,-29.1351
2020-07-30,0.5,84.8,99.15,99.63,77.0,99.89,152.5876,210.2,328.9354,319.064,39.85,-66.6667,-12.3061,5.5652,0.4466,-16.8467,0.7362,-19.473,0.3341,1.0648,-5.5306,-31.9153
2020-07-31,0.5,84.8,99.15,99.63,77.0,99.89,152.5876,210.2,328.9354,319.064,40.1,-66.6667,-8.9151,4.5654,0.2062,-16.122,0.5334,-6.7476,0.3341,4.548,-1.3279,-25.2424
2020-08-01,0.5,88.8,101.8,100.19,83.3,99.98,149.393,209.6,332.1412,319.5391,40.1,-66.6667,-4.6187,7.3602,0.7694,-9.2593,0.624,-8.7,0.0477,5.5669,-1.181,-27.9684
2020-08-02,0.5,88.8,101.8,100.19,83.3,99.98,149.393,209.6,332.1412,319.5391,40.1,-66.6667,-4.6187,7.3602,0.7694,-9.2593,0.624,-8.7,0.0477,5.5669,-1.181,-27.9684
2020-08-03,0.5,88.8,101.8,100.19,83.3,99.98,149.393,209.6,332.1412,319.5391,40.83,-66.6667,-4.6187,7.3602,0.7694,-9.2593,0.624,-8.7,0.0477,5.5669,-1.181,-26.6571
2020-08-04,0.5,88.8,101.8,100.19,83.3,99.98,149.393,209.6,332.1412,319.5391,41.67,-66.6667,-4.6187,7.3602,0.7694,-9.2593,0.624,-8.7,0.0477,5.5669,-1.181,-23.7232
2020-08-05,0.5,88.8,101.8,100.19,83.3,99.98,149.393,209.6,332.1412,319.5391,42.25,-66.6667,-4.6187,7.3602,0.7694,-9.2593,0.624,-8.7,0.0477,5.5669,-1.181,-21.1754
2020-08-06,0.5,88.8,101.8,100.19,83.3,99.98,149.393,209.6,332.1412,319.5391,41.93,-66.6667,-4.6187,7.3602,0.7694,-9.2593,0.624,-8.7,0.0477,5.5669,-1.181,-18.0094
2020-08-07,0.5,88.8,101.8,100.19,83.3,99.98,149.393,209.6,332.1412,319.5391,41.16,-66.6667,-4.6187,7.3602,0.7694,-9.2593,0.624,-8.7,0.0477,5.5669,-1.181,-21.749
2020-08-08,0.5,88.8,101.8,100.19,83.3,99.98,149.393,209.6,332.1412,319.5391,41.16,-66.6667,-4.6187,7.3602,0.7694,-9.2593,0.624,-8.7,0.0477,5.5669,-1.181,-24.3521
2020-08-09,0.5,88.8,101.8,100.19,83.3,99.98,149.393,209.6,332.1412,319.5391,41.16,-66.6667,-4.6187,7.3602,0.7694,-9.2593,0.624,-8.7,0.0477,5.5669,-1.181,-24.3521
2020-08-10,0.5,88.8,101.8,100.19,83.3,99.98,149.393,209.6,332.1412,319.5391,41.94,-66.6667,-4.6187,7.3602,0.7694,-9.2593,0.624,-8.7,0.0477,5.5669,-1.181,-22.9186
2020-08-11,0.5,88.8,101.8,100.19,83.3,99.98,149.393,209.6,332.1412,319.5391,41.53,-66.6667,-4.6187,7.3602,0.7694,-9.2593,0.624,-8.7,0.0477,5.5669,-1.181,-24.4634
2020-08-12,0.5,88.8,101.8,100.19,83.3,99.98,149.393,209.6,332.1412,319.5391,42.6,-66.6667,-4.6187,7.3602,0.7694,-9.2593,0.624,-8.7,0.0477,5.5669,-1.181,-25.3287
2020-08-13,0.5,88.8,101.8,100.19,83.3,99.98,149.393,209.6,332.1412,319.5391,42.26,-66.6667,-4.6187,7.3602,0.7694,-9.2593,0.624,-8.7,0.0477,5.5669,-1.181,-23.3865
2020-08-14,0.5,88.8,101.8,100.19,83.3,99.98,149.393,209.6,332.1412,319.5391,42.05,-66.6667,-4.6187,7.3602,0.7694,-9.2593,0.624,-8.7,0.0477,5.5669,-1.181,-22.8582
2020-08-15,0.5,88.8,101.8,100.19,83.3,99.98,149.393,209.6,332.1412,319.5391,42.05,-66.6667,-4.6187,7.3602,0.7694,-9.2593,0.624,-8.7,0.0477,5.5669,-1.181,-23.3084
2020-08-16,0.5,88.8,101.8,100.19,83.3,99.98,149.393,209.6,332.1412,319.5391,42.05,-66.6667,-4.6187,7.3602,0.7694,-9.2593,0.624,-8.7,0.0477,5.5669,-1.181,-23.3084
2020-08-17,0.5,88.8,101.8,100.19,83.3,99.98,149.393,209.6,332.1412,319.5391,42.89,-66.6667,-4.6187,7.3602,0.7694,-9.2593,0.624,-8.7,0.0477,5.5669,-1.181,-21.7764
2020-08-18,0.5,88.8,101.8,100.19,83.3,99.98,149.393,209.6,332.1412,319.5391,42.89,-66.6667,-4.6187,7.3602,0.7694,-9.2593,0.624,-8.7,0.0477,5.5669,-1.181,-23.7376
2020-08-19,0.5,88.8,101.8,100.19,83.3,99.98,149.393,209.6,332.1412,319.5391,42.91,-66.6667,-4.6187,7.3602,0.7694,-9.2593,0.624,-8.7,0.0477,5.5669,-1.181,-23.6205
2020-08-20,0.5,88.8,101.8,100.19,83.3,99.98,149.393,209.6,332.1412,319.5391,42.62,-66.6667,-4.6187,7.3602,0.7694,-9.2593,0.624,-8.7,0.0477,5.5669,-1.181,-23.4142
2020-08-21,0.5,88.8,101.8,100.19,83.3,99.98,149.393,209.6,332.1412,319.5391,42.32,-66.6667,-4.6187,7.3602,0.7694,-9.2593,0.624,-8.7,0.0477,5.5669,-1.181,-23.5135
2020-08-22,0.5,88.8,101.8,100.19,83.3,99.98,149.393,209.6,332.1412,319.5391,42.32,-66.6667,-4.6187,7.3602,0.7694,-9.2593,0.624,-8.7,0.0477,5.5669,-1.181,-21.7456
2020-08-23,0.5,88.8,101.8,100.19,83.3,99.98,149.393,209.6,332.1412,319.5391,42.32,-66.6667,-4.6187,7.3602,0.7694,-9.2593,0.624,-8.7,0.0477,5.5669,-1.181,-21.7456
2020-08-24,0.5,88.8,101.8,100.19,83.3,99.98,149.393,209.6,332.1412,319.5391,42.44,-66.6667,-4.6187,7.3602,0.7694,-9.2593,0.624,-8.7,0.0477,5.5669,-1.181,-21.5237
2020-08-25,0.5,88.8,101.8,100.19,83.3,99.98,149.393,209.6,332.1412,319.5391,43.17,-66.6667,-4.6187,7.3602,0.7694,-9.2593,0.624,-8.7,0.0477,5.5669,-1.181,-19.3687
2020-08-26,0.5,88.8,101.8,100.19,83.3,99.98,149.393,209.6,332.1412,319.5391,43.21,-66.6667,-4.6187,7.3602,0.7694,-9.2593,0.624,-8.7,0.0477,5.5669,-1.181,-21.4221
2020-08-27,0.5,88.8,101.8,100.19,83.3,99.98,149.393,209.6,332.1412,319.5391,42.88,-66.6667,-4.6187,7.3602,0.7694,-9.2593,0.624,-8.7,0.0477,5.5669,-1.181,-23.099
2020-08-28,0.5,88.8,101.8,100.19,83.3,99.98,149.393,209.6,332.1412,319.5391,42.96,-66.6667,-4.6187,7.3602,0.7694,-9.2593,0.624,-8.7,0.0477,5.5669,-1.181,-24.1927
2020-08-29,0.5,88.8,101.8,100.19,83.3,99.98,149.393,209.6,332.1412,319.5391,42.96,-66.6667,-4.6187,7.3602,0.7694,-9.2593,0.624,-8.7,0.0477,5.5669,-1.181,-21.9902
2020-08-30,0.5,88.8,101.8,100.19,83.3,99.98,149.393,209.6,332.1412,319.5391,42.96,-66.6667,-4.6187,7.3602,0.7694,-9.2593,0.624,-8.7,0.0477,5.5669,-1.181,-21.9902
2020-08-31,0.5,88.8,101.8,100.19,83.3,99.98,149.393,209.6,332.1412,319.5391,42.61,-66.6667,-9.2025,4.6206,0.3968,-12.1308,0.543,-5.0716,-0.1429,3.0044,-0.8157,-22.6257
2020-09-01,0.5,80.0,104.79,100.74,77.6,100.03,166.6025,210.0,366.8246,355.3589,42.76,-66.6667,-18.2004,7.6934,0.948,-18.1435,0.5933,5.8638,0.0476,13.7605,10.3027,-22.3534
2020-09-02,0.5,80.0,104.79,100.74,77.6,100.03,166.6025,210.0,366.8246,355.3589,42.76,-66.6667,-18.2004,7.6934,0.948,-18.1435,0.5933,5.8638,0.0476,13.7605,10.3027,-20.6826
2020-09-03,0.5,80.0,104.79,100.74,77.6,100.03,166.6025,210.0,366.8246,355.3589,41.39,-66.6667,-18.2004,7.6934,0.948,-18.1435,0.5933,5.8638,0.0476,13.7605,10.3027,-26.3785
2020-09-04,0.5,80.0,104.79,100.74,77.6,100.03,166.6025,210.0,366.8246,355.3589,39.69,-66.6667,-18.2004,7.6934,0.948,-18.1435,0.5933,5.8638,0.0476,13.7605,10.3027,-29.5402
2020-09-05,0.5,80.0,104.79,100.74,77.6,100.03,166.6025,210.0,366.8246,355.3589,39.69,-66.6667,-18.2004,7.6934,0.948,-18.1435,0.5933,5.8638,0.0476,13.7605,10.3027,-29.69
2020-09-06,0.5,80.0,104.79,100.74,77.6,100.03,166.6025,210.0,366.8246,355.3589,39.69,-66.6667,-18.2004,7.6934,0.948,-18.1435,0.5933,5.8638,0.0476,13.7605,10.3027,-29.69
2020-09-07,0.5,80.0,104.79,100.74,77.6,100.03,166.6025,210.0,366.8246,355.3589,39.69,-66.6667,-18.2004,7.6934,0.948,-18.1435,0.5933,5.8638,0.0476,13.7605,10.3027,-29.69
2020-09-08,0.5,80.0,104.79,100.74,77.6,100.03,166.6025,210.0,366.8246,355.3589,36.87,-66.6667,-18.2004,7.6934,0.948,-18.1435,0.5933,5.8638,0.0476,13.7605,10.3027,-36.2992
2020-09-09,0.5,80.0,104.79,100.74,77.6,100.03,166.6025,210.0,366.8246,355.3589,38.05,-66.6667,-18.2004,7.6934,0.948,-18.1435,0.5933,5.8638,0.0476,13.7605,10.3027,-33.6761
2020-09-10,0.5,80.0,104.79,100.74,77.6,100.03,166.6025,210.0,366.8246,355.3589,37.25,-66.6667,-18.2004,7.6934,0.948,-18.1435,0.5933,5.8638,0.0476,13.7605,10.3027,-33.0758
2020-09-11,0.5,80.0,104.79,100.74,77.6,100.03,166.6025,210.0,366.8246,355.3589,37.33,-66.6667,-18.2004,7.6934,0.948,-18.1435,0.5933,5.8638,0.0476,13.7605,10.3027,-32.2873
2020-09-12,0.5,80.0,104.79,100.74,77.6,100.03,166.6025,210.0,366.8246,355.3589,37.33,-66.6667,-18.2004,7.6934,0.948,-18.1435,0.5933,5.8638,0.0476,13.7605,10.3027,-31.8298
2020-09-13,0.5,80.0,104.79,100.74,77.6,100.03,166.6025,210.0,366.8246,355.3589,37.33,-66.6667,-18.2004,7.6934,0.948,-18.1435,0.5933,5.8638,0.0476,13.7605,10.3027,-31.8298
2020-09-14,0.5,80.0,104.79,100.74,77.6,100.03,166.6025,210.0,366.8246,355.3589,37.23,-66.6667,-18.2004,7.6934,0.948,-18.1435,0.5933,5.8638,0.0476,13.7605,10.3027,-32.0124
2020-09-15,0.5,80.0,104.79,100.74,77.6,100.03,166.6025,210.0,366.8246,355.3589,38.29,-66.6667,-18.2004,7.6934,0.948,-18.1435,0.5933,5.8638,0.0476,13.7605,10.3027,-39.3185
2020-09-16,0.5,80.0,104.79,100.74,77.6,100.03,166.6025,210.0,366.8246,355.3589,40.17,-66.6667,-18.2004,7.6934,0.948,-18.1435,0.5933,5.8638,0.0476,13.7605,10.3027,-32.214
2020-09-17,0.5,80.0,104.79,100.74,77.6,100.03,166.6025,210.0,366.8246,355.3589,40.99,-66.6667,-18.2004,7.6934,0.948,-18.1435,0.5933,5.8638,0.0476,13.7605,10.3027,-29.5583
2020-09-18,0.5,80.0,104.79,100.74,77.6,100.03,166.6025,210.0,366.8246,355.3589,41.09,-66.6667,-18.2004,7.6934,0.948,-18.1435,0.5933,5.8638,0.0476,13.7605,10.3027,-29.3865
2020-09-19,0.5,80.0,104.79,100.74,77.6,100.03,166.6025,210.0,366.8246,355.3589,41.09,-66.6667,-18.2004,7.6934,0.948,-18.1435,0.5933,5.8638,0.0476,13.7605,10.3027,-29.0573
2020-09-20,0.5,80.0,104.79,100.74,77.6,100.03,166.6025,210.0,366.8246,355.3589,41.09,-66.6667,-18.2004,7.6934,0.948,-18.1435,0.5933,5.8638,0.0476,13.7605,10.3027,-29.0573
2020-09-21,0.5,80.0,104.79,100.74,77.6,100.03,166.6025,210.0,366.8246,355.3589,39.26,-66.6667,-18.2004,7.6934,0.948,-18.1435,0.5933,5.8638,0.0476,13.7605,10.3027,-32.2169
2020-09-22,0.5,80.0,104.79,100.74,77.6,100.03,166.6025,210.0,366.8246,355.3589,39.55,-66.6667,-18.2004,7.6934,0.948,-18.1435,0.5933,5.8638,0.0476,13.7605,10.3027,-32.612
2020-09-23,0.5,80.0,104.79,100.74,77.6,100.03,166.6025,210.0,366.8246,355.3589,39.92,-66.6667,-18.2004,7.6934,0.948,-18.1435,0.5933,5.8638,0.0476,13.7605,10.3027,-30.2342
2020-09-24,0.5,80.0,104.79,100.74,77.6,100.03,166.6025,210.0,366.8246,355.3589,40.11,-66.6667,-18.2004,7.6934,0.948,-18.1435,0.5933,5.8638,0.0476,13.7605,10.3027,-28.8578
2020-09-25,0.5,80.0,104.79,100.74,77.6,100.03,166.6025,210.0,366.8246,355.3589,40.06,-66.6667,-18.2004,7.6934,0.948,-18.1435,0.5933,5.8638,0.0476,13.7605,10.3027,-28.7696
2020-09-26,0.5,80.0,104.79,100.74,77.6,100.03,166.6025,210.0,366.8246,355.3589,40.06,-66.6667,-18.2004,7.6934,0.948,-18.1435,0.5933,5.8638,0.0476,13.7605,10.3027,-28.4004
2020-09-27,0.5,80.0,104.79,100.74,77.6,100.03,166.6025,210.0,366.8246,355.3589,40.06,-66.6667,-18.2004,7.6934,0.948,-18.1435,0.5933,5.8638,0.0476,13.7605,10.3027,-28.4004
2020-09-28,0.5,80.0,104.79,100.74,77.6,100.03,166.6025,210.0,366.8246,355.3589,40.47,-66.6667,-18.2004,7.6934,0.948,-18.1435,0.5933,5.8638,0.0476,13.7605,10.3027,-27.6676
2020-09-29,0.5,80.0,104.79,100.74,77.6,100.03,166.6025,210.0,366.8246,355.3589,39.03,-66.6667,-18.2004,7.6934,0.948,-18.1435,0.5933,5.8638,0.0476,13.7605,10.3027,-27.8425
2020-09-30,0.5,80.0,104.79,100.74,77.6,100.03,166.6025,210.0,366.8246,355.3589,40.05,-60.0,-19.598,7.4802,0.6987,-17.2708,0.7047,-0.4156,0.1431,7.9305,5.9705,-25.2799
2020-10-01,0.5,92.3,104.85,100.18,89.1,100.8,186.7664,211.8,387.5751,405.2146,38.51,-60.0,-7.2362,7.5418,0.1389,-5.0107,1.4799,11.6371,1.0014,14.0358,20.8379,-26.8844
2020-10-02,0.5,92.3,104.85,100.18,89.1,100.8,186.7664,211.8,387.5751,405.2146,36.9,-60.0,-7.2362,7.5418,0.1389,-5.0107,1.4799,11.6371,1.0014,14.0358,20.8379,-29.5936
2020-10-03,0.5,92.3,104.85,100.18,89.1,100.8,186.7664,211.8,387.5751,405.2146,36.9,-60.0,-7.2362,7.5418,0.1389,-5.0107,1.4799,11.6371,1.0014,14.0358,20.8379,-30.1665
2020-10-04,0.5,92.3,104.85,100.18,89.1,100.8,186.7664,211.8,387.5751,405.2146,36.9,-60.0,-7.2362,7.5418,0.1389,-5.0107,1.4799,11.6371,1.0014,14.0358,20.8379,-30.1665
2020-10-05,0.5,92.3,104.85,100.18,89.1,100.8,186.7664,211.8,387.5751,405.2146,39.12,-60.0,-7.2362,7.5418,0.1389,-5.0107,1.4799,11.6371,1.0014,14.0358,20.8379,-25.9652
2020-10-06,0.5,92.3,104.85,100.18,89.1,100.8,186.7664,211.8,387.5751,405.2146,40.52,-60.0,-7.2362,7.5418,0.1389,-5.0107,1.4799,11.6371,1.0014,14.0358,20.8379,-23.1994
2020-10-07,0.5,92.3,104.85,100.18,89.1,100.8,186.7664,211.8,387.5751,405.2146,39.82,-60.0,-7.2362,7.5418,0.1389,-5.0107,1.4799,11.6371,1.0014,14.0358,20.8379,-24.3541
2020-10-08,0.5,92.3,104.85,100.18,89.1,100.8,186.7664,211.8,387.5751,405.2146,41.04,-60.0,-7.2362,7.5418,0.1389,-5.0107,1.4799,11.6371,1.0014,14.0358,20.8379,-22.0217
2020-10-09,0.5,92.3,104.85,100.18,89.1,100.8,186.7664,211.8,387.5751,405.2146,40.44,-60.0,-7.2362,7.5418,0.1389,-5.0107,1.4799,11.6371,1.0014,14.0358,20.8379,-24.51
2020-10-10,0.5,92.3,104.85,100.18,89.1,100.8,186.7664,211.8,387.5751,405.2146,40.44,-60.0,-7.2362,7.5418,0.1389,-5.0107,1.4799,11.6371,1.0014,14.0358,20.8379,-26.1505
2020-10-11,0.5,92.3,104.85,100.18,89.1,100.8,186.7664,211.8,387.5751,405.2146,40.44,-60.0,-7.2362,7.5418,0.1389,-5.0107,1.4799,11.6371,1.0014,14.0358,20.8379,-26.1505
2020-10-12,0.5,92.3,104.85,100.18,89.1,100.8,186.7664,211.8,387.5751,405.2146,39.22,-60.0,-7.2362,7.5418,0.1389,-5.0107,1.4799,11.6371,1.0014,14.0358,20.8379,-28.3784
2020-10-13,0.5,92.3,104.85,100.18,89.1,100.8,186.7664,211.8,387.5751,405.2146,40.03,-60.0,-7.2362,7.5418,0.1389,-5.0107,1.4799,11.6371,1.0014,14.0358,20.8379,-25.2753
2020-10-14,0.5,92.3,104.85,100.18,89.1,100.8,186.7664,211.8,387.5751,405.2146,40.86,-60.0,-7.2362,7.5418,0.1389,-5.0107,1.4799,11.6371,1.0014,14.0358,20.8379,-22.6283
2020-10-15,0.5,92.3,104.85,100.18,89.1,100.8,186.7664,211.8,387.5751,405.2146,40.84,-60.0,-7.2362,7.5418,0.1389,-5.0107,1.4799,11.6371,1.0014,14.0358,20.8379,-23.5492
2020-10-16,0.5,92.3,104.85,100.18,89.1,100.8,186.7664,211.8,387.5751,405.2146,40.7,-60.0,-7.2362,7.5418,0.1389,-5.0107,1.4799,11.6371,1.0014,14.0358,20.8379,-24.4758
2020-10-17,0.5,92.3,104.85,100.18,89.1,100.8,186.7664,211.8,387.5751,405.2146,40.7,-60.0,-7.2362,7.5418,0.1389,-5.0107,1.4799,11.6371,1.0014,14.0358,20.8379,-24.2791
2020-10-18,0.5,92.3,104.85,100.18,89.1,100.8,186.7664,211.8,387.5751,405.2146,40.7,-60.0,-7.2362,7.5418,0.1389,-5.0107,1.4799,11.6371,1.0014,14.0358,20.8379,-24.2791
2020-10-19,0.5,92.3,104.85,100.18,89.1,100.8,186.7664,211.8,387.5751,405.2146,40.69,-60.0,-7.2362,7.5418,0.1389,-5.0107,1.4799,11.6371,1.0014,14.0358,20.8379,-24.2977
2020-10-20,0.5,92.3,104.85,100.18,89.1,100.8,186.7664,211.8,387.5751,405.2146,41.37,-60.0,-7.2362,7.5418,0.1389,-5.0107,1.4799,11.6371,1.0014,14.0358,20.8379,-22.3536
2020-10-21,0.5,92.3,104.85,100.18,89.1,100.8,186.7664,211.8,387.5751,405.2146,39.88,-60.0,-7.2362,7.5418,0.1389,-5.0107,1.4799,11.6371,1.0014,14.0358,20.8379,-26.4342
2020-10-22,0.5,92.3,104.85,100.18,89.1,100.8,186.7664,211.8,387.5751,405.2146,40.46,-60.0,-7.2362,7.5418,0.1389,-5.0107,1.4799,11.6371,1.0014,14.0358,20.8379,-27.6208
2020-10-23,0.5,92.3,104.85,100.18,89.1,100.8,186.7664,211.8,387.5751,405.2146,39.73,-60.0,-7.2362,7.5418,0.1389,-5.0107,1.4799,11.6371,1.0014,14.0358,20.8379,-29.1927
2020-10-24,0.5,92.3,104.85,100.18,89.1,100.8,186.7664,211.8,387.5751,405.2146,39.73,-60.0,-7.2362,7.5418,0.1389,-5.0107,1.4799,11.6371,1.0014,14.0358,20.8379,-29.7063
2020-10-25,0.5,92.3,104.85,100.18,89.1,100.8,186.7664,211.8,387.5751,405.2146,39.73,-60.0,-7.2362,7.5418,0.1389,-5.0107,1.4799,11.6371,1.0014,14.0358,20.8379,-29.7063
2020-10-26,0.5,92.3,104.85,100.18,89.1,100.8,186.7664,211.8,387.5751,405.2146,38.39,-60.0,-7.2362,7.5418,0.1389,-5.0107,1.4799,11.6371,1.0014,14.0358,20.8379,-32.0771
2020-10-27,0.5,92.3,104.85,100.18,89.1,100.8,186.7664,211.8,387.5751,405.2146,39.34,-60.0,-7.2362,7.5418,0.1389,-5.0107,1.4799,11.6371,1.0014,14.0358,20.8379,-29.2446
2020-10-28,0.5,92.3,104.85,100.18,89.1,100.8,186.7664,211.8,387.5751,405.2146,37.27,-60.0,-7.2362,7.5418,0.1389,-5.0107,1.4799,11.6371,1.0014,14.0358,20.8379,-32.6527
2020-10-29,0.5,92.3,104.85,100.18,89.1,100.8,186.7664,211.8,387.5751,405.2146,35.94,-60.0,-7.2362,7.5418,0.1389,-5.0107,1.4799,11.6371,1.0014,14.0358,20.8379,-34.4758
2020-10-30,0.5,92.3,104.85,100.18,89.1,100.8,186.7664,211.8,387.5751,405.2146,35.64,-60.0,-7.2362,7.5418,0.1389,-5.0107,1.4799,11.6371,1.0014,14.0358,20.8379,-34.0244
2020-10-31,0.5,92.3,104.85,100.18,89.1,100.8,186.7664,211.8,387.5751,405.2146,35.64,-60.0,-9.421,10.3824,0.7026,-6.3091,1.5208,12.2652,0.3316,16.4037,22.2029,-36.4026
2020-11-01,0.5,98.8,101.24,100.09,92.2,100.84,190.625,213.8,419.5855,430.2376,35.64,-60.0,-3.0422,6.5819,0.6122,-3.0494,1.5611,14.5846,1.279,26.0177,29.7492,-36.4026
2020-11-02,0.5,98.8,101.24,100.09,92.2,100.84,190.625,213.8,419.5855,430.2376,36.6,-60.0,-3.0422,6.5819,0.6122,-3.0494,1.5611,14.5846,1.279,26.0177,29.7492,-34.6895
2020-11-03,0.5,98.8,101.24,100.09,92.2,100.84,190.625,213.8,419.5855,430.2376,37.44,-60.0,-3.0422,6.5819,0.6122,-3.0494,1.5611,14.5846,1.279,26.0177,29.7492,-33.5345
2020-11-04,0.5,98.8,101.24,100.09,92.2,100.84,190.625,213.8,419.5855,430.2376,38.97,-60.0,-3.0422,6.5819,0.6122,-3.0494,1.5611,14.5846,1.279,26.0177,29.7492,-31.6795
2020-11-05,0.5,98.8,101.24,100.09,92.2,100.84,190.625,213.8,419.5855,430.2376,38.56,-60.0,-3.0422,6.5819,0.6122,-3.0494,1.5611,14.5846,1.279,26.0177,29.7492,-31.3268
2020-11-06,0.5,98.8,101.24,100.09,92.2,100.84,190.625,213.8,419.5855,430.2376,36.97,-60.0,-3.0422,6.5819,0.6122,-3.0494,1.5611,14.5846,1.279,26.0177,29.7492,-35.0378
2020-11-07,0.5,98.8,101.24,100.09,92.2,100.84,190.625,213.8,419.5855,430.2376,36.97,-60.0,-3.0422,6.5819,0.6122,-3.0494,1.5611,14.5846,1.279,26.0177,29.7492,-35.1631
2020-11-08,0.5,98.8,101.24,100.09,92.2,100.84,190.625,213.8,419.5855,430.2376,36.97,-60.0,-3.0422,6.5819,0.6122,-3.0494,1.5611,14.5846,1.279,26.0177,29.7492,-35.1631
2020-11-09,0.5,98.8,101.24,100.09,92.2,100.84,190.625,213.8,419.5855,430.2376,40.05,-60.0,-3.0422,6.5819,0.6122,-3.0494,1.5611,14.5846,1.279,26.0177,29.7492,-29.7615
2020-11-10,0.5,98.8,101.24,100.09,92.2,100.84,190.625,213.8,419.5855,430.2376,41.18,-60.0,-3.0422,6.5819,0.6122,-3.0494,1.5611,14.5846,1.279,26.0177,29.7492,-27.7797
2020-11-11,0.5,98.8,101.24,100.09,92.2,100.84,190.625,213.8,419.5855,430.2376,41.23,-60.0,-3.0422,6.5819,0.6122,-3.0494,1.5611,14.5846,1.279,26.0177,29.7492,-27.2455
2020-11-12,0.5,98.8,101.24,100.09,92.2,100.84,190.625,213.8,419.5855,430.2376,40.9,-60.0,-3.0422,6.5819,0.6122,-3.0494,1.5611,14.5846,1.279,26.0177,29.7492,-28.0942
2020-11-13,0.5,98.8,101.24,100.09,92.2,100.84,190.625,213.8,419.5855,430.2376,39.93,-60.0,-3.0422,6.5819,0.6122,-3.0494,1.5611,14.5846,1.279,26.0177,29.7492,-29.4149
2020-11-14,0.5,98.8,101.24,100.09,92.2,100.84,190.625,213.8,419.5855,430.2376,39.93,-60.0,-3.0422,6.5819,0.6122,-3.0494,1.5611,14.5846,1.279,26.0177,29.7492,-30.6048
2020-11-15,0.5,98.8,101.24,100.09,92.2,100.84,190.625,213.8,419.5855,430.2376,39.93,-60.0,-3.0422,6.5819,0.6122,-3.0494,1.5611,14.5846,1.279,26.0177,29.7492,-30.6048
2020-11-16,0.5,98.8,101.24,100.09,92.2,100.84,190.625,213.8,419.5855,430.2376,41.14,-60.0,-3.0422,6.5819,0.6122,-3.0494,1.5611,14.5846,1.279,26.0177,29.7492,-28.5019
2020-11-17,0.5,98.8,101.24,100.09,92.2,100.84,190.625,213.8,419.5855,430.2376,41.24,-60.0,-3.0422,6.5819,0.6122,-3.0494,1.5611,14.5846,1.279,26.0177,29.7492,-27.4199
2020-11-18,0.5,98.8,101.24,100.09,92.2,100.84,190.625,213.8,419.5855,430.2376,41.64,-60.0,-3.0422,6.5819,0.6122,-3.0494,1.5611,14.5846,1.279,26.0177,29.7492,-24.1944
2020-11-19,0.5,98.8,101.24,100.09,92.2,100.84,190.625,213.8,419.5855,430.2376,41.57,-60.0,-3.0422,6.5819,0.6122,-3.0494,1.5611,14.5846,1.279,26.0177,29.7492,-26.6972
2020-11-20,0.5,98.8,101.24,100.09,92.2,100.84,190.625,213.8,419.5855,430.2376,41.99,-60.0,-3.0422,6.5819,0.6122,-3.0494,1.5611,14.5846,1.279,26.0177,29.7492,-28.05
2020-11-21,0.5,98.8,101.24,100.09,92.2,100.84,190.625,213.8,419.5855,430.2376,41.99,-60.0,-3.0422,6.5819,0.6122,-3.0494,1.5611,14.5846,1.279,26.0177,29.7492,-27.2018
2020-11-22,0.5,98.8,101.24,100.09,92.2,100.84,190.625,213.8,419.5855,430.2376,41.99,-60.0,-3.0422,6.5819,0.6122,-3.0494,1.5611,14.5846,1.279,26.0177,29.7492,-27.2018
2020-11-23,0.5,98.8,101.24,100.09,92.2,100.84,190.625,213.8,419.5855,430.2376,42.91,-60.0,-3.0422,6.5819,0.6122,-3.0494,1.5611,14.5846,1.279,26.0177,29.7492,-25.6068
2020-11-24,0.5,98.8,101.24,100.09,92.2,100.84,190.625,213.8,419.5855,430.2376,44.71,-60.0,-3.0422,6.5819,0.6122,-3.0494,1.5611,14.5846,1.279,26.0177,29.7492,-22.6337
2020-11-25,0.5,98.8,101.24,100.09,92.2,100.84,190.625,213.8,419.5855,430.2376,45.58,-60.0,-3.0422,6.5819,0.6122,-3.0494,1.5611,14.5846,1.279,26.0177,29.7492,-21.7511
2020-11-26,0.5,98.8,101.24,100.09,92.2,100.84,190.625,213.8,419.5855,430.2376,45.58,-60.0,-3.0422,6.5819,0.6122,-3.0494,1.5611,14.5846,1.279,26.0177,29.7492,-21.576
2020-11-27,0.5,98.8,101.24,100.09,92.2,100.84,190.625,213.8,419.5855,430.2376,45.58,-60.0,-3.0422,6.5819,0.6122,-3.0494,1.5611,14.5846,1.279,26.0177,29.7492,-21.576
2020-11-28,0.5,98.8,101.24,100.09,92.2,100.84,190.625,213.8,419.5855,430.2376,45.58,-60.0,-3.0422,6.5819,0.6122,-3.0494,1.5611,14.5846,1.279,26.0177,29.7492,-21.576
2020-11-29,0.5,98.8,101.24,100.09,92.2,100.84,190.625,213.8,419.5855,430.2376,45.58,-60.0,-3.0422,6.5819,0.6122,-3.0494,1.5611,14.5846,1.279,26.0177,29.7492,-21.576
2020-11-30,0.5,98.8,101.24,100.09,92.2,100.84,190.625,213.8,419.5855,430.2376,45.2,-60.0,-2.5641,5.4869,0.372,-3.6573,1.5406,14.1064,1.279,25.2683,31.1719,-22.2299
2020-12-01,0.5,90.5,101.51,100.33,86.0,101.01,199.1844,212.8,443.6551,442.107,44.54,-60.0,-10.7495,5.7682,0.6127,-10.1358,1.7118,19.23,0.8053,32.4544,34.7906,-20.4217
2020-12-02,0.5,90.5,101.51,100.33,86.0,101.01,199.1844,212.8,443.6551,442.107,45.23,-60.0,-10.7495,5.7682,0.6127,-10.1358,1.7118,19.23,0.8053,32.4544,34.7906,-19.4479
2020-12-03,0.5,90.5,101.51,100.33,86.0,101.01,199.1844,212.8,443.6551,442.107,45.65,-60.0,-10.7495,5.7682,0.6127,-10.1358,1.7118,19.23,0.8053,32.4544,34.7906,-21.9124
2020-12-04,0.5,90.5,101.51,100.33,86.0,101.01,199.1844,212.8,443.6551,442.107,46.23,-60.0,-10.7495,5.7682,0.6127,-10.1358,1.7118,19.23,0.8053,32.4544,34.7906,-20.8661
2020-12-05,0.5,90.5,101.51,100.33,86.0,101.01,199.1844,212.8,443.6551,442.107,46.23,-60.0,-10.7495,5.7682,0.6127,-10.1358,1.7118,19.23,0.8053,32.4544,34.7906,-21.9088
2020-12-06,0.5,90.5,101.51,100.33,86.0,101.01,199.1844,212.8,443.6551,442.107,46.23,-60.0,-10.7495,5.7682,0.6127,-10.1358,1.7118,19.23,0.8053,32.4544,34.7906,-21.9088
2020-12-07,0.5,90.5,101.51,100.33,86.0,101.01,199.1844,212.8,443.6551,442.107,45.72,-60.0,-10.7495,5.7682,0.6127,-10.1358,1.7118,19.23,0.8053,32.4544,34.7906,-22.7703
2020-12-08,0.5,90.5,101.51,100.33,86.0,101.01,199.1844,212.8,443.6551,442.107,45.64,-60.0,-10.7495,5.7682,0.6127,-10.1358,1.7118,19.23,0.8053,32.4544,34.7906,-22.631
2020-12-09,0.5,90.5,101.51,100.33,86.0,101.01,199.1844,212.8,443.6551,442.107,45.48,-60.0,-10.7495,5.7682,0.6127,-10.1358,1.7118,19.23,0.8053,32.4544,34.7906,-23.2016
2020-12-10,0.5,90.5,101.51,100.33,86.0,101.01,199.1844,212.8,443.6551,442.107,46.76,-60.0,-10.7495,5.7682,0.6127,-10.1358,1.7118,19.23,0.8053,32.4544,34.7906,-20.395
2020-12-11,0.5,90.5,101.51,100.33,86.0,101.01,199.1844,212.8,443.6551,442.107,46.59,-60.0,-10.7495,5.7682,0.6127,-10.1358,1.7118,19.23,0.8053,32.4544,34.7906,-21.2741
2020-12-12,0.5,90.5,101.51,100.33,86.0,101.01,199.1844,212.8,443.6551,442.107,46.59,-60.0,-10.7495,5.7682,0.6127,-10.1358,1.7118,19.23,0.8053,32.4544,34.7906,-22.4921
2020-12-13,0.5,90.5,101.51,100.33,86.0,101.01,199.1844,212.8,443.6551,442.107,46.59,-60.0,-10.7495,5.7682,0.6127,-10.1358,1.7118,19.23,0.8053,32.4544,34.7906,-22.4921
2020-12-14,0.5,90.5,101.51,100.33,86.0,101.01,199.1844,212.8,443.6551,442.107,47.02,-60.0,-10.7495,5.7682,0.6127,-10.1358,1.7118,19.23,0.8053,32.4544,34.7906,-21.7767
2020-12-15,0.5,90.5,101.51,100.33,86.0,101.01,199.1844,212.8,443.6551,442.107,47.58,-60.0,-10.7495,5.7682,0.6127,-10.1358,1.7118,19.23,0.8053,32.4544,34.7906,-20.9766
2020-12-16,0.5,90.5,101.51,100.33,86.0,101.01,199.1844,212.8,443.6551,442.107,47.86,-60.0,-10.7495,5.7682,0.6127,-10.1358,1.7118,19.23,0.8053,32.4544,34.7906,-21.3863
2020-12-17,0.5,90.5,101.51,100.33,86.0,101.01,199.1844,212.8,443.6551,442.107,48.34,-60.0,-10.7495,5.7682,0.6127,-10.1358,1.7118,19.23,0.8053,32.4544,34.7906,-20.6631
2020-12-18,0.5,90.5,101.51,100.33,86.0,101.01,199.1844,212.8,443.6551,442.107,49.04,-60.0,-10.7495,5.7682,0.6127,-10.1358,1.7118,19.23,0.8053,32.4544,34.7906,-20.0
2020-12-19,0.5,90.5,101.51,100.33,86.0,101.01,199.1844,212.8,443.6551,442.107,49.04,-60.0,-10.7495,5.7682,0.6127,-10.1358,1.7118,19.23,0.8053,32.4544,34.7906,-18.8483
2020-12-20,0.5,90.5,101.51,100.33,86.0,101.01,199.1844,212.8,443.6551,442.107,49.04,-60.0,-10.7495,5.7682,0.6127,-10.1358,1.7118,19.23,0.8053,32.4544,34.7906,-18.8483
2020-12-21,0.5,90.5,101.51,100.33,86.0,101.01,199.1844,212.8,443.6551,442.107,47.79,-60.0,-10.7495,5.7682,0.6127,-10.1358,1.7118,19.23,0.8053,32.4544,34.7906,-20.9168
2020-12-22,0.5,90.5,101.51,100.33,86.0,101.01,199.1844,212.8,443.6551,442.107,47.02,-60.0,-10.7495,5.7682,0.6127,-10.1358,1.7118,19.23,0.8053,32.4544,34.7906,-22.2938
2020-12-23,0.5,90.5,101.51,100.33,86.0,101.01,199.1844,212.8,443.6551,442.107,47.94,-60.0,-10.7495,5.7682,0.6127,-10.1358,1.7118,19.23,0.8053,32.4544,34.7906,-21.6282
2020-12-24,0.5,90.5,101.51,100.33,86.0,101.01,199.1844,212.8,443.6551,442.107,48.18,-60.0,-10.7495,5.7682,0.6127,-10.1358,1.7118,19.23,0.8053,32.4544,34.7906,-21.2359
2020-12-25,0.5,90.5,101.51,100.33,86.0,101.01,199.1844,212.8,443.6551,442.107,48.18,-60.0,-10.7495,5.7682,0.6127,-10.1358,1.7118,19.23,0.8053,32.4544,34.7906,-21.9378
2020-12-26,0.5,90.5,101.51,100.33,86.0,101.01,199.1844,212.8,443.6551,442.107,48.18,-60.0,-10.7495,5.7682,0.6127,-10.1358,1.7118,19.23,0.8053,32.4544,34.7906,-21.9883
2020-12-27,0.5,90.5,101.51,100.33,86.0,101.01,199.1844,212.8,443.6551,442.107,48.18,-60.0,-10.7495,5.7682,0.6127,-10.1358,1.7118,19.23,0.8053,32.4544,34.7906,-21.9883
2020-12-28,0.5,90.5,101.51,100.33,86.0,101.01,199.1844,212.8,443.6551,442.107,47.5,-60.0,-10.7495,5.7682,0.6127,-10.1358,1.7118,19.23,0.8053,32.4544,34.7906,-23.0894
2020-12-29,0.5,90.5,101.51,100.33,86.0,101.01,199.1844,212.8,443.6551,442.107,47.85,-60.0,-10.7495,5.7682,0.6127,-10.1358,1.7118,19.23,0.8053,32.4544,34.7906,-22.397
2020-12-30,0.5,90.5,101.51,100.33,86.0,101.01,199.1844,212.8,443.6551,442.107,48.24,-60.0,-10.7495,5.7682,0.6127,-10.1358,1.7118,19.23,0.8053,32.4544,34.7906,-21.0991
2020-12-31,0.5,90.5,101.51,100.33,86.0,101.01,199.1844,212.8,443.6551,442.107,48.35,-60.0,-13.9734,4.4772,0.2398,-12.6016,1.538,15.9302,0.9967,31.6173,34.7971,-20.9192
2021-01-01,0.5,95.0,103.39,101.04,93.2,101.93,231.7545,213.4,504.3121,488.2485,48.35,-60.0,-9.6958,6.4121,0.9491,-5.2846,2.4628,34.8867,1.2814,49.6121,48.8655,-20.958
2021-01-02,0.5,95.0,103.39,101.04,93.2,101.93,231.7545,213.4,504.3121,488.2485,48.35,-60.0,-9.6958,6.4121,0.9491,-5.2846,2.4628,34.8867,1.2814,49.6121,48.8655,-23.254
2021-01-03,0.5,95.0,103.39,101.04,93.2,101.93,231.7545,213.4,504.3121,488.2485,48.35,-60.0,-9.6958,6.4121,0.9491,-5.2846,2.4628,34.8867,1.2814,49.6121,48.8655,-23.254
2021-01-04,0.5,95.0,103.39,101.04,93.2,101.93,231.7545,213.4,504.3121,488.2485,47.47,-60.0,-9.6958,6.4121,0.9491,-5.2846,2.4628,34.8867,1.2814,49.6121,48.8655,-24.6508
2021-01-05,0.5,95.0,103.39,101.04,93.2,101.93,231.7545,213.4,504.3121,488.2485,49.78,-60.0,-9.6958,6.4121,0.9491,-5.2846,2.4628,34.8867,1.2814,49.6121,48.8655,-21.3213
2021-01-06,0.5,95.0,103.39,101.04,93.2,101.93,231.7545,213.4,504.3121,488.2485,50.45,-60.0,-9.6958,6.4121,0.9491,-5.2846,2.4628,34.8867,1.2814,49.6121,48.8655,-19.5375
2021-01-07,0.5,95.0,103.39,101.04,93.2,101.93,231.7545,213.4,504.3121,488.2485,50.63,-60.0,-9.6958,6.4121,0.9491,-5.2846,2.4628,34.8867,1.2814,49.6121,48.8655,-15.1215
2021-01-08,0.5,95.0,103.39,101.04,93.2,101.93,231.7545,213.4,504.3121,488.2485,52.14,-60.0,-9.6958,6.4121,0.9491,-5.2846,2.4628,34.8867,1.2814,49.6121,48.8655,-12.458
2021-01-09,0.5,95.0,103.39,101.04,93.2,101.93,231.7545,213.4,504.3121,488.2485,52.14,-60.0,-9.6958,6.4121,0.9491,-5.2846,2.4628,34.8867,1.2814,49.6121,48.8655,-11.6571
2021-01-10,0.5,95.0,103.39,101.04,93.2,101.93,231.7545,213.4,504.3121,488.2485,52.14,-60.0,-9.6958,6.4121,0.9491,-5.2846,2.4628,34.8867,1.2814,49.6121,48.8655,-11.6571
2021-01-11,0.5,95.0,103.39,101.04,93.2,101.93,231.7545,213.4,504.3121,488.2485,52.15,-60.0,-9.6958,6.4121,0.9491,-5.2846,2.4628,34.8867,1.2814,49.6121,48.8655,-11.6401
2021-01-12,0.5,95.0,103.39,101.04,93.2,101.93,231.7545,213.4,504.3121,488.2485,53.08,-60.0,-9.6958,6.4121,0.9491,-5.2846,2.4628,34.8867,1.2814,49.6121,48.8655,-8.7502
2021-01-13,0.5,95.0,103.39,101.04,93.2,101.93,231.7545,213.4,504.3121,488.2485,52.81,-60.0,-9.6958,6.4121,0.9491,-5.2846,2.4628,34.8867,1.2814,49.6121,48.8655,-9.4789
2021-01-14,0.5,95.0,103.39,101.04,93.2,101.93,231.7545,213.4,504.3121,488.2485,53.47,-60.0,-9.6958,6.4121,0.9491,-5.2846,2.4628,34.8867,1.2814,49.6121,48.8655,-7.5873
2021-01-15,0.5,95.0,103.39,101.04,93.2,101.93,231.7545,213.4,504.3121,488.2485,52.25,-60.0,-9.6958,6.4121,0.9491,-5.2846,2.4628,34.8867,1.2814,49.6121,48.8655,-10.7143
2021-01-16,0.5,95.0,103.39,101.04,93.2,101.93,231.7545,213.4,504.3121,488.2485,52.25,-60.0,-9.6958,6.4121,0.9491,-5.2846,2.4628,34.8867,1.2814,49.6121,48.8655,-10.76
2021-01-17,0.5,95.0,103.39,101.04,93.2,101.93,231.7545,213.4,504.3121,488.2485,52.25,-60.0,-9.6958,6.4121,0.9491,-5.2846,2.4628,34.8867,1.2814,49.6121,48.8655,-10.76
2021-01-18,0.5,95.0,103.39,101.04,93.2,101.93,231.7545,213.4,504.3121,488.2485,52.25,-60.0,-9.6958,6.4121,0.9491,-5.2846,2.4628,34.8867,1.2814,49.6121,48.8655,-10.76
2021-01-19,0.5,95.0,103.39,101.04,93.2,101.93,231.7545,213.4,504.3121,488.2485,52.87,-60.0,-9.6958,6.4121,0.9491,-5.2846,2.4628,34.8867,1.2814,49.6121,48.8655,-9.7011
2021-01-20,0.5,95.0,103.39,101.04,93.2,101.93,231.7545,213.4,504.3121,488.2485,53.16,-60.0,-9.6958,6.4121,0.9491,-5.2846,2.4628,34.8867,1.2814,49.6121,48.8655,-8.7382
2021-01-21,0.5,95.0,103.39,101.04,93.2,101.93,231.7545,213.4,504.3121,488.2485,53.0,-60.0,-9.6958,6.4121,0.9491,-5.2846,2.4628,34.8867,1.2814,49.6121,48.8655,-6.6244
2021-01-22,0.5,95.0,103.39,101.04,93.2,101.93,231.7545,213.4,504.3121,488.2485,52.28,-60.0,-9.6958,6.4121,0.9491,-5.2846,2.4628,34.8867,1.2814,49.6121,48.8655,-5.8188
2021-01-23,0.5,95.0,103.39,101.04,93.2,101.93,231.7545,213.4,504.3121,488.2485,52.28,-60.0,-9.6958,6.4121,0.9491,-5.2846,2.4628,34.8867,1.2814,49.6121,48.8655,-3.3463
2021-01-24,0.5,95.0,103.39,101.04,93.2,101.93,231.7545,213.4,504.3121,488.2485,52.28,-60.0,-9.6958,6.4121,0.9491,-5.2846,2.4628,34.8867,1.2814,49.6121,48.8655,-3.3463
2021-01-25,0.5,95.0,103.39,101.04,93.2,101.93,231.7545,213.4,504.3121,488.2485,52.78,-60.0,-9.6958,6.4121,0.9491,-5.2846,2.4628,34.8867,1.2814,49.6121,48.8655,-2.4219
2021-01-26,0.5,95.0,103.39,101.04,93.2,101.93,231.7545,213.4,504.3121,488.2485,52.61,-60.0,-9.6958,6.4121,0.9491,-5.2846,2.4628,34.8867,1.2814,49.6121,48.8655,-0.9041
2021-01-27,0.5,95.0,103.39,101.04,93.2,101.93,231.7545,213.4,504.3121,488.2485,52.81,-60.0,-9.6958,6.4121,0.9491,-5.2846,2.4628,34.8867,1.2814,49.6121,48.8655,-0.9751
2021-01-28,0.5,95.0,103.39,101.04,93.2,101.93,231.7545,213.4,504.3121,488.2485,52.26,-60.0,-9.6958,6.4121,0.9491,-5.2846,2.4628,34.8867,1.2814,49.6121,48.8655,-1.9328
2021-01-29,0.5,95.0,103.39,101.04,93.2,101.93,231.7545,213.4,504.3121,488.2485,52.16,-60.0,-9.6958,6.4121,0.9491,-5.2846,2.4628,34.8867,1.2814,49.6121,48.8655,-0.0575
2021-01-30,0.5,95.0,103.39,101.04,93.2,101.93,231.7545,213.4,504.3121,488.2485,52.16,-60.0,-9.6958,6.4121,0.9491,-5.2846,2.4628,34.8867,1.2814,49.6121,48.8655,1.1245
2021-01-31,0.5,95.0,103.39,101.04,93.2,101.93,231.7545,213.4,504.3121,488.2485,52.16,-60.0,-2.7636,6.9625,0.8786,3.2115,2.6899,37.3404,1.9102,54.9687,52.2708,1.1245
2021-02-01,0.5,97.2,105.69,101.58,97.2,102.71,245.5541,217.1,507.8173,472.6479,53.55,-60.0,-0.5118,9.342,1.4177,7.6412,3.4757,45.5182,3.6772,56.0458,47.4054,3.8193
2021-02-02,0.5,97.2,105.69,101.58,97.2,102.71,245.5541,217.1,507.8173,472.6479,54.77,-60.0,-0.5118,9.342,1.4177,7.6412,3.4757,45.5182,3.6772,56.0458,47.4054,9.4087
2021-02-03,0.5,97.2,105.69,101.58,97.2,102.71,245.5541,217.1,507.8173,472.6479,55.67,-60.0,-0.5118,9.342,1.4177,7.6412,3.4757,45.5182,3.6772,56.0458,47.4054,12.2605
2021-02-04,0.5,97.2,105.69,101.58,97.2,102.71,245.5541,217.1,507.8173,472.6479,56.19,-60.0,-0.5118,9.342,1.4177,7.6412,3.4757,45.5182,3.6772,56.0458,47.4054,10.458
2021-02-05,0.5,97.2,105.69,101.58,97.2,102.71,245.5541,217.1,507.8173,472.6479,56.8,-60.0,-0.5118,9.342,1.4177,7.6412,3.4757,45.5182,3.6772,56.0458,47.4054,11.5037
2021-02-06,0.5,97.2,105.69,101.58,97.2,102.71,245.5541,217.1,507.8173,472.6479,56.8,-60.0,-0.5118,9.342,1.4177,7.6412,3.4757,45.5182,3.6772,56.0458,47.4054,12.8327
2021-02-07,0.5,97.2,105.69,101.58,97.2,102.71,245.5541,217.1,507.8173,472.6479,56.8,-60.0,-0.5118,9.342,1.4177,7.6412,3.4757,45.5182,3.6772,56.0458,47.4054,12.8327
2021-02-08,0.5,97.2,105.69,101.58,97.2,102.71,245.5541,217.1,507.8173,472.6479,57.95,-60.0,-0.5118,9.342,1.4177,7.6412,3.4757,45.5182,3.6772,56.0458,47.4054,15.1172
2021-02-09,0.5,97.2,105.69,101.58,97.2,102.71,245.5541,217.1,507.8173,472.6479,58.34,-60.0,-0.5118,9.342,1.4177,7.6412,3.4757,45.5182,3.6772,56.0458,47.4054,17.6447
2021-02-10,0.5,97.2,105.69,101.58,97.2,102.71,245.5541,217.1,507.8173,472.6479,58.69,-60.0,-0.5118,9.342,1.4177,7.6412,3.4757,45.5182,3.6772,56.0458,47.4054,17.38
2021-02-11,0.5,97.2,105.69,101.58,97.2,102.71,245.5541,217.1,507.8173,472.6479,58.22,-60.0,-0.5118,9.342,1.4177,7.6412,3.4757,45.5182,3.6772,56.0458,47.4054,13.8666
2021-02-12,0.5,97.2,105.69,101.58,97.2,102.71,245.5541,217.1,507.8173,472.6479,59.5,-60.0,-0.5118,9.342,1.4177,7.6412,3.4757,45.5182,3.6772,56.0458,47.4054,15.7362
2021-02-13,0.5,97.2,105.69,101.58,97.2,102.71,245.5541,217.1,507.8173,472.6479,59.5,-60.0,-0.5118,9.342,1.4177,7.6412,3.4757,45.5182,3.6772,56.0458,47.4054,14.3571
2021-02-14,0.5,97.2,105.69,101.58,97.2,102.71,245.5541,217.1,507.8173,472.6479,59.5,-60.0,-0.5118,9.342,1.4177,7.6412,3.4757,45.5182,3.6772,56.0458,47.4054,14.3571
2021-02-15,0.5,97.2,105.69,101.58,97.2,102.71,245.5541,217.1,507.8173,472.6479,59.5,-60.0,-0.5118,9.342,1.4177,7.6412,3.4757,45.5182,3.6772,56.0458,47.4054,14.3571
2021-02-16,0.5,97.2,105.69,101.58,97.2,102.71,245.5541,217.1,507.8173,472.6479,60.07,-60.0,-0.5118,9.342,1.4177,7.6412,3.4757,45.5182,3.6772,56.0458,47.4054,15.4526
2021-02-17,0.5,97.2,105.69,101.58,97.2,102.71,245.5541,217.1,507.8173,472.6479,61.09,-60.0,-0.5118,9.342,1.4177,7.6412,3.4757,45.5182,3.6772,56.0458,47.4054,17.2553
2021-02-18,0.5,97.2,105.69,101.58,97.2,102.71,245.5541,217.1,507.8173,472.6479,60.4,-60.0,-0.5118,9.342,1.4177,7.6412,3.4757,45.5182,3.6772,56.0458,47.4054,13.2996
2021-02-19,0.5,97.2,105.69,101.58,97.2,102.71,245.5541,217.1,507.8173,472.6479,59.12,-60.0,-0.5118,9.342,1.4177,7.6412,3.4757,45.5182,3.6772,56.0458,47.4054,9.9498
2021-02-20,0.5,97.2,105.69,101.58,97.2,102.71,245.5541,217.1,507.8173,472.6479,59.12,-60.0,-0.5118,9.342,1.4177,7.6412,3.4757,45.5182,3.6772,56.0458,47.4054,10.7946
2021-02-21,0.5,97.2,105.69,101.58,97.2,102.71,245.5541,217.1,507.8173,472.6479,59.12,-60.0,-0.5118,9.342,1.4177,7.6412,3.4757,45.5182,3.6772,56.0458,47.4054,10.7946
2021-02-22,0.5,97.2,105.69,101.58,97.2,102.71,245.5541,217.1,507.8173,472.6479,61.67,-60.0,-0.5118,9.342,1.4177,7.6412,3.4757,45.5182,3.6772,56.0458,47.4054,15.5735
2021-02-23,0.5,97.2,105.69,101.58,97.2,102.71,245.5541,217.1,507.8173,472.6479,61.66,-60.0,-0.5118,9.342,1.4177,7.6412,3.4757,45.5182,3.6772,56.0458,47.4054,20.0545
2021-02-24,0.5,97.2,105.69,101.58,97.2,102.71,245.5541,217.1,507.8173,472.6479,63.21,-60.0,-0.5118,9.342,1.4177,7.6412,3.4757,45.5182,3.6772,56.0458,47.4054,26.9787
2021-02-25,0.5,97.2,105.69,101.58,97.2,102.71,245.5541,217.1,507.8173,472.6479,63.43,-60.0,-0.5118,9.342,1.4177,7.6412,3.4757,45.5182,3.6772,56.0458,47.4054,30.3267
2021-02-26,0.5,97.2,105.69,101.58,97.2,102.71,245.5541,217.1,507.8173,472.6479,61.55,-60.0,-0.5118,9.342,1.4177,7.6412,3.4757,45.5182,3.6772,56.0458,47.4054,30.4855
2021-02-27,0.5,97.2,105.69,101.58,97.2,102.71,245.5541,217.1,507.8173,472.6479,61.55,-60.0,-0.5118,9.342,1.4177,7.6412,3.4757,45.5182,3.6772,56.0458,47.4054,37.2965
2021-02-28,0.5,97.2,105.69,101.58,97.2,102.71,245.5541,217.1,507.8173,472.6479,61.55,-60.0,-0.5118,9.342,1.4177,7.6412,3.4757,45.5182,3.6772,56.0458,47.4054,37.2965
2021-03-01,0.5,100.4,105.84,101.84,102.1,103.26,245.7604,219.8,519.8794,450.3517,60.54,-33.3333,27.0886,7.9339,1.9011,48.4012,3.9879,51.5363,5.0167,62.8001,31.8916,35.0435
2021-03-02,0.5,100.4,105.84,101.84,102.1,103.26,245.7604,219.8,519.8794,450.3517,59.7,-33.3333,27.0886,7.9339,1.9011,48.4012,3.9879,51.5363,5.0167,62.8001,31.8916,27.6186
2021-03-03,0.5,100.4,105.84,101.84,102.1,103.26,245.7604,219.8,519.8794,450.3517,61.33,-33.3333,27.0886,7.9339,1.9011,48.4012,3.9879,51.5363,5.0167,62.8001,31.8916,29.744
2021-03-04,0.5,100.4,105.84,101.84,102.1,103.26,245.7604,219.8,519.8794,450.3517,63.81,-33.3333,27.0886,7.9339,1.9011,48.4012,3.9879,51.5363,5.0167,62.8001,31.8916,36.4044
2021-03-05,0.5,100.4,105.84,101.84,102.1,103.26,245.7604,219.8,519.8794,450.3517,66.08,-33.3333,27.0886,7.9339,1.9011,48.4012,3.9879,51.5363,5.0167,62.8001,31.8916,43.9651
2021-03-06,0.5,100.4,105.84,101.84,102.1,103.26,245.7604,219.8,519.8794,450.3517,66.08,-33.3333,27.0886,7.9339,1.9011,48.4012,3.9879,51.5363,5.0167,62.8001,31.8916,60.6223
2021-03-07,0.5,100.4,105.84,101.84,102.1,103.26,245.7604,219.8,519.8794,450.3517,66.08,-33.3333,27.0886,7.9339,1.9011,48.4012,3.9879,51.5363,5.0167,62.8001,31.8916,60.6223
2021-03-08,0.5,100.4,105.84,101.84,102.1,103.26,245.7604,219.8,519.8794,450.3517,65.03,-33.3333,27.0886,7.9339,1.9011,48.4012,3.9879,51.5363,5.0167,62.8001,31.8916,58.07
2021-03-09,0.5,100.4,105.84,101.84,102.1,103.26,245.7604,219.8,519.8794,450.3517,64.02,-33.3333,27.0886,7.9339,1.9011,48.4012,3.9879,51.5363,5.0167,62.8001,31.8916,106.1836
2021-03-10,0.5,100.4,105.84,101.84,102.1,103.26,245.7604,219.8,519.8794,450.3517,64.45,-33.3333,27.0886,7.9339,1.9011,48.4012,3.9879,51.5363,5.0167,62.8001,31.8916,86.9742
2021-03-11,0.5,100.4,105.84,101.84,102.1,103.26,245.7604,219.8,519.8794,450.3517,66.02,-33.3333,27.0886,7.9339,1.9011,48.4012,3.9879,51.5363,5.0167,62.8001,31.8916,99.2756
2021-03-12,0.5,100.4,105.84,101.84,102.1,103.26,245.7604,219.8,519.8794,450.3517,65.59,-33.3333,27.0886,7.9339,1.9011,48.4012,3.9879,51.5363,5.0167,62.8001,31.8916,107.8264
2021-03-13,0.5,100.4,105.84,101.84,102.1,103.26,245.7604,219.8,519.8794,450.3517,65.59,-33.3333,27.0886,7.9339,1.9011,48.4012,3.9879,51.5363,5.0167,62.8001,31.8916,106.7781
2021-03-14,0.5,100.4,105.84,101.84,102.1,103.26,245.7604,219.8,519.8794,450.3517,65.59,-33.3333,27.0886,7.9339,1.9011,48.4012,3.9879,51.5363,5.0167,62.8001,31.8916,106.7781
2021-03-15,0.5,100.4,105.84,101.84,102.1,103.26,245.7604,219.8,519.8794,450.3517,65.36,-33.3333,27.0886,7.9339,1.9011,48.4012,3.9879,51.5363,5.0167,62.8001,31.8916,106.053
2021-03-16,0.5,100.4,105.84,101.84,102.1,103.26,245.7604,219.8,519.8794,450.3517,64.82,-33.3333,27.0886,7.9339,1.9011,48.4012,3.9879,51.5363,5.0167,62.8001,31.8916,123.826
2021-03-17,0.5,100.4,105.84,101.84,102.1,103.26,245.7604,219.8,519.8794,450.3517,64.55,-33.3333,27.0886,7.9339,1.9011,48.4012,3.9879,51.5363,5.0167,62.8001,31.8916,139.4288
2021-03-18,0.5,100.4,105.84,101.84,102.1,103.26,245.7604,219.8,519.8794,450.3517,59.95,-33.3333,27.0886,7.9339,1.9011,48.4012,3.9879,51.5363,5.0167,62.8001,31.8916,192.7246
2021-03-19,0.5,100.4,105.84,101.84,102.1,103.26,245.7604,219.8,519.8794,450.3517,61.43,-33.3333,27.0886,7.9339,1.9011,48.4012,3.9879,51.5363,5.0167,62.8001,31.8916,144.8386
2021-03-20,0.5,100.4,105.84,101.84,102.1,103.26,245.7604,219.8,519.8794,450.3517,61.43,-33.3333,27.0886,7.9339,1.9011,48.4012,3.9879,51.5363,5.0167,62.8001,31.8916,215.3491
2021-03-21,0.5,100.4,105.84,101.84,102.1,103.26,245.7604,219.8,519.8794,450.3517,61.43,-33.3333,27.0886,7.9339,1.9011,48.4012,3.9879,51.5363,5.0167,62.8001,31.8916,215.3491
2021-03-22,0.5,100.4,105.84,101.84,102.1,103.26,245.7604,219.8,519.8794,450.3517,61.48,-33.3333,27.0886,7.9339,1.9011,48.4012,3.9879,51.5363,5.0167,62.8001,31.8916,215.6057
2021-03-23,0.5,100.4,105.84,101.84,102.1,103.26,245.7604,219.8,519.8794,450.3517,57.75,-33.3333,27.0886,7.9339,1.9011,48.4012,3.9879,51.5363,5.0167,62.8001,31.8916,147.5354
2021-03-24,0.5,100.4,105.84,101.84,102.1,103.26,245.7604,219.8,519.8794,450.3517,61.12,-33.3333,27.0886,7.9339,1.9011,48.4012,3.9879,51.5363,5.0167,62.8001,31.8916,190.6324
2021-03-25,0.5,100.4,105.84,101.84,102.1,103.26,245.7604,219.8,519.8794,450.3517,58.47,-33.3333,27.0886,7.9339,1.9011,48.4012,3.9879,51.5363,5.0167,62.8001,31.8916,181.7831
2021-03-26,0.5,100.4,105.84,101.84,102.1,103.26,245.7604,219.8,519.8794,450.3517,60.93,-33.3333,27.0886,7.9339,1.9011,48.4012,3.9879,51.5363,5.0167,62.8001,31.8916,267.0482
2021-03-27,0.5,100.4,105.84,101.84,102.1,103.26,245.7604,219.8,519.8794,450.3517,60.93,-33.3333,27.0886,7.9339,1.9011,48.4012,3.9879,51.5363,5.0167,62.8001,31.8916,293.6047
2021-03-28,0.5,100.4,105.84,101.84,102.1,103.26,245.7604,219.8,519.8794,450.3517,60.93,-33.3333,27.0886,7.9339,1.9011,48.4012,3.9879,51.5363,5.0167,62.8001,31.8916,293.6047
2021-03-29,0.5,100.4,105.84,101.84,102.1,103.26,245.7604,219.8,519.8794,450.3517,61.49,-33.3333,27.0886,7.9339,1.9011,48.4012,3.9879,51.5363,5.0167,62.8001,31.8916,297.2222
2021-03-30,0.5,100.4,105.84,101.84,102.1,103.26,245.7604,219.8,519.8794,450.3517,60.55,-33.3333,27.0886,7.9339,1.9011,48.4012,3.9879,51.5363,5.0167,62.8001,31.8916,329.4326
2021-03-31,0.5,100.4,105.84,101.84,102.1,103.26,245.7604,219.8,519.8794,450.3517,59.19,-33.3333,27.0886,7.9339,1.9011,48.4012,3.9879,51.5363,5.0167,62.8001,31.8916,188.5909
2021-04-01,0.5,102.3,105.35,101.98,106.3,103.53,268.6224,225.2,537.4184,453.3606,61.41,-33.3333,43.6798,7.8853,2.4925,72.8455,3.9458,82.7212,7.2381,73.3639,40.8752,202.8107
2021-04-02,0.5,102.3,105.35,101.98,106.3,103.53,268.6224,225.2,537.4184,453.3606,61.41,-33.3333,43.6798,7.8853,2.4925,72.8455,3.9458,82.7212,7.2381,73.3639,40.8752,143.884
2021-04-03,0.5,102.3,105.35,101.98,106.3,103.53,268.6224,225.2,537.4184,453.3606,61.41,-33.3333,43.6798,7.8853,2.4925,72.8455,3.9458,82.7212,7.2381,73.3639,40.8752,116.5374
2021-04-04,0.5,102.3,105.35,101.98,106.3,103.53,268.6224,225.2,537.4184,453.3606,61.41,-33.3333,43.6798,7.8853,2.4925,72.8455,3.9458,82.7212,7.2381,73.3639,40.8752,116.5374
2021-04-05,0.5,102.3,105.35,101.98,106.3,103.53,268.6224,225.2,537.4184,453.3606,58.73,-33.3333,43.6798,7.8853,2.4925,72.8455,3.9458,82.7212,7.2381,73.3639,40.8752,107.0874
2021-04-06,0.5,102.3,105.35,101.98,106.3,103.53,268.6224,225.2,537.4184,453.3606,59.34,-33.3333,43.6798,7.8853,2.4925,72.8455,3.9458,82.7212,7.2381,73.3639,40.8752,126.4021
2021-04-07,0.5,102.3,105.35,101.98,106.3,103.53,268.6224,225.2,537.4184,453.3606,59.77,-33.3333,43.6798,7.8853,2.4925,72.8455,3.9458,82.7212,7.2381,73.3639,40.8752,153.9082
2021-04-08,0.5,102.3,105.35,101.98,106.3,103.53,268.6224,225.2,537.4184,453.3606,59.61,-33.3333,43.6798,7.8853,2.4925,72.8455,3.9458,82.7212,7.2381,73.3639,40.8752,138.7265
2021-04-09,0.5,102.3,105.35,101.98,106.3,103.53,268.6224,225.2,537.4184,453.3606,59.29,-33.3333,43.6798,7.8853,2.4925,72.8455,3.9458,82.7212,7.2381,73.3639,40.8752,158.9083
2021-04-10,0.5,102.3,105.35,101.98,106.3,103.53,268.6224,225.2,537.4184,453.3606,59.29,-33.3333,43.6798,7.8853,2.4925,72.8455,3.9458,82.7212,7.2381,73.3639,40.8752,158.9083
2021-04-11,0.5,102.3,105.35,101.98,106.3,103.53,268.6224,225.2,537.4184,453.3606,59.29,-33.3333,43.6798,7.8853,2.4925,72.8455,3.9458,82.7212,7.2381,73.3639,40.8752,158.9083
2021-04-12,0.5,102.3,105.35,101.98,106.3,103.53,268.6224,225.2,537.4184,453.3606,59.7,-33.3333,43.6798,7.8853,2.4925,72.8455,3.9458,82.7212,7.2381,73.3639,40.8752,160.6987
2021-04-13,0.5,102.3,105.35,101.98,106.3,103.53,268.6224,225.2,537.4184,453.3606,60.2,-33.3333,43.6798,7.8853,2.4925,72.8455,3.9458,82.7212,7.2381,73.3639,40.8752,169.2308
2021-04-14,0.5,102.3,105.35,101.98,106.3,103.53,268.6224,225.2,537.4184,453.3606,63.15,-33.3333,43.6798,7.8853,2.4925,72.8455,3.9458,82.7212,7.2381,73.3639,40.8752,213.3995
2021-04-15,0.5,102.3,105.35,101.98,106.3,103.53,268.6224,225.2,537.4184,453.3606,63.42,-33.3333,43.6798,7.8853,2.4925,72.8455,3.9458,82.7212,7.2381,73.3639,40.8752,217.7355
2021-04-16,0.5,102.3,105.35,101.98,106.3,103.53,268.6224,225.2,537.4184,453.3606,63.16,-33.3333,43.6798,7.8853,2.4925,72.8455,3.9458,82.7212,7.2381,73.3639,40.8752,218.668
2021-04-17,0.5,102.3,105.35,101.98,106.3,103.53,268.6224,225.2,537.4184,453.3606,63.16,-33.3333,43.6798,7.8853,2.4925,72.8455,3.9458,82.7212,7.2381,73.3639,40.8752,244.9481
2021-04-18,0.5,102.3,105.35,101.98,106.3,103.53,268.6224,225.2,537.4184,453.3606,63.16,-33.3333,43.6798,7.8853,2.4925,72.8455,3.9458,82.7212,7.2381,73.3639,40.8752,244.9481
2021-04-19,0.5,102.3,105.35,101.98,106.3,103.53,268.6224,225.2,537.4184,453.3606,63.33,-33.3333,43.6798,7.8853,2.4925,72.8455,3.9458,82.7212,7.2381,73.3639,40.8752,245.8766
2021-04-20,0.5,102.3,105.35,101.98,106.3,103.53,268.6224,225.2,537.4184,453.3606,62.61,-33.3333,43.6798,7.8853,2.4925,72.8455,3.9458,82.7212,7.2381,73.3639,40.8752,-269.3077
2021-04-21,0.5,102.3,105.35,101.98,106.3,103.53,268.6224,225.2,537.4184,453.3606,61.34,-33.3333,43.6798,7.8853,2.4925,72.8455,3.9458,82.7212,7.2381,73.3639,40.8752,588.44
2021-04-22,0.5,102.3,105.35,101.98,106.3,103.53,268.6224,225.2,537.4184,453.3606,61.45,-33.3333,43.6798,7.8853,2.4925,72.8455,3.9458,82.7212,7.2381,73.3639,40.8752,350.5132
2021-04-23,0.5,102.3,105.35,101.98,106.3,103.53,268.6224,225.2,537.4184,453.3606,62.18,-33.3333,43.6798,7.8853,2.4925,72.8455,3.9458,82.7212,7.2381,73.3639,40.8752,312.8818
2021-04-24,0.5,102.3,105.35,101.98,106.3,103.53,268.6224,225.2,537.4184,453.3606,62.18,-33.3333,43.6798,7.8853,2.4925,72.8455,3.9458,82.7212,7.2381,73.3639,40.8752,288.868
2021-04-25,0.5,102.3,105.35,101.98,106.3,103.53,268.6224,225.2,537.4184,453.3606,62.18,-33.3333,43.6798,7.8853,2.4925,72.8455,3.9458,82.7212,7.2381,73.3639,40.8752,288.868
2021-04-26,0.5,102.3,105.35,101.98,106.3,103.53,268.6224,225.2,537.4184,453.3606,62.02,-33.3333,43.6798,7.8853,2.4925,72.8455,3.9458,82.7212,7.2381,73.3639,40.8752,287.8674
2021-04-27,0.5,102.3,105.35,101.98,106.3,103.53,268.6224,225.2,537.4184,453.3606,63.03,-33.3333,43.6798,7.8853,2.4925,72.8455,3.9458,82.7212,7.2381,73.3639,40.8752,417.9129
2021-04-28,0.5,102.3,105.35,101.98,106.3,103.53,268.6224,225.2,537.4184,453.3606,63.81,-33.3333,43.6798,7.8853,2.4925,72.8455,3.9458,82.7212,7.2381,73.3639,40.8752,414.5968
2021-04-29,0.5,102.3,105.35,101.98,106.3,103.53,268.6224,225.2,537.4184,453.3606,65.0,-33.3333,43.6798,7.8853,2.4925,72.8455,3.9458,82.7212,7.2381,73.3639,40.8752,332.1809
2021-04-30,0.5,102.3,105.35,101.98,106.3,103.53,268.6224,225.2,537.4184,453.3606,63.5,-33.3333,43.6798,7.8853,2.4925,72.8455,3.9458,82.7212,7.2381,73.3639,40.8752,230.2132
2021-05-01,0.5,105.5,105.16,102.05,106.3,103.74,304.2975,231.1,576.9679,457.013,63.5,0.0,35.0832,6.8156,2.6247,66.876,3.8127,111.3335,3.1236,86.521,45.5512,222.0081
2021-05-02,0.5,105.5,105.16,102.05,106.3,103.74,304.2975,231.1,576.9679,457.013,63.5,0.0,35.0832,6.8156,2.6247,66.876,3.8127,111.3335,3.1236,86.521,45.5512,222.0081
2021-05-03,0.5,105.5,105.16,102.05,106.3,103.74,304.2975,231.1,576.9679,457.013,64.46,0.0,35.0832,6.8156,2.6247,66.876,3.8127,111.3335,3.1236,86.521,45.5512,226.8763
2021-05-04,0.5,105.5,105.16,102.05,106.3,103.74,304.2975,231.1,576.9679,457.013,65.72,0.0,35.0832,6.8156,2.6247,66.876,3.8127,111.3335,3.1236,86.521,45.5512,221.0552
2021-05-05,0.5,105.5,105.16,102.05,106.3,103.74,304.2975,231.1,576.9679,457.013,65.63,0.0,35.0832,6.8156,2.6247,66.876,3.8127,111.3335,3.1236,86.521,45.5512,167.2231
2021-05-06,0.5,105.5,105.16,102.05,106.3,103.74,304.2975,231.1,576.9679,457.013,64.73,0.0,35.0832,6.8156,2.6247,66.876,3.8127,111.3335,3.1236,86.521,45.5512,171.0637
2021-05-07,0.5,105.5,105.16,102.05,106.3,103.74,304.2975,231.1,576.9679,457.013,64.96,0.0,35.0832,6.8156,2.6247,66.876,3.8127,111.3335,3.1236,86.521,45.5512,174.3243
2021-05-08,0.5,105.5,105.16,102.05,106.3,103.74,304.2975,231.1,576.9679,457.013,64.96,0.0,35.0832,6.8156,2.6247,66.876,3.8127,111.3335,3.1236,86.521,45.5512,162.6769
2021-05-09,0.5,105.5,105.16,102.05,106.3,103.74,304.2975,231.1,576.9679,457.013,64.96,0.0,35.0832,6.8156,2.6247,66.876,3.8127,111.3335,3.1236,86.521,45.5512,162.6769
2021-05-10,0.5,105.5,105.16,102.05,106.3,103.74,304.2975,231.1,576.9679,457.013,64.92,0.0,35.0832,6.8156,2.6247,66.876,3.8127,111.3335,3.1236,86.521,45.5512,162.5152
2021-05-11,0.5,105.5,105.16,102.05,106.3,103.74,304.2975,231.1,576.9679,457.013,65.31,0.0,35.0832,6.8156,2.6247,66.876,3.8127,111.3335,3.1236,86.521,45.5512,171.8984
2021-05-12,0.5,105.5,105.16,102.05,106.3,103.74,304.2975,231.1,576.9679,457.013,65.96,0.0,35.0832,6.8156,2.6247,66.876,3.8127,111.3335,3.1236,86.521,45.5512,156.0559
2021-05-13,0.5,105.5,105.16,102.05,106.3,103.74,304.2975,231.1,576.9679,457.013,63.82,0.0,35.0832,6.8156,2.6247,66.876,3.8127,111.3335,3.1236,86.521,45.5512,151.557
2021-05-14,0.5,105.5,105.16,102.05,106.3,103.74,304.2975,231.1,576.9679,457.013,65.32,0.0,35.0832,6.8156,2.6247,66.876,3.8127,111.3335,3.1236,86.521,45.5512,138.3942
2021-05-15,0.5,105.5,105.16,102.05,106.3,103.74,304.2975,231.1,576.9679,457.013,65.32,0.0,35.0832,6.8156,2.6247,66.876,3.8127,111.3335,3.1236,86.521,45.5512,121.875
2021-05-16,0.5,105.5,105.16,102.05,106.3,103.74,304.2975,231.1,576.9679,457.013,65.32,0.0,35.0832,6.8156,2.6247,66.876,3.8127,111.3335,3.1236,86.521,45.5512,121.875
2021-05-17,0.5,105.5,105.16,102.05,106.3,103.74,304.2975,231.1,576.9679,457.013,66.24,0.0,35.0832,6.8156,2.6247,66.876,3.8127,111.3335,3.1236,86.521,45.5512,125.0
2021-05-18,0.5,105.5,105.16,102.05,106.3,103.74,304.2975,231.1,576.9679,457.013,65.49,0.0,35.0832,6.8156,2.6247,66.876,3.8127,111.3335,3.1236,86.521,45.5512,105.7493
2021-05-19,0.5,105.5,105.16,102.05,106.3,103.74,304.2975,231.1,576.9679,457.013,63.28,0.0,35.0832,6.8156,2.6247,66.876,3.8127,111.3335,3.1236,86.521,45.5512,95.9133
2021-05-20,0.5,105.5,105.16,102.05,106.3,103.74,304.2975,231.1,576.9679,457.013,61.95,0.0,35.0832,6.8156,2.6247,66.876,3.8127,111.3335,3.1236,86.521,45.5512,84.5948
2021-05-21,0.5,105.5,105.16,102.05,106.3,103.74,304.2975,231.1,576.9679,457.013,63.61,0.0,35.0832,6.8156,2.6247,66.876,3.8127,111.3335,3.1236,86.521,45.5512,85.4519
2021-05-22,0.5,105.5,105.16,102.05,106.3,103.74,304.2975,231.1,576.9679,457.013,63.61,0.0,35.0832,6.8156,2.6247,66.876,3.8127,111.3335,3.1236,86.521,45.5512,89.9373
2021-05-23,0.5,105.5,105.16,102.05,106.3,103.74,304.2975,231.1,576.9679,457.013,63.61,0.0,35.0832,6.8156,2.6247,66.876,3.8127,111.3335,3.1236,86.521,45.5512,89.9373
2021-05-24,0.5,105.5,105.16,102.05,106.3,103.74,304.2975,231.1,576.9679,457.013,66.13,0.0,35.0832,6.8156,2.6247,66.876,3.8127,111.3335,3.1236,86.521,45.5512,97.4619
2021-05-25,0.5,105.5,105.16,102.05,106.3,103.74,304.2975,231.1,576.9679,457.013,66.27,0.0,35.0832,6.8156,2.6247,66.876,3.8127,111.3335,3.1236,86.521,45.5512,97.88
2021-05-26,0.5,105.5,105.16,102.05,106.3,103.74,304.2975,231.1,576.9679,457.013,66.41,0.0,35.0832,6.8156,2.6247,66.876,3.8127,111.3335,3.1236,86.521,45.5512,91.3833
2021-05-27,0.5,105.5,105.16,102.05,106.3,103.74,304.2975,231.1,576.9679,457.013,66.87,0.0,35.0832,6.8156,2.6247,66.876,3.8127,111.3335,3.1236,86.521,45.5512,103.872
2021-05-28,0.5,105.5,105.16,102.05,106.3,103.74,304.2975,231.1,576.9679,457.013,66.31,0.0,35.0832,6.8156,2.6247,66.876,3.8127,111.3335,3.1236,86.521,45.5512,96.9409
2021-05-29,0.5,105.5,105.16,102.05,106.3,103.74,304.2975,231.1,576.9679,457.013,66.31,0.0,35.0832,6.8156,2.6247,66.876,3.8127,111.3335,3.1236,86.521,45.5512,86.4211
2021-05-30,0.5,105.5,105.16,102.05,106.3,103.74,304.2975,231.1,576.9679,457.013,66.31,0.0,35.0832,6.8156,2.6247,66.876,3.8127,111.3335,3.1236,86.521,45.5512,86.4211
2021-05-31,0.5,105.5,105.16,102.05,106.3,103.74,304.2975,231.1,576.9679,457.013,66.31,0.0,35.0832,6.8156,2.6247,66.876,3.8127,111.3335,3.1236,86.521,45.5512,86.4211
2021-06-01,0.5,110.9,104.56,102.05,110.5,103.86,292.5237,235.6,537.3557,412.2644,67.8,0.0,34.5874,5.9587,2.3468,61.5497,3.9744,97.5946,10.7663,68.6388,30.421,91.0397
2021-06-02,0.5,110.9,104.56,102.05,110.5,103.86,292.5237,235.6,537.3557,412.2644,68.79,0.0,34.5874,5.9587,2.3468,61.5497,3.9744,97.5946,10.7663,68.6388,30.421,86.5239
2021-06-03,0.5,110.9,104.56,102.05,110.5,103.86,292.5237,235.6,537.3557,412.2644,68.81,0.0,34.5874,5.9587,2.3468,61.5497,3.9744,97.5946,10.7663,68.6388,30.421,84.329
2021-06-04,0.5,110.9,104.56,102.05,110.5,103.86,292.5237,235.6,537.3557,412.2644,69.57,0.0,34.5874,5.9587,2.3468,61.5497,3.9744,97.5946,10.7663,68.6388,30.421,85.9166
2021-06-05,0.5,110.9,104.56,102.05,110.5,103.86,292.5237,235.6,537.3557,412.2644,69.57,0.0,34.5874,5.9587,2.3468,61.5497,3.9744,97.5946,10.7663,68.6388,30.421,76.1712
2021-06-06,0.5,110.9,104.56,102.05,110.5,103.86,292.5237,235.6,537.3557,412.2644,69.57,0.0,34.5874,5.9587,2.3468,61.5497,3.9744,97.5946,10.7663,68.6388,30.421,76.1712
2021-06-07,0.5,110.9,104.56,102.05,110.5,103.86,292.5237,235.6,537.3557,412.2644,69.21,0.0,34.5874,5.9587,2.3468,61.5497,3.9744,97.5946,10.7663,68.6388,30.421,75.2596
2021-06-08,0.5,110.9,104.56,102.05,110.5,103.86,292.5237,235.6,537.3557,412.2644,70.11,0.0,34.5874,5.9587,2.3468,61.5497,3.9744,97.5946,10.7663,68.6388,30.421,83.6783
2021-06-09,0.5,110.9,104.56,102.05,110.5,103.86,292.5237,235.6,537.3557,412.2644,69.9,0.0,34.5874,5.9587,2.3468,61.5497,3.9744,97.5946,10.7663,68.6388,30.421,79.3227
2021-06-10,0.5,110.9,104.56,102.05,110.5,103.86,292.5237,235.6,537.3557,412.2644,70.34,0.0,34.5874,5.9587,2.3468,61.5497,3.9744,97.5946,10.7663,68.6388,30.421,77.8958
2021-06-11,0.5,110.9,104.56,102.05,110.5,103.86,292.5237,235.6,537.3557,412.2644,71.0,0.0,34.5874,5.9587,2.3468,61.5497,3.9744,97.5946,10.7663,68.6388,30.421,94.8943
2021-06-12,0.5,110.9,104.56,102.05,110.5,103.86,292.5237,235.6,537.3557,412.2644,71.0,0.0,34.5874,5.9587,2.3468,61.5497,3.9744,97.5946,10.7663,68.6388,30.421,95.9161
2021-06-13,0.5,110.9,104.56,102.05,110.5,103.86,292.5237,235.6,537.3557,412.2644,71.0,0.0,34.5874,5.9587,2.3468,61.5497,3.9744,97.5946,10.7663,68.6388,30.421,95.9161
2021-06-14,0.5,110.9,104.56,102.05,110.5,103.86,292.5237,235.6,537.3557,412.2644,70.94,0.0,34.5874,5.9587,2.3468,61.5497,3.9744,97.5946,10.7663,68.6388,30.421,95.7506
2021-06-15,0.5,110.9,104.56,102.05,110.5,103.86,292.5237,235.6,537.3557,412.2644,72.06,0.0,34.5874,5.9587,2.3468,61.5497,3.9744,97.5946,10.7663,68.6388,30.421,94.389
2021-06-16,0.5,110.9,104.56,102.05,110.5,103.86,292.5237,235.6,537.3557,412.2644,72.03,0.0,34.5874,5.9587,2.3468,61.5497,3.9744,97.5946,10.7663,68.6388,30.421,88.2645
2021-06-17,0.5,110.9,104.56,102.05,110.5,103.86,292.5237,235.6,537.3557,412.2644,71.06,0.0,34.5874,5.9587,2.3468,61.5497,3.9744,97.5946,10.7663,68.6388,30.421,87.4439
2021-06-18,0.5,110.9,104.56,102.05,110.5,103.86,292.5237,235.6,537.3557,412.2644,71.64,0.0,34.5874,5.9587,2.3468,61.5497,3.9744,97.5946,10.7663,68.6388,30.421,84.6868
2021-06-19,0.5,110.9,104.56,102.05,110.5,103.86,292.5237,235.6,537.3557,412.2644,71.64,0.0,34.5874,5.9587,2.3468,61.5497,3.9744,97.5946,10.7663,68.6388,30.421,80.3625
2021-06-20,0.5,110.9,104.56,102.05,110.5,103.86,292.5237,235.6,537.3557,412.2644,71.64,0.0,34.5874,5.9587,2.3468,61.5497,3.9744,97.5946,10.7663,68.6388,30.421,80.3625
2021-06-21,0.5,110.9,104.56,102.05,110.5,103.86,292.5237,235.6,537.3557,412.2644,73.64,0.0,34.5874,5.9587,2.3468,61.5497,3.9744,97.5946,10.7663,68.6388,30.421,85.3978
2021-06-22,0.5,110.9,104.56,102.05,110.5,103.86,292.5237,235.6,537.3557,412.2644,73.15,0.0,34.5874,5.9587,2.3468,61.5497,3.9744,97.5946,10.7663,68.6388,30.421,80.1724
2021-06-23,0.5,110.9,104.56,102.05,110.5,103.86,292.5237,235.6,537.3557,412.2644,73.11,0.0,34.5874,5.9587,2.3468,61.5497,3.9744,97.5946,10.7663,68.6388,30.421,80.9653
2021-06-24,0.5,110.9,104.56,102.05,110.5,103.86,292.5237,235.6,537.3557,412.2644,73.31,0.0,34.5874,5.9587,2.3468,61.5497,3.9744,97.5946,10.7663,68.6388,30.421,93.3791
2021-06-25,0.5,110.9,104.56,102.05,110.5,103.86,292.5237,235.6,537.3557,412.2644,74.21,0.0,34.5874,5.9587,2.3468,61.5497,3.9744,97.5946,10.7663,68.6388,30.421,91.9555
2021-06-26,0.5,110.9,104.56,102.05,110.5,103.86,292.5237,235.6,537.3557,412.2644,74.21,0.0,34.5874,5.9587,2.3468,61.5497,3.9744,97.5946,10.7663,68.6388,30.421,92.6032
2021-06-27,0.5,110.9,104.56,102.05,110.5,103.86,292.5237,235.6,537.3557,412.2644,74.21,0.0,34.5874,5.9587,2.3468,61.5497,3.9744,97.5946,10.7663,68.6388,30.421,92.6032
2021-06-28,0.5,110.9,104.56,102.05,110.5,103.86,292.5237,235.6,537.3557,412.2644,72.98,0.0,34.5874,5.9587,2.3468,61.5497,3.9744,97.5946,10.7663,68.6388,30.421,89.4108
2021-06-29,0.5,110.9,104.56,102.05,110.5,103.86,292.5237,235.6,537.3557,412.2644,73.14,0.0,34.5874,5.9587,2.3468,61.5497,3.9744,97.5946,10.7663,68.6388,30.421,84.3711
2021-06-30,0.5,110.9,104.56,102.05,110.5,103.86,292.5237,235.6,537.3557,412.2644,73.52,0.0,34.5874,5.9587,2.3468,61.5497,3.9744,97.5946,10.7663,68.6388,30.421,87.2167
2021-07-01,0.5,103.4,104.75,102.26,105.0,104.9,278.4458,232.37,523.5715,397.5512,75.33,0.0,21.934,5.648,2.6398,36.3636,5.0155,82.4825,10.5471,59.1715,24.5992,88.8917
2021-07-02,0.5,103.4,104.75,102.26,105.0,104.9,278.4458,232.37,523.5715,397.5512,75.37,0.0,21.934,5.648,2.6398,36.3636,5.0155,82.4825,10.5471,59.1715,24.5992,85.7777
2021-07-03,0.5,103.4,104.75,102.26,105.0,104.9,278.4458,232.37,523.5715,397.5512,75.37,0.0,21.934,5.648,2.6398,36.3636,5.0155,82.4825,10.5471,59.1715,24.5992,85.7777
2021-07-04,0.5,103.4,104.75,102.26,105.0,104.9,278.4458,232.37,523.5715,397.5512,75.37,0.0,21.934,5.648,2.6398,36.3636,5.0155,82.4825,10.5471,59.1715,24.5992,85.7777
2021-07-05,0.5,103.4,104.75,102.26,105.0,104.9,278.4458,232.37,523.5715,397.5512,75.37,0.0,21.934,5.648,2.6398,36.3636,5.0155,82.4825,10.5471,59.1715,24.5992,85.7777
2021-07-06,0.5,103.4,104.75,102.26,105.0,104.9,278.4458,232.37,523.5715,397.5512,73.62,0.0,21.934,5.648,2.6398,36.3636,5.0155,82.4825,10.5471,59.1715,24.5992,81.7329
2021-07-07,0.5,103.4,104.75,102.26,105.0,104.9,278.4458,232.37,523.5715,397.5512,72.22,0.0,21.934,5.648,2.6398,36.3636,5.0155,82.4825,10.5471,59.1715,24.5992,77.9256
2021-07-08,0.5,103.4,104.75,102.26,105.0,104.9,278.4458,232.37,523.5715,397.5512,72.98,0.0,21.934,5.648,2.6398,36.3636,5.0155,82.4825,10.5471,59.1715,24.5992,78.3916
2021-07-09,0.5,103.4,104.75,102.26,105.0,104.9,278.4458,232.37,523.5715,397.5512,74.56,0.0,21.934,5.648,2.6398,36.3636,5.0155,82.4825,10.5471,59.1715,24.5992,88.0928
2021-07-10,0.5,103.4,104.75,102.26,105.0,104.9,278.4458,232.37,523.5715,397.5512,74.56,0.0,21.934,5.648,2.6398,36.3636,5.0155,82.4825,10.5471,59.1715,24.5992,83.8264
2021-07-11,0.5,103.4,104.75,102.26,105.0,104.9,278.4458,232.37,523.5715,397.5512,74.56,0.0,21.934,5.648,2.6398,36.3636,5.0155,82.4825,10.5471,59.1715,24.5992,83.8264
2021-07-12,0.5,103.4,104.75,102.26,105.0,104.9,278.4458,232.37,523.5715,397.5512,74.21,0.0,21.934,5.648,2.6398,36.3636,5.0155,82.4825,10.5471,59.1715,24.5992,82.9635
2021-07-13,0.5,103.4,104.75,102.26,105.0,104.9,278.4458,232.37,523.5715,397.5512,75.24,0.0,21.934,5.648,2.6398,36.3636,5.0155,82.4825,10.5471,59.1715,24.5992,87.8183
2021-07-14,0.5,103.4,104.75,102.26,105.0,104.9,278.4458,232.37,523.5715,397.5512,73.06,0.0,21.934,5.648,2.6398,36.3636,5.0155,82.4825,10.5471,59.1715,24.5992,81.2903
2021-07-15,0.5,103.4,104.75,102.26,105.0,104.9,278.4458,232.37,523.5715,397.5512,71.67,0.0,21.934,5.648,2.6398,36.3636,5.0155,82.4825,10.5471,59.1715,24.5992,73.9563
2021-07-16,0.5,103.4,104.75,102.26,105.0,104.9,278.4458,232.37,523.5715,397.5512,71.76,0.0,21.934,5.648,2.6398,36.3636,5.0155,82.4825,10.5471,59.1715,24.5992,76.1414
2021-07-17,0.5,103.4,104.75,102.26,105.0,104.9,278.4458,232.37,523.5715,397.5512,71.76,0.0,21.934,5.648,2.6398,36.3636,5.0155,82.4825,10.5471,59.1715,24.5992,76.9667
2021-07-18,0.5,103.4,104.75,102.26,105.0,104.9,278.4458,232.37,523.5715,397.5512,71.76,0.0,21.934,5.648,2.6398,36.3636,5.0155,82.4825,10.5471,59.1715,24.5992,76.9667
2021-07-19,0.5,103.4,104.75,102.26,105.0,104.9,278.4458,232.37,523.5715,397.5512,66.45,0.0,21.934,5.648,2.6398,36.3636,5.0155,82.4825,10.5471,59.1715,24.5992,63.8718
2021-07-20,0.5,103.4,104.75,102.26,105.0,104.9,278.4458,232.37,523.5715,397.5512,67.32,0.0,21.934,5.648,2.6398,36.3636,5.0155,82.4825,10.5471,59.1715,24.5992,64.8788
2021-07-21,0.5,103.4,104.75,102.26,105.0,104.9,278.4458,232.37,523.5715,397.5512,70.26,0.0,21.934,5.648,2.6398,36.3636,5.0155,82.4825,10.5471,59.1715,24.5992,68.2471
2021-07-22,0.5,103.4,104.75,102.26,105.0,104.9,278.4458,232.37,523.5715,397.5512,72.15,0.0,21.934,5.648,2.6398,36.3636,5.0155,82.4825,10.5471,59.1715,24.5992,72.2779
2021-07-23,0.5,103.4,104.75,102.26,105.0,104.9,278.4458,232.37,523.5715,397.5512,72.24,0.0,21.934,5.648,2.6398,36.3636,5.0155,82.4825,10.5471,59.1715,24.5992,76.2381
2021-07-24,0.5,103.4,104.75,102.26,105.0,104.9,278.4458,232.37,523.5715,397.5512,72.24,0.0,21.934,5.648,2.6398,36.3636,5.0155,82.4825,10.5471,59.1715,24.5992,75.2122
2021-07-25,0.5,103.4,104.75,102.26,105.0,104.9,278.4458,232.37,523.5715,397.5512,72.24,0.0,21.934,5.648,2.6398,36.3636,5.0155,82.4825,10.5471,59.1715,24.5992,75.2122
2021-07-26,0.5,103.4,104.75,102.26,105.0,104.9,278.4458,232.37,523.5715,397.5512,72.15,0.0,21.934,5.648,2.6398,36.3636,5.0155,82.4825,10.5471,59.1715,24.5992,74.9939
2021-07-27,0.5,103.4,104.75,102.26,105.0,104.9,278.4458,232.37,523.5715,397.5512,71.68,0.0,21.934,5.648,2.6398,36.3636,5.0155,82.4825,10.5471,59.1715,24.5992,72.8895
2021-07-28,0.5,103.4,104.75,102.26,105.0,104.9,278.4458,232.37,523.5715,397.5512,72.37,0.0,21.934,5.648,2.6398,36.3636,5.0155,82.4825,10.5471,59.1715,24.5992,76.987
2021-07-29,0.5,103.4,104.75,102.26,105.0,104.9,278.4458,232.37,523.5715,397.5512,73.62,0.0,21.934,5.648,2.6398,36.3636,5.0155,82.4825,10.5471,59.1715,24.5992,78.9934
2021-07-30,0.5,103.4,104.75,102.26,105.0,104.9,278.4458,232.37,523.5715,397.5512,73.93,0.0,21.934,5.648,2.6398,36.3636,5.0155,82.4825,10.5471,59.1715,24.5992,85.5207
2021-07-31,0.5,103.4,104.75,102.26,105.0,104.9,278.4458,232.37,523.5715,397.5512,73.93,0.0,21.934,5.648,2.6398,36.3636,5.0155,82.4825,10.5471,59.1715,24.5992,84.3641
2021-08-01,0.75,102.7,106.2,102.75,106.2,105.48,257.0208,236.411,504.0401,390.9698,73.93,50.0,15.6532,4.3222,2.5551,27.491,5.5011,72.0434,12.7915,51.7548,22.3543,84.3641
2021-08-02,0.75,102.7,106.2,102.75,106.2,105.48,257.0208,236.411,504.0401,390.9698,71.31,50.0,15.6532,4.3222,2.5551,27.491,5.5011,72.0434,12.7915,51.7548,22.3543,77.8304
2021-08-03,0.75,102.7,106.2,102.75,106.2,105.48,257.0208,236.411,504.0401,390.9698,70.64,50.0,15.6532,4.3222,2.5551,27.491,5.5011,72.0434,12.7915,51.7548,22.3543,73.01
2021-08-04,0.75,102.7,106.2,102.75,106.2,105.48,257.0208,236.411,504.0401,390.9698,68.19,50.0,15.6532,4.3222,2.5551,27.491,5.5011,72.0434,12.7915,51.7548,22.3543,63.6429
2021-08-05,0.75,102.7,106.2,102.75,106.2,105.48,257.0208,236.411,504.0401,390.9698,69.1,50.0,15.6532,4.3222,2.5551,27.491,5.5011,72.0434,12.7915,51.7548,22.3543,63.5503
2021-08-06,0.75,102.7,106.2,102.75,106.2,105.48,257.0208,236.411,504.0401,390.9698,68.26,50.0,15.6532,4.3222,2.5551,27.491,5.5011,72.0434,12.7915,51.7548,22.3543,62.7951
2021-08-07,0.75,102.7,106.2,102.75,106.2,105.48,257.0208,236.411,504.0401,390.9698,68.26,50.0,15.6532,4.3222,2.5551,27.491,5.5011,72.0434,12.7915,51.7548,22.3543,65.8406
2021-08-08,0.75,102.7,106.2,102.75,106.2,105.48,257.0208,236.411,504.0401,390.9698,68.26,50.0,15.6532,4.3222,2.5551,27.491,5.5011,72.0434,12.7915,51.7548,22.3543,65.8406
2021-08-09,0.75,102.7,106.2,102.75,106.2,105.48,257.0208,236.411,504.0401,390.9698,66.56,50.0,15.6532,4.3222,2.5551,27.491,5.5011,72.0434,12.7915,51.7548,22.3543,61.7104
2021-08-10,0.75,102.7,106.2,102.75,106.2,105.48,257.0208,236.411,504.0401,390.9698,68.33,50.0,15.6532,4.3222,2.5551,27.491,5.5011,72.0434,12.7915,51.7548,22.3543,62.9232
2021-08-11,0.75,102.7,106.2,102.75,106.2,105.48,257.0208,236.411,504.0401,390.9698,69.3,50.0,15.6532,4.3222,2.5551,27.491,5.5011,72.0434,12.7915,51.7548,22.3543,66.8673
2021-08-12,0.75,102.7,106.2,102.75,106.2,105.48,257.0208,236.411,504.0401,390.9698,69.12,50.0,15.6532,4.3222,2.5551,27.491,5.5011,72.0434,12.7915,51.7548,22.3543,62.2535
2021-08-13,0.75,102.7,106.2,102.75,106.2,105.48,257.0208,236.411,504.0401,390.9698,68.36,50.0,15.6532,4.3222,2.5551,27.491,5.5011,72.0434,12.7915,51.7548,22.3543,61.7605
2021-08-14,0.75,102.7,106.2,102.75,106.2,105.48,257.0208,236.411,504.0401,390.9698,68.36,50.0,15.6532,4.3222,2.5551,27.491,5.5011,72.0434,12.7915,51.7548,22.3543,62.5684
2021-08-15,0.75,102.7,106.2,102.75,106.2,105.48,257.0208,236.411,504.0401,390.9698,68.36,50.0,15.6532,4.3222,2.5551,27.491,5.5011,72.0434,12.7915,51.7548,22.3543,62.5684
2021-08-16,0.75,102.7,106.2,102.75,106.2,105.48,257.0208,236.411,504.0401,390.9698,67.44,50.0,15.6532,4.3222,2.5551,27.491,5.5011,72.0434,12.7915,51.7548,22.3543,60.3805
2021-08-17,0.75,102.7,106.2,102.75,106.2,105.48,257.0208,236.411,504.0401,390.9698,66.5,50.0,15.6532,4.3222,2.5551,27.491,5.5011,72.0434,12.7915,51.7548,22.3543,55.0478
2021-08-18,0.75,102.7,106.2,102.75,106.2,105.48,257.0208,236.411,504.0401,390.9698,65.36,50.0,15.6532,4.3222,2.5551,27.491,5.5011,72.0434,12.7915,51.7548,22.3543,52.3898
2021-08-19,0.75,102.7,106.2,102.75,106.2,105.48,257.0208,236.411,504.0401,390.9698,63.69,50.0,15.6532,4.3222,2.5551,27.491,5.5011,72.0434,12.7915,51.7548,22.3543,48.4269
2021-08-20,0.75,102.7,106.2,102.75,106.2,105.48,257.0208,236.411,504.0401,390.9698,62.25,50.0,15.6532,4.3222,2.5551,27.491,5.5011,72.0434,12.7915,51.7548,22.3543,46.0582
2021-08-21,0.75,102.7,106.2,102.75,106.2,105.48,257.0208,236.411,504.0401,390.9698,62.25,50.0,15.6532,4.3222,2.5551,27.491,5.5011,72.0434,12.7915,51.7548,22.3543,47.0936
2021-08-22,0.75,102.7,106.2,102.75,106.2,105.48,257.0208,236.411,504.0401,390.9698,62.25,50.0,15.6532,4.3222,2.5551,27.491,5.5011,72.0434,12.7915,51.7548,22.3543,47.0936
2021-08-23,0.75,102.7,106.2,102.75,106.2,105.48,257.0208,236.411,504.0401,390.9698,65.65,50.0,15.6532,4.3222,2.5551,27.491,5.5011,72.0434,12.7915,51.7548,22.3543,55.1276
2021-08-24,0.75,102.7,106.2,102.75,106.2,105.48,257.0208,236.411,504.0401,390.9698,67.5,50.0,15.6532,4.3222,2.5551,27.491,5.5011,72.0434,12.7915,51.7548,22.3543,59.0481
2021-08-25,0.75,102.7,106.2,102.75,106.2,105.48,257.0208,236.411,504.0401,390.9698,68.54,50.0,15.6532,4.3222,2.5551,27.491,5.5011,72.0434,12.7915,51.7548,22.3543,58.7677
2021-08-26,0.75,102.7,106.2,102.75,106.2,105.48,257.0208,236.411,504.0401,390.9698,67.42,50.0,15.6532,4.3222,2.5551,27.491,5.5011,72.0434,12.7915,51.7548,22.3543,56.0287
2021-08-27,0.75,102.7,106.2,102.75,106.2,105.48,257.0208,236.411,504.0401,390.9698,68.84,50.0,15.6532,4.3222,2.5551,27.491,5.5011,72.0434,12.7915,51.7548,22.3543,60.541
2021-08-28,0.75,102.7,106.2,102.75,106.2,105.48,257.0208,236.411,504.0401,390.9698,68.84,50.0,15.6532,4.3222,2.5551,27.491,5.5011,72.0434,12.7915,51.7548,22.3543,60.2421
2021-08-29,0.75,102.7,106.2,102.75,106.2,105.48,257.0208,236.411,504.0401,390.9698,68.84,50.0,15.6532,4.3222,2.5551,27.491,5.5011,72.0434,12.7915,51.7548,22.3543,60.2421
2021-08-30,0.75,102.7,106.2,102.75,106.2,105.48,257.0208,236.411,504.0401,390.9698,69.28,50.0,15.6532,4.3222,2.5551,27.491,5.5011,72.0434,12.7915,51.7548,22.3543,61.2663
2021-08-31,0.75,102.7,106.2,102.75,106.2,105.48,257.0208,236.411,504.0401,390.9698,68.43,50.0,15.6532,4.3222,2.5551,27.491,5.5011,72.0434,12.7915,51.7548,22.3543,60.5961
2021-09-01,0.75,104.1,107.87,103.17,105.7,105.48,235.8156,239.343,469.4401,372.66,68.63,50.0,30.125,2.9392,2.4122,36.2113,5.4484,41.5438,13.9729,27.974,4.8686,60.5005
2021-09-02,0.75,104.1,107.87,103.17,105.7,105.48,235.8156,239.343,469.4401,372.66,70.07,50.0,30.125,2.9392,2.4122,36.2113,5.4484,41.5438,13.9729,27.974,4.8686,63.8681
2021-09-03,0.75,104.1,107.87,103.17,105.7,105.48,235.8156,239.343,469.4401,372.66,69.34,50.0,30.125,2.9392,2.4122,36.2113,5.4484,41.5438,13.9729,27.974,4.8686,67.5284
2021-09-04,0.75,104.1,107.87,103.17,105.7,105.48,235.8156,239.343,469.4401,372.66,69.34,50.0,30.125,2.9392,2.4122,36.2113,5.4484,41.5438,13.9729,27.974,4.8686,74.704
2021-09-05,0.75,104.1,107.87,103.17,105.7,105.48,235.8156,239.343,469.4401,372.66,69.34,50.0,30.125,2.9392,2.4122,36.2113,5.4484,41.5438,13.9729,27.974,4.8686,74.704
2021-09-06,0.75,104.1,107.87,103.17,105.7,105.48,235.8156,239.343,469.4401,372.66,69.34,50.0,30.125,2.9392,2.4122,36.2113,5.4484,41.5438,13.9729,27.974,4.8686,74.704
2021-09-07,0.75,104.1,107.87,103.17,105.7,105.48,235.8156,239.343,469.4401,372.66,68.49,50.0,30.125,2.9392,2.4122,36.2113,5.4484,41.5438,13.9729,27.974,4.8686,72.5624
2021-09-08,0.75,104.1,107.87,103.17,105.7,105.48,235.8156,239.343,469.4401,372.66,69.36,50.0,30.125,2.9392,2.4122,36.2113,5.4484,41.5438,13.9729,27.974,4.8686,88.1204
2021-09-09,0.75,104.1,107.87,103.17,105.7,105.48,235.8156,239.343,469.4401,372.66,68.26,50.0,30.125,2.9392,2.4122,36.2113,5.4484,41.5438,13.9729,27.974,4.8686,79.3955
2021-09-10,0.75,104.1,107.87,103.17,105.7,105.48,235.8156,239.343,469.4401,372.66,69.82,50.0,30.125,2.9392,2.4122,36.2113,5.4484,41.5438,13.9729,27.974,4.8686,87.4362
2021-09-11,0.75,104.1,107.87,103.17,105.7,105.48,235.8156,239.343,469.4401,372.66,69.82,50.0,30.125,2.9392,2.4122,36.2113,5.4484,41.5438,13.9729,27.974,4.8686,87.0346
2021-09-12,0.75,104.1,107.87,103.17,105.7,105.48,235.8156,239.343,469.4401,372.66,69.82,50.0,30.125,2.9392,2.4122,36.2113,5.4484,41.5438,13.9729,27.974,4.8686,87.0346
2021-09-13,0.75,104.1,107.87,103.17,105.7,105.48,235.8156,239.343,469.4401,372.66,70.54,50.0,30.125,2.9392,2.4122,36.2113,5.4484,41.5438,13.9729,27.974,4.8686,88.9633
2021-09-14,0.75,104.1,107.87,103.17,105.7,105.48,235.8156,239.343,469.4401,372.66,70.53,50.0,30.125,2.9392,2.4122,36.2113,5.4484,41.5438,13.9729,27.974,4.8686,89.444
2021-09-15,0.75,104.1,107.87,103.17,105.7,105.48,235.8156,239.343,469.4401,372.66,72.59,50.0,30.125,2.9392,2.4122,36.2113,5.4484,41.5438,13.9729,27.974,4.8686,89.5795
2021-09-16,0.75,104.1,107.87,103.17,105.7,105.48,235.8156,239.343,469.4401,372.66,72.69,50.0,30.125,2.9392,2.4122,36.2113,5.4484,41.5438,13.9729,27.974,4.8686,80.9559
2021-09-17,0.75,104.1,107.87,103.17,105.7,105.48,235.8156,239.343,469.4401,372.66,72.09,50.0,30.125,2.9392,2.4122,36.2113,5.4484,41.5438,13.9729,27.974,4.8686,75.8722
2021-09-18,0.75,104.1,107.87,103.17,105.7,105.48,235.8156,239.343,469.4401,372.66,72.09,50.0,30.125,2.9392,2.4122,36.2113,5.4484,41.5438,13.9729,27.974,4.8686,75.4441
2021-09-19,0.75,104.1,107.87,103.17,105.7,105.48,235.8156,239.343,469.4401,372.66,72.09,50.0,30.125,2.9392,2.4122,36.2113,5.4484,41.5438,13.9729,27.974,4.8686,75.4441
2021-09-20,0.75,104.1,107.87,103.17,105.7,105.48,235.8156,239.343,469.4401,372.66,70.41,50.0,30.125,2.9392,2.4122,36.2113,5.4484,41.5438,13.9729,27.974,4.8686,71.3556
2021-09-21,0.75,104.1,107.87,103.17,105.7,105.48,235.8156,239.343,469.4401,372.66,70.51,50.0,30.125,2.9392,2.4122,36.2113,5.4484,41.5438,13.9729,27.974,4.8686,79.5976
2021-09-22,0.75,104.1,107.87,103.17,105.7,105.48,235.8156,239.343,469.4401,372.66,72.37,50.0,30.125,2.9392,2.4122,36.2113,5.4484,41.5438,13.9729,27.974,4.8686,82.9836
2021-09-23,0.75,104.1,107.87,103.17,105.7,105.48,235.8156,239.343,469.4401,372.66,73.43,50.0,30.125,2.9392,2.4122,36.2113,5.4484,41.5438,13.9729,27.974,4.8686,83.9429
2021-09-24,0.75,104.1,107.87,103.17,105.7,105.48,235.8156,239.343,469.4401,372.66,74.18,50.0,30.125,2.9392,2.4122,36.2113,5.4484,41.5438,13.9729,27.974,4.8686,84.9414
2021-09-25,0.75,104.1,107.87,103.17,105.7,105.48,235.8156,239.343,469.4401,372.66,74.18,50.0,30.125,2.9392,2.4122,36.2113,5.4484,41.5438,13.9729,27.974,4.8686,85.1722
2021-09-26,0.75,104.1,107.87,103.17,105.7,105.48,235.8156,239.343,469.4401,372.66,74.18,50.0,30.125,2.9392,2.4122,36.2113,5.4484,41.5438,13.9729,27.974,4.8686,85.1722
2021-09-27,0.75,104.1,107.87,103.17,105.7,105.48,235.8156,239.343,469.4401,372.66,75.54,50.0,30.125,2.9392,2.4122,36.2113,5.4484,41.5438,13.9729,27.974,4.8686,88.5671
2021-09-28,0.75,104.1,107.87,103.17,105.7,105.48,235.8156,239.343,469.4401,372.66,75.44,50.0,30.125,2.9392,2.4122,36.2113,5.4484,41.5438,13.9729,27.974,4.8686,86.4097
2021-09-29,0.75,104.1,107.87,103.17,105.7,105.48,235.8156,239.343,469.4401,372.66,75.06,50.0,30.125,2.9392,2.4122,36.2113,5.4484,41.5438,13.9729,27.974,4.8686,92.3136
2021-09-30,0.75,104.1,107.87,103.17,105.7,105.48,235.8156,239.343,469.4401,372.66,75.22,50.0,30.125,2.9392,2.4122,36.2113,5.4484,41.5438,13.9729,27.974,4.8686,87.8152
2021-10-01,0.75,107.3,106.72,103.35,107.0,105.71,239.6025,237.612,452.0219,355.3747,76.01,50.0,16.2514,1.7835,3.1643,20.0898,4.871,28.2899,12.187,16.6282,-12.2996,97.3773
2021-10-02,0.75,107.3,106.72,103.35,107.0,105.71,239.6025,237.612,452.0219,355.3747,76.01,50.0,16.2514,1.7835,3.1643,20.0898,4.871,28.2899,12.187,16.6282,-12.2996,105.9892
2021-10-03,0.75,107.3,106.72,103.35,107.0,105.71,239.6025,237.612,452.0219,355.3747,76.01,50.0,16.2514,1.7835,3.1643,20.0898,4.871,28.2899,12.187,16.6282,-12.2996,105.9892
2021-10-04,0.75,107.3,106.72,103.35,107.0,105.71,239.6025,237.612,452.0219,355.3747,77.68,50.0,16.2514,1.7835,3.1643,20.0898,4.871,28.2899,12.187,16.6282,-12.2996,110.5149
2021-10-05,0.75,107.3,106.72,103.35,107.0,105.71,239.6025,237.612,452.0219,355.3747,79.17,50.0,16.2514,1.7835,3.1643,20.0898,4.871,28.2899,12.187,16.6282,-12.2996,102.3773
2021-10-06,0.75,107.3,106.72,103.35,107.0,105.71,239.6025,237.612,452.0219,355.3747,77.66,50.0,16.2514,1.7835,3.1643,20.0898,4.871,28.2899,12.187,16.6282,-12.2996,91.6584
2021-10-07,0.75,107.3,106.72,103.35,107.0,105.71,239.6025,237.612,452.0219,355.3747,78.46,50.0,16.2514,1.7835,3.1643,20.0898,4.871,28.2899,12.187,16.6282,-12.2996,97.0367
2021-10-08,0.75,107.3,106.72,103.35,107.0,105.71,239.6025,237.612,452.0219,355.3747,79.55,50.0,16.2514,1.7835,3.1643,20.0898,4.871,28.2899,12.187,16.6282,-12.2996,93.8353
2021-10-09,0.75,107.3,106.72,103.35,107.0,105.71,239.6025,237.612,452.0219,355.3747,79.55,50.0,16.2514,1.7835,3.1643,20.0898,4.871,28.2899,12.187,16.6282,-12.2996,96.7112
2021-10-10,0.75,107.3,106.72,103.35,107.0,105.71,239.6025,237.612,452.0219,355.3747,79.55,50.0,16.2514,1.7835,3.1643,20.0898,4.871,28.2899,12.187,16.6282,-12.2996,96.7112
2021-10-11,0.75,107.3,106.72,103.35,107.0,105.71,239.6025,237.612,452.0219,355.3747,80.64,50.0,16.2514,1.7835,3.1643,20.0898,4.871,28.2899,12.187,16.6282,-12.2996,99.4065
2021-10-12,0.75,107.3,106.72,103.35,107.0,105.71,239.6025,237.612,452.0219,355.3747,80.75,50.0,16.2514,1.7835,3.1643,20.0898,4.871,28.2899,12.187,16.6282,-12.2996,105.8899
2021-10-13,0.75,107.3,106.72,103.35,107.0,105.71,239.6025,237.612,452.0219,355.3747,80.67,50.0,16.2514,1.7835,3.1643,20.0898,4.871,28.2899,12.187,16.6282,-12.2996,101.5239
2021-10-14,0.75,107.3,106.72,103.35,107.0,105.71,239.6025,237.612,452.0219,355.3747,81.43,50.0,16.2514,1.7835,3.1643,20.0898,4.871,28.2899,12.187,16.6282,-12.2996,99.2903
2021-10-15,0.75,107.3,106.72,103.35,107.0,105.71,239.6025,237.612,452.0219,355.3747,82.39,50.0,16.2514,1.7835,3.1643,20.0898,4.871,28.2899,12.187,16.6282,-12.2996,101.7385
2021-10-16,0.75,107.3,106.72,103.35,107.0,105.71,239.6025,237.612,452.0219,355.3747,82.39,50.0,16.2514,1.7835,3.1643,20.0898,4.871,28.2899,12.187,16.6282,-12.2996,102.4324
2021-10-17,0.75,107.3,106.72,103.35,107.0,105.71,239.6025,237.612,452.0219,355.3747,82.39,50.0,16.2514,1.7835,3.1643,20.0898,4.871,28.2899,12.187,16.6282,-12.2996,102.4324
2021-10-18,0.75,107.3,106.72,103.35,107.0,105.71,239.6025,237.612,452.0219,355.3747,82.62,50.0,16.2514,1.7835,3.1643,20.0898,4.871,28.2899,12.187,16.6282,-12.2996,102.9975
2021-10-19,0.75,107.3,106.72,103.35,107.0,105.71,239.6025,237.612,452.0219,355.3747,83.19,50.0,16.2514,1.7835,3.1643,20.0898,4.871,28.2899,12.187,16.6282,-12.2996,104.4483
2021-10-20,0.75,107.3,106.72,103.35,107.0,105.71,239.6025,237.612,452.0219,355.3747,84.4,50.0,16.2514,1.7835,3.1643,20.0898,4.871,28.2899,12.187,16.6282,-12.2996,104.0126
2021-10-21,0.75,107.3,106.72,103.35,107.0,105.71,239.6025,237.612,452.0219,355.3747,82.64,50.0,16.2514,1.7835,3.1643,20.0898,4.871,28.2899,12.187,16.6282,-12.2996,107.2217
2021-10-22,0.75,107.3,106.72,103.35,107.0,105.71,239.6025,237.612,452.0219,355.3747,84.53,50.0,16.2514,1.7835,3.1643,20.0898,4.871,28.2899,12.187,16.6282,-12.2996,108.9224
2021-10-23,0.75,107.3,106.72,103.35,107.0,105.71,239.6025,237.612,452.0219,355.3747,84.53,50.0,16.2514,1.7835,3.1643,20.0898,4.871,28.2899,12.187,16.6282,-12.2996,112.7611
2021-10-24,0.75,107.3,106.72,103.35,107.0,105.71,239.6025,237.612,452.0219,355.3747,84.53,50.0,16.2514,1.7835,3.1643,20.0898,4.871,28.2899,12.187,16.6282,-12.2996,112.7611
2021-10-25,0.75,107.3,106.72,103.35,107.0,105.71,239.6025,237.612,452.0219,355.3747,84.64,50.0,16.2514,1.7835,3.1643,20.0898,4.871,28.2899,12.187,16.6282,-12.2996,113.038
2021-10-26,0.75,107.3,106.72,103.35,107.0,105.71,239.6025,237.612,452.0219,355.3747,85.64,50.0,16.2514,1.7835,3.1643,20.0898,4.871,28.2899,12.187,16.6282,-12.2996,123.0789
2021-10-27,0.75,107.3,106.72,103.35,107.0,105.71,239.6025,237.612,452.0219,355.3747,82.66,50.0,16.2514,1.7835,3.1643,20.0898,4.871,28.2899,12.187,16.6282,-12.2996,110.1169
2021-10-28,0.75,107.3,106.72,103.35,107.0,105.71,239.6025,237.612,452.0219,355.3747,82.78,50.0,16.2514,1.7835,3.1643,20.0898,4.871,28.2899,12.187,16.6282,-12.2996,122.1089
2021-10-29,0.75,107.3,106.72,103.35,107.0,105.71,239.6025,237.612,452.0219,355.3747,83.5,50.0,16.2514,1.7835,3.1643,20.0898,4.871,28.2899,12.187,16.6282,-12.2996,132.3317
2021-10-30,0.75,107.3,106.72,103.35,107.0,105.71,239.6025,237.612,452.0219,355.3747,83.5,50.0,16.2514,1.7835,3.1643,20.0898,4.871,28.2899,12.187,16.6282,-12.2996,134.2873
2021-10-31,0.75,107.3,106.72,103.35,107.0,105.71,239.6025,237.612,452.0219,355.3747,83.5,50.0,16.2514,1.7835,3.1643,20.0898,4.871,28.2899,12.187,16.6282,-12.2996,134.2873
2021-11-01,1.0,108.2,107.25,103.87,107.8,105.87,248.7677,237.801,454.5764,388.3023,84.08,100.0,9.5142,5.9364,3.7766,16.9197,4.9881,30.5011,11.2259,8.3394,-9.747,135.9147
2021-11-02,1.0,108.2,107.25,103.87,107.8,105.87,248.7677,237.801,454.5764,388.3023,83.91,100.0,9.5142,5.9364,3.7766,16.9197,4.9881,30.5011,11.2259,8.3394,-9.747,129.2623
2021-11-03,1.0,108.2,107.25,103.87,107.8,105.87,248.7677,237.801,454.5764,388.3023,80.82,100.0,9.5142,5.9364,3.7766,16.9197,4.9881,30.5011,11.2259,8.3394,-9.747,115.8654
2021-11-04,1.0,108.2,107.25,103.87,107.8,105.87,248.7677,237.801,454.5764,388.3023,78.88,100.0,9.5142,5.9364,3.7766,16.9197,4.9881,30.5011,11.2259,8.3394,-9.747,102.4121
2021-11-05,1.0,108.2,107.25,103.87,107.8,105.87,248.7677,237.801,454.5764,388.3023,81.25,100.0,9.5142,5.9364,3.7766,16.9197,4.9881,30.5011,11.2259,8.3394,-9.747,110.7106
2021-11-06,1.0,108.2,107.25,103.87,107.8,105.87,248.7677,237.801,454.5764,388.3023,81.25,100.0,9.5142,5.9364,3.7766,16.9197,4.9881,30.5011,11.2259,8.3394,-9.747,119.7728
2021-11-07,1.0,108.2,107.25,103.87,107.8,105.87,248.7677,237.801,454.5764,388.3023,81.25,100.0,9.5142,5.9364,3.7766,16.9197,4.9881,30.5011,11.2259,8.3394,-9.747,119.7728
2021-11-08,1.0,108.2,107.25,103.87,107.8,105.87,248.7677,237.801,454.5764,388.3023,81.96,100.0,9.5142,5.9364,3.7766,16.9197,4.9881,30.5011,11.2259,8.3394,-9.747,121.6933
2021-11-09,1.0,108.2,107.25,103.87,107.8,105.87,248.7677,237.801,454.5764,388.3023,84.12,100.0,9.5142,5.9364,3.7766,16.9197,4.9881,30.5011,11.2259,8.3394,-9.747,110.0375
2021-11-10,1.0,108.2,107.25,103.87,107.8,105.87,248.7677,237.801,454.5764,388.3023,81.23,100.0,9.5142,5.9364,3.7766,16.9197,4.9881,30.5011,11.2259,8.3394,-9.747,97.2559
2021-11-11,1.0,108.2,107.25,103.87,107.8,105.87,248.7677,237.801,454.5764,388.3023,81.47,100.0,9.5142,5.9364,3.7766,16.9197,4.9881,30.5011,11.2259,8.3394,-9.747,97.5988
2021-11-12,1.0,108.2,107.25,103.87,107.8,105.87,248.7677,237.801,454.5764,388.3023,80.87,100.0,9.5142,5.9364,3.7766,16.9197,4.9881,30.5011,11.2259,8.3394,-9.747,97.7262
2021-11-13,1.0,108.2,107.25,103.87,107.8,105.87,248.7677,237.801,454.5764,388.3023,80.87,100.0,9.5142,5.9364,3.7766,16.9197,4.9881,30.5011,11.2259,8.3394,-9.747,102.5294
2021-11-14,1.0,108.2,107.25,103.87,107.8,105.87,248.7677,237.801,454.5764,388.3023,80.87,100.0,9.5142,5.9364,3.7766,16.9197,4.9881,30.5011,11.2259,8.3394,-9.747,102.5294
2021-11-15,1.0,108.2,107.25,103.87,107.8,105.87,248.7677,237.801,454.5764,388.3023,80.85,100.0,9.5142,5.9364,3.7766,16.9197,4.9881,30.5011,11.2259,8.3394,-9.747,102.4793
2021-11-16,1.0,108.2,107.25,103.87,107.8,105.87,248.7677,237.801,454.5764,388.3023,80.76,100.0,9.5142,5.9364,3.7766,16.9197,4.9881,30.5011,11.2259,8.3394,-9.747,96.3053
2021-11-17,1.0,108.2,107.25,103.87,107.8,105.87,248.7677,237.801,454.5764,388.3023,78.32,100.0,9.5142,5.9364,3.7766,16.9197,4.9881,30.5011,11.2259,8.3394,-9.747,89.9127
2021-11-18,1.0,108.2,107.25,103.87,107.8,105.87,248.7677,237.801,454.5764,388.3023,78.92,100.0,9.5142,5.9364,3.7766,16.9197,4.9881,30.5011,11.2259,8.3394,-9.747,89.5293
2021-11-19,1.0,108.2,107.25,103.87,107.8,105.87,248.7677,237.801,454.5764,388.3023,76.11,100.0,9.5142,5.9364,3.7766,16.9197,4.9881,30.5011,11.2259,8.3394,-9.747,83.0888
2021-11-20,1.0,108.2,107.25,103.87,107.8,105.87,248.7677,237.801,454.5764,388.3023,76.11,100.0,9.5142,5.9364,3.7766,16.9197,4.9881,30.5011,11.2259,8.3394,-9.747,81.2574
2021-11-21,1.0,108.2,107.25,103.87,107.8,105.87,248.7677,237.801,454.5764,388.3023,76.11,100.0,9.5142,5.9364,3.7766,16.9197,4.9881,30.5011,11.2259,8.3394,-9.747,81.2574
2021-11-22,1.0,108.2,107.25,103.87,107.8,105.87,248.7677,237.801,454.5764,388.3023,76.74,100.0,9.5142,5.9364,3.7766,16.9197,4.9881,30.5011,11.2259,8.3394,-9.747,82.7578
2021-11-23,1.0,108.2,107.25,103.87,107.8,105.87,248.7677,237.801,454.5764,388.3023,78.32,100.0,9.5142,5.9364,3.7766,16.9197,4.9881,30.5011,11.2259,8.3394,-9.747,82.5216
2021-11-24,1.0,108.2,107.25,103.87,107.8,105.87,248.7677,237.801,454.5764,388.3023,78.32,100.0,9.5142,5.9364,3.7766,16.9197,4.9881,30.5011,11.2259,8.3394,-9.747,75.1733
2021-11-25,1.0,108.2,107.25,103.87,107.8,105.87,248.7677,237.801,454.5764,388.3023,78.32,100.0,9.5142,5.9364,3.7766,16.9197,4.9881,30.5011,11.2259,8.3394,-9.747,71.8297
2021-11-26,1.0,108.2,107.25,103.87,107.8,105.87,248.7677,237.801,454.5764,388.3023,78.32,100.0,9.5142,5.9364,3.7766,16.9197,4.9881,30.5011,11.2259,8.3394,-9.747,71.8297
2021-11-27,1.0,108.2,107.25,103.87,107.8,105.87,248.7677,237.801,454.5764,388.3023,78.32,100.0,9.5142,5.9364,3.7766,16.9197,4.9881,30.5011,11.2259,8.3394,-9.747,71.8297
2021-11-28,1.0,108.2,107.25,103.87,107.8,105.87,248.7677,237.801,454.5764,388.3023,78.32,100.0,9.5142,5.9364,3.7766,16.9197,4.9881,30.5011,11.2259,8.3394,-9.747,71.8297
2021-11-29,1.0,108.2,107.25,103.87,107.8,105.87,248.7677,237.801,454.5764,388.3023,69.88,100.0,9.5142,5.9364,3.7766,16.9197,4.9881,30.5011,11.2259,8.3394,-9.747,53.3129
2021-11-30,1.0,108.2,107.25,103.87,107.8,105.87,248.7677,237.801,454.5764,388.3023,66.14,100.0,9.5142,5.9364,3.7766,16.9197,4.9881,30.5011,11.2259,8.3394,-9.747,46.3274
2021-12-01,1.0,104.2,107.85,104.04,105.8,106.23,264.5731,237.908,473.81,425.1965,65.44,100.0,15.1381,6.2457,3.6978,23.0233,5.1678,32.8282,11.7989,6.7969,-3.825,46.9241
2021-12-02,1.0,104.2,107.85,104.04,105.8,106.23,264.5731,237.908,473.81,425.1965,66.6,100.0,15.1381,6.2457,3.6978,23.0233,5.1678,32.8282,11.7989,6.7969,-3.825,47.2474
2021-12-03,1.0,104.2,107.85,104.04,105.8,106.23,264.5731,237.908,473.81,425.1965,66.39,100.0,15.1381,6.2457,3.6978,23.0233,5.1678,32.8282,11.7989,6.7969,-3.825,45.4326
2021-12-04,1.0,104.2,107.85,104.04,105.8,106.23,264.5731,237.908,473.81,425.1965,66.39,100.0,15.1381,6.2457,3.6978,23.0233,5.1678,32.8282,11.7989,6.7969,-3.825,43.608
2021-12-05,1.0,104.2,107.85,104.04,105.8,106.23,264.5731,237.908,473.81,425.1965,66.39,100.0,15.1381,6.2457,3.6978,23.0233,5.1678,32.8282,11.7989,6.7969,-3.825,43.608
2021-12-06,1.0,104.2,107.85,104.04,105.8,106.23,264.5731,237.908,473.81,425.1965,69.62,100.0,15.1381,6.2457,3.6978,23.0233,5.1678,32.8282,11.7989,6.7969,-3.825,50.5949
2021-12-07,1.0,104.2,107.85,104.04,105.8,106.23,264.5731,237.908,473.81,425.1965,71.94,100.0,15.1381,6.2457,3.6978,23.0233,5.1678,32.8282,11.7989,6.7969,-3.825,57.3491
2021-12-08,1.0,104.2,107.85,104.04,105.8,106.23,264.5731,237.908,473.81,425.1965,72.43,100.0,15.1381,6.2457,3.6978,23.0233,5.1678,32.8282,11.7989,6.7969,-3.825,58.6985
2021-12-09,1.0,104.2,107.85,104.04,105.8,106.23,264.5731,237.908,473.81,425.1965,70.87,100.0,15.1381,6.2457,3.6978,23.0233,5.1678,32.8282,11.7989,6.7969,-3.825,55.8267
2021-12-10,1.0,104.2,107.85,104.04,105.8,106.23,264.5731,237.908,473.81,425.1965,71.71,100.0,15.1381,6.2457,3.6978,23.0233,5.1678,32.8282,11.7989,6.7969,-3.825,53.3576
2021-12-11,1.0,104.2,107.85,104.04,105.8,106.23,264.5731,237.908,473.81,425.1965,71.71,100.0,15.1381,6.2457,3.6978,23.0233,5.1678,32.8282,11.7989,6.7969,-3.825,53.9171
2021-12-12,1.0,104.2,107.85,104.04,105.8,106.23,264.5731,237.908,473.81,425.1965,71.71,100.0,15.1381,6.2457,3.6978,23.0233,5.1678,32.8282,11.7989,6.7969,-3.825,53.9171
2021-12-13,1.0,104.2,107.85,104.04,105.8,106.23,264.5731,237.908,473.81,425.1965,71.19,100.0,15.1381,6.2457,3.6978,23.0233,5.1678,32.8282,11.7989,6.7969,-3.825,52.801
2021-12-14,1.0,104.2,107.85,104.04,105.8,106.23,264.5731,237.908,473.81,425.1965,70.57,100.0,15.1381,6.2457,3.6978,23.0233,5.1678,32.8282,11.7989,6.7969,-3.825,50.0851
2021-12-15,1.0,104.2,107.85,104.04,105.8,106.23,264.5731,237.908,473.81,425.1965,70.89,100.0,15.1381,6.2457,3.6978,23.0233,5.1678,32.8282,11.7989,6.7969,-3.825,48.9912
2021-12-16,1.0,104.2,107.85,104.04,105.8,106.23,264.5731,237.908,473.81,425.1965,72.34,100.0,15.1381,6.2457,3.6978,23.0233,5.1678,32.8282,11.7989,6.7969,-3.825,51.1492
2021-12-17,1.0,104.2,107.85,104.04,105.8,106.23,264.5731,237.908,473.81,425.1965,70.93,100.0,15.1381,6.2457,3.6978,23.0233,5.1678,32.8282,11.7989,6.7969,-3.825,46.7315
2021-12-18,1.0,104.2,107.85,104.04,105.8,106.23,264.5731,237.908,473.81,425.1965,70.93,100.0,15.1381,6.2457,3.6978,23.0233,5.1678,32.8282,11.7989,6.7969,-3.825,44.637
2021-12-19,1.0,104.2,107.85,104.04,105.8,106.23,264.5731,237.908,473.81,425.1965,70.93,100.0,15.1381,6.2457,3.6978,23.0233,5.1678,32.8282,11.7989,6.7969,-3.825,44.637
2021-12-20,1.0,104.2,107.85,104.04,105.8,106.23,264.5731,237.908,473.81,425.1965,68.69,100.0,15.1381,6.2457,3.6978,23.0233,5.1678,32.8282,11.7989,6.7969,-3.825,40.0693
2021-12-21,1.0,104.2,107.85,104.04,105.8,106.23,264.5731,237.908,473.81,425.1965,71.1,100.0,15.1381,6.2457,3.6978,23.0233,5.1678,32.8282,11.7989,6.7969,-3.825,48.7759
2021-12-22,1.0,104.2,107.85,104.04,105.8,106.23,264.5731,237.908,473.81,425.1965,72.82,100.0,15.1381,6.2457,3.6978,23.0233,5.1678,32.8282,11.7989,6.7969,-3.825,54.8703
2021-12-23,1.0,104.2,107.85,104.04,105.8,106.23,264.5731,237.908,473.81,425.1965,73.89,100.0,15.1381,6.2457,3.6978,23.0233,5.1678,32.8282,11.7989,6.7969,-3.825,54.1302
2021-12-24,1.0,104.2,107.85,104.04,105.8,106.23,264.5731,237.908,473.81,425.1965,73.89,100.0,15.1381,6.2457,3.6978,23.0233,5.1678,32.8282,11.7989,6.7969,-3.825,53.3624
2021-12-25,1.0,104.2,107.85,104.04,105.8,106.23,264.5731,237.908,473.81,425.1965,73.89,100.0,15.1381,6.2457,3.6978,23.0233,5.1678,32.8282,11.7989,6.7969,-3.825,53.3624
2021-12-26,1.0,104.2,107.85,104.04,105.8,106.23,264.5731,237.908,473.81,425.1965,73.89,100.0,15.1381,6.2457,3.6978,23.0233,5.1678,32.8282,11.7989,6.7969,-3.825,53.3624
2021-12-27,1.0,104.2,107.85,104.04,105.8,106.23,264.5731,237.908,473.81,425.1965,75.49,100.0,15.1381,6.2457,3.6978,23.0233,5.1678,32.8282,11.7989,6.7969,-3.825,56.6833
2021-12-28,1.0,104.2,107.85,104.04,105.8,106.23,264.5731,237.908,473.81,425.1965,76.01,100.0,15.1381,6.2457,3.6978,23.0233,5.1678,32.8282,11.7989,6.7969,-3.825,60.0211
2021-12-29,1.0,104.2,107.85,104.04,105.8,106.23,264.5731,237.908,473.81,425.1965,76.58,100.0,15.1381,6.2457,3.6978,23.0233,5.1678,32.8282,11.7989,6.7969,-3.825,60.0418
2021-12-30,1.0,104.2,107.85,104.04,105.8,106.23,264.5731,237.908,473.81,425.1965,76.83,100.0,15.1381,6.2457,3.6978,23.0233,5.1678,32.8282,11.7989,6.7969,-3.825,59.2662
2021-12-31,1.0,104.2,107.85,104.04,105.8,106.23,264.5731,237.908,473.81,425.1965,75.33,100.0,15.1381,6.2457,3.6978,23.0233,5.1678,32.8282,11.7989,6.7969,-3.825,55.8014
2022-01-01,1.25,104.9,109.34,104.85,106.8,107.95,276.7192,241.889,514.4485,456.7537,75.33,150.0,10.4211,5.7549,3.7708,14.5923,5.906,19.4019,13.35,2.01,-6.4506,55.8014
2022-01-02,1.25,104.9,109.34,104.85,106.8,107.95,276.7192,241.889,514.4485,456.7537,75.33,150.0,10.4211,5.7549,3.7708,14.5923,5.906,19.4019,13.35,2.01,-6.4506,55.8014
2022-01-03,1.25,104.9,109.34,104.85,106.8,107.95,276.7192,241.889,514.4485,456.7537,75.99,150.0,10.4211,5.7549,3.7708,14.5923,5.906,19.4019,13.35,2.01,-6.4506,57.1665
2022-01-04,1.25,104.9,109.34,104.85,106.8,107.95,276.7192,241.889,514.4485,456.7537,77.0,150.0,10.4211,5.7549,3.7708,14.5923,5.906,19.4019,13.35,2.01,-6.4506,62.2077
2022-01-05,1.25,104.9,109.34,104.85,106.8,107.95,276.7192,241.889,514.4485,456.7537,77.83,150.0,10.4211,5.7549,3.7708,14.5923,5.906,19.4019,13.35,2.01,-6.4506,56.3479
2022-01-06,1.25,104.9,109.34,104.85,106.8,107.95,276.7192,241.889,514.4485,456.7537,79.47,150.0,10.4211,5.7549,3.7708,14.5923,5.906,19.4019,13.35,2.01,-6.4506,57.5223
2022-01-07,1.25,104.9,109.34,104.85,106.8,107.95,276.7192,241.889,514.4485,456.7537,79.0,150.0,10.4211,5.7549,3.7708,14.5923,5.906,19.4019,13.35,2.01,-6.4506,56.034
2022-01-08,1.25,104.9,109.34,104.85,106.8,107.95,276.7192,241.889,514.4485,456.7537,79.0,150.0,10.4211,5.7549,3.7708,14.5923,5.906,19.4019,13.35,2.01,-6.4506,51.5152
2022-01-09,1.25,104.9,109.34,104.85,106.8,107.95,276.7192,241.889,514.4485,456.7537,79.0,150.0,10.4211,5.7549,3.7708,14.5923,5.906,19.4019,13.35,2.01,-6.4506,51.5152
2022-01-10,1.25,104.9,109.34,104.85,106.8,107.95,276.7192,241.889,514.4485,456.7537,78.11,150.0,10.4211,5.7549,3.7708,14.5923,5.906,19.4019,13.35,2.01,-6.4506,49.8082
2022-01-11,1.25,104.9,109.34,104.85,106.8,107.95,276.7192,241.889,514.4485,456.7537,81.17,150.0,10.4211,5.7549,3.7708,14.5923,5.906,19.4019,13.35,2.01,-6.4506,55.6472
2022-01-12,1.25,104.9,109.34,104.85,106.8,107.95,276.7192,241.889,514.4485,456.7537,82.51,150.0,10.4211,5.7549,3.7708,14.5923,5.906,19.4019,13.35,2.01,-6.4506,55.4446
2022-01-13,1.25,104.9,109.34,104.85,106.8,107.95,276.7192,241.889,514.4485,456.7537,81.97,150.0,10.4211,5.7549,3.7708,14.5923,5.906,19.4019,13.35,2.01,-6.4506,55.2168
2022-01-14,1.25,104.9,109.34,104.85,106.8,107.95,276.7192,241.889,514.4485,456.7537,83.82,150.0,10.4211,5.7549,3.7708,14.5923,5.906,19.4019,13.35,2.01,-6.4506,56.7608
2022-01-15,1.25,104.9,109.34,104.85,106.8,107.95,276.7192,241.889,514.4485,456.7537,83.82,150.0,10.4211,5.7549,3.7708,14.5923,5.906,19.4019,13.35,2.01,-6.4506,60.4211
2022-01-16,1.25,104.9,109.34,104.85,106.8,107.95,276.7192,241.889,514.4485,456.7537,83.82,150.0,10.4211,5.7549,3.7708,14.5923,5.906,19.4019,13.35,2.01,-6.4506,60.4211
2022-01-17,1.25,104.9,109.34,104.85,106.8,107.95,276.7192,241.889,514.4485,456.7537,83.82,150.0,10.4211,5.7549,3.7708,14.5923,5.906,19.4019,13.35,2.01,-6.4506,60.4211
2022-01-18,1.25,104.9,109.34,104.85,106.8,107.95,276.7192,241.889,514.4485,456.7537,85.42,150.0,10.4211,5.7549,3.7708,14.5923,5.906,19.4019,13.35,2.01,-6.4506,63.4833
2022-01-19,1.25,104.9,109.34,104.85,106.8,107.95,276.7192,241.889,514.4485,456.7537,86.84,150.0,10.4211,5.7549,3.7708,14.5923,5.906,19.4019,13.35,2.01,-6.4506,64.2519
2022-01-20,1.25,104.9,109.34,104.85,106.8,107.95,276.7192,241.889,514.4485,456.7537,86.29,150.0,10.4211,5.7549,3.7708,14.5923,5.906,19.4019,13.35,2.01,-6.4506,62.3213
2022-01-21,1.25,104.9,109.34,104.85,106.8,107.95,276.7192,241.889,514.4485,456.7537,85.16,150.0,10.4211,5.7549,3.7708,14.5923,5.906,19.4019,13.35,2.01,-6.4506,60.6792
2022-01-22,1.25,104.9,109.34,104.85,106.8,107.95,276.7192,241.889,514.4485,456.7537,85.16,150.0,10.4211,5.7549,3.7708,14.5923,5.906,19.4019,13.35,2.01,-6.4506,62.8921
2022-01-23,1.25,104.9,109.34,104.85,106.8,107.95,276.7192,241.889,514.4485,456.7537,85.16,150.0,10.4211,5.7549,3.7708,14.5923,5.906,19.4019,13.35,2.01,-6.4506,62.8921
2022-01-24,1.25,104.9,109.34,104.85,106.8,107.95,276.7192,241.889,514.4485,456.7537,84.48,150.0,10.4211,5.7549,3.7708,14.5923,5.906,19.4019,13.35,2.01,-6.4506,61.5914
2022-01-25,1.25,104.9,109.34,104.85,106.8,107.95,276.7192,241.889,514.4485,456.7537,86.61,150.0,10.4211,5.7549,3.7708,14.5923,5.906,19.4019,13.35,2.01,-6.4506,64.0962
2022-01-26,1.25,104.9,109.34,104.85,106.8,107.95,276.7192,241.889,514.4485,456.7537,88.33,150.0,10.4211,5.7549,3.7708,14.5923,5.906,19.4019,13.35,2.01,-6.4506,67.8958
2022-01-27,1.25,104.9,109.34,104.85,106.8,107.95,276.7192,241.889,514.4485,456.7537,87.61,150.0,10.4211,5.7549,3.7708,14.5923,5.906,19.4019,13.35,2.01,-6.4506,65.8966
2022-01-28,1.25,104.9,109.34,104.85,106.8,107.95,276.7192,241.889,514.4485,456.7537,87.67,150.0,10.4211,5.7549,3.7708,14.5923,5.906,19.4019,13.35,2.01,-6.4506,67.7574
2022-01-29,1.25,104.9,109.34,104.85,106.8,107.95,276.7192,241.889,514.4485,456.7537,87.67,150.0,10.4211,5.7549,3.7708,14.5923,5.906,19.4019,13.35,2.01,-6.4506,68.079
2022-01-30,1.25,104.9,109.34,104.85,106.8,107.95,276.7192,241.889,514.4485,456.7537,87.67,150.0,10.4211,5.7549,3.7708,14.5923,5.906,19.4019,13.35,2.01,-6.4506,68.079
2022-01-31,1.25,104.9,109.34,104.85,106.8,107.95,276.7192,241.889,514.4485,456.7537,89.16,150.0,10.4211,5.7549,3.7708,14.5923,5.906,19.4019,13.35,2.01,-6.4506,70.9356
2022-02-01,1.25,103.4,109.63,105.42,107.1,108.09,292.6716,246.227,583.693,496.51,88.22,150.0,6.3786,3.7279,3.7803,10.1852,5.238,19.1883,13.4164,14.9415,5.0486,64.7432
2022-02-02,1.25,103.4,109.63,105.42,107.1,108.09,292.6716,246.227,583.693,496.51,88.16,150.0,6.3786,3.7279,3.7803,10.1852,5.238,19.1883,13.4164,14.9415,5.0486,60.964
2022-02-03,1.25,103.4,109.63,105.42,107.1,108.09,292.6716,246.227,583.693,496.51,90.17,150.0,6.3786,3.7279,3.7803,10.1852,5.238,19.1883,13.4164,14.9415,5.0486,61.9723
2022-02-04,1.25,103.4,109.63,105.42,107.1,108.09,292.6716,246.227,583.693,496.51,92.27,150.0,6.3786,3.7279,3.7803,10.1852,5.238,19.1883,13.4164,14.9415,5.0486,64.2107
2022-02-05,1.25,103.4,109.63,105.42,107.1,108.09,292.6716,246.227,583.693,496.51,92.27,150.0,6.3786,3.7279,3.7803,10.1852,5.238,19.1883,13.4164,14.9415,5.0486,62.4472
2022-02-06,1.25,103.4,109.63,105.42,107.1,108.09,292.6716,246.227,583.693,496.51,92.27,150.0,6.3786,3.7279,3.7803,10.1852,5.238,19.1883,13.4164,14.9415,5.0486,62.4472
2022-02-07,1.25,103.4,109.63,105.42,107.1,108.09,292.6716,246.227,583.693,496.51,91.25,150.0,6.3786,3.7279,3.7803,10.1852,5.238,19.1883,13.4164,14.9415,5.0486,60.6514
2022-02-08,1.25,103.4,109.63,105.42,107.1,108.09,292.6716,246.227,583.693,496.51,89.32,150.0,6.3786,3.7279,3.7803,10.1852,5.238,19.1883,13.4164,14.9415,5.0486,54.1329
2022-02-09,1.25,103.4,109.63,105.42,107.1,108.09,292.6716,246.227,583.693,496.51,89.57,150.0,6.3786,3.7279,3.7803,10.1852,5.238,19.1883,13.4164,14.9415,5.0486,53.531
2022-02-10,1.25,103.4,109.63,105.42,107.1,108.09,292.6716,246.227,583.693,496.51,89.83,150.0,6.3786,3.7279,3.7803,10.1852,5.238,19.1883,13.4164,14.9415,5.0486,53.0584
2022-02-11,1.25,103.4,109.63,105.42,107.1,108.09,292.6716,246.227,583.693,496.51,93.1,150.0,6.3786,3.7279,3.7803,10.1852,5.238,19.1883,13.4164,14.9415,5.0486,59.9107
2022-02-12,1.25,103.4,109.63,105.42,107.1,108.09,292.6716,246.227,583.693,496.51,93.1,150.0,6.3786,3.7279,3.7803,10.1852,5.238,19.1883,13.4164,14.9415,5.0486,56.4706
2022-02-13,1.25,103.4,109.63,105.42,107.1,108.09,292.6716,246.227,583.693,496.51,93.1,150.0,6.3786,3.7279,3.7803,10.1852,5.238,19.1883,13.4164,14.9415,5.0486,56.4706
2022-02-14,1.25,103.4,109.63,105.42,107.1,108.09,292.6716,246.227,583.693,496.51,95.52,150.0,6.3786,3.7279,3.7803,10.1852,5.238,19.1883,13.4164,14.9415,5.0486,60.5378
2022-02-15,1.25,103.4,109.63,105.42,107.1,108.09,292.6716,246.227,583.693,496.51,92.07,150.0,6.3786,3.7279,3.7803,10.1852,5.238,19.1883,13.4164,14.9415,5.0486,54.7395
2022-02-16,1.25,103.4,109.63,105.42,107.1,108.09,292.6716,246.227,583.693,496.51,93.83,150.0,6.3786,3.7279,3.7803,10.1852,5.238,19.1883,13.4164,14.9415,5.0486,56.2011
2022-02-17,1.25,103.4,109.63,105.42,107.1,108.09,292.6716,246.227,583.693,496.51,91.78,150.0,6.3786,3.7279,3.7803,10.1852,5.238,19.1883,13.4164,14.9415,5.0486,50.2374
2022-02-18,1.25,103.4,109.63,105.42,107.1,108.09,292.6716,246.227,583.693,496.51,91.26,150.0,6.3786,3.7279,3.7803,10.1852,5.238,19.1883,13.4164,14.9415,5.0486,51.0927
2022-02-19,1.25,103.4,109.63,105.42,107.1,108.09,292.6716,246.227,583.693,496.51,91.26,150.0,6.3786,3.7279,3.7803,10.1852,5.238,19.1883,13.4164,14.9415,5.0486,54.364
2022-02-20,1.25,103.4,109.63,105.42,107.1,108.09,292.6716,246.227,583.693,496.51,91.26,150.0,6.3786,3.7279,3.7803,10.1852,5.238,19.1883,13.4164,14.9415,5.0486,54.364
2022-02-21,1.25,103.4,109.63,105.42,107.1,108.09,292.6716,246.227,583.693,496.51,91.26,150.0,6.3786,3.7279,3.7803,10.1852,5.238,19.1883,13.4164,14.9415,5.0486,54.364
2022-02-22,1.25,103.4,109.63,105.42,107.1,108.09,292.6716,246.227,583.693,496.51,92.11,150.0,6.3786,3.7279,3.7803,10.1852,5.238,19.1883,13.4164,14.9415,5.0486,49.3595
2022-02-23,1.25,103.4,109.63,105.42,107.1,108.09,292.6716,246.227,583.693,496.51,92.14,150.0,6.3786,3.7279,3.7803,10.1852,5.238,19.1883,13.4164,14.9415,5.0486,49.4324
2022-02-24,1.25,103.4,109.63,105.42,107.1,108.09,292.6716,246.227,583.693,496.51,92.77,150.0,6.3786,3.7279,3.7803,10.1852,5.238,19.1883,13.4164,14.9415,5.0486,46.7648
2022-02-25,1.25,103.4,109.63,105.42,107.1,108.09,292.6716,246.227,583.693,496.51,91.68,150.0,6.3786,3.7279,3.7803,10.1852,5.238,19.1883,13.4164,14.9415,5.0486,44.5373
2022-02-26,1.25,103.4,109.63,105.42,107.1,108.09,292.6716,246.227,583.693,496.51,91.68,150.0,6.3786,3.7279,3.7803,10.1852,5.238,19.1883,13.4164,14.9415,5.0486,48.9521
2022-02-27,1.25,103.4,109.63,105.42,107.1,108.09,292.6716,246.227,583.693,496.51,91.68,150.0,6.3786,3.7279,3.7803,10.1852,5.238,19.1883,13.4164,14.9415,5.0486,48.9521
2022-02-28,1.25,103.4,109.63,105.42,107.1,108.09,292.6716,246.227,583.693,496.51,96.13,150.0,6.3786,3.7279,3.7803,10.1852,5.238,19.1883,13.4164,14.9415,5.0486,56.182
2022-03-01,1.25,103.6,109.55,106.1,104.7,109.2,335.9307,250.367,617.1983,529.2005,103.66,150.0,3.1873,3.5053,4.183,2.5465,5.7525,36.6903,13.9067,18.7195,17.5083,71.2256
2022-03-02,1.25,103.6,109.55,106.1,104.7,109.2,335.9307,250.367,617.1983,529.2005,110.74,150.0,3.1873,3.5053,4.183,2.5465,5.7525,36.6903,13.9067,18.7195,17.5083,85.4941
2022-03-03,1.25,103.6,109.55,106.1,104.7,109.2,335.9307,250.367,617.1983,529.2005,107.69,150.0,3.1873,3.5053,4.183,2.5465,5.7525,36.6903,13.9067,18.7195,17.5083,75.5911
2022-03-04,1.25,103.6,109.55,106.1,104.7,109.2,335.9307,250.367,617.1983,529.2005,115.77,150.0,3.1873,3.5053,4.183,2.5465,5.7525,36.6903,13.9067,18.7195,17.5083,81.4292
2022-03-05,1.25,103.6,109.55,106.1,104.7,109.2,335.9307,250.367,617.1983,529.2005,115.77,150.0,3.1873,3.5053,4.183,2.5465,5.7525,36.6903,13.9067,18.7195,17.5083,75.1967
2022-03-06,1.25,103.6,109.55,106.1,104.7,109.2,335.9307,250.367,617.1983,529.2005,115.77,150.0,3.1873,3.5053,4.183,2.5465,5.7525,36.6903,13.9067,18.7195,17.5083,75.1967
2022-03-07,1.25,103.6,109.55,106.1,104.7,109.2,335.9307,250.367,617.1983,529.2005,119.26,150.0,3.1873,3.5053,4.183,2.5465,5.7525,36.6903,13.9067,18.7195,17.5083,80.4782
2022-03-08,1.25,103.6,109.55,106.1,104.7,109.2,335.9307,250.367,617.1983,529.2005,123.64,150.0,3.1873,3.5053,4.183,2.5465,5.7525,36.6903,13.9067,18.7195,17.5083,90.1276
2022-03-09,1.25,103.6,109.55,106.1,104.7,109.2,335.9307,250.367,617.1983,529.2005,108.81,150.0,3.1873,3.5053,4.183,2.5465,5.7525,36.6903,13.9067,18.7195,17.5083,69.9625
2022-03-10,1.25,103.6,109.55,106.1,104.7,109.2,335.9307,250.367,617.1983,529.2005,105.93,150.0,3.1873,3.5053,4.183,2.5465,5.7525,36.6903,13.9067,18.7195,17.5083,64.36
2022-03-11,1.25,103.6,109.55,106.1,104.7,109.2,335.9307,250.367,617.1983,529.2005,109.31,150.0,3.1873,3.5053,4.183,2.5465,5.7525,36.6903,13.9067,18.7195,17.5083,65.571
2022-03-12,1.25,103.6,109.55,106.1,104.7,109.2,335.9307,250.367,617.1983,529.2005,109.31,150.0,3.1873,3.5053,4.183,2.5465,5.7525,36.6903,13.9067,18.7195,17.5083,66.6565
2022-03-13,1.25,103.6,109.55,106.1,104.7,109.2,335.9307,250.367,617.1983,529.2005,109.31,150.0,3.1873,3.5053,4.183,2.5465,5.7525,36.6903,13.9067,18.7195,17.5083,66.6565
2022-03-14,1.25,103.6,109.55,106.1,104.7,109.2,335.9307,250.367,617.1983,529.2005,103.22,150.0,3.1873,3.5053,4.183,2.5465,5.7525,36.6903,13.9067,18.7195,17.5083,57.3716
2022-03-15,1.25,103.6,109.55,106.1,104.7,109.2,335.9307,250.367,617.1983,529.2005,96.42,150.0,3.1873,3.5053,4.183,2.5465,5.7525,36.6903,13.9067,18.7195,17.5083,47.5214
2022-03-16,1.25,103.6,109.55,106.1,104.7,109.2,335.9307,250.367,617.1983,529.2005,94.85,150.0,3.1873,3.5053,4.183,2.5465,5.7525,36.6903,13.9067,18.7195,17.5083,46.3283
2022-03-17,1.25,103.6,109.55,106.1,104.7,109.2,335.9307,250.367,617.1983,529.2005,102.97,150.0,3.1873,3.5053,4.183,2.5465,5.7525,36.6903,13.9067,18.7195,17.5083,59.5198
2022-03-18,1.25,103.6,109.55,106.1,104.7,109.2,335.9307,250.367,617.1983,529.2005,104.69,150.0,3.1873,3.5053,4.183,2.5465,5.7525,36.6903,13.9067,18.7195,17.5083,74.6289
2022-03-19,1.25,103.6,109.55,106.1,104.7,109.2,335.9307,250.367,617.1983,529.2005,104.69,150.0,3.1873,3.5053,4.183,2.5465,5.7525,36.6903,13.9067,18.7195,17.5083,70.4216
2022-03-20,1.25,103.6,109.55,106.1,104.7,109.2,335.9307,250.367,617.1983,529.2005,104.69,150.0,3.1873,3.5053,4.183,2.5465,5.7525,36.6903,13.9067,18.7195,17.5083,70.4216
2022-03-21,1.25,103.6,109.55,106.1,104.7,109.2,335.9307,250.367,617.1983,529.2005,112.14,150.0,3.1873,3.5053,4.183,2.5465,5.7525,36.6903,13.9067,18.7195,17.5083,82.5492
2022-03-22,1.25,103.6,109.55,106.1,104.7,109.2,335.9307,250.367,617.1983,529.2005,111.03,150.0,3.1873,3.5053,4.183,2.5465,5.7525,36.6903,13.9067,18.7195,17.5083,80.5953
2022-03-23,1.25,103.6,109.55,106.1,104.7,109.2,335.9307,250.367,617.1983,529.2005,114.89,150.0,3.1873,3.5053,4.183,2.5465,5.7525,36.6903,13.9067,18.7195,17.5083,98.9437
2022-03-24,1.25,103.6,109.55,106.1,104.7,109.2,335.9307,250.367,617.1983,529.2005,114.2,150.0,3.1873,3.5053,4.183,2.5465,5.7525,36.6903,13.9067,18.7195,17.5083,86.8455
2022-03-25,1.25,103.6,109.55,106.1,104.7,109.2,335.9307,250.367,617.1983,529.2005,116.2,150.0,3.1873,3.5053,4.183,2.5465,5.7525,36.6903,13.9067,18.7195,17.5083,98.7344
2022-03-26,1.25,103.6,109.55,106.1,104.7,109.2,335.9307,250.367,617.1983,529.2005,116.2,150.0,3.1873,3.5053,4.183,2.5465,5.7525,36.6903,13.9067,18.7195,17.5083,90.7107
2022-03-27,1.25,103.6,109.55,106.1,104.7,109.2,335.9307,250.367,617.1983,529.2005,116.2,150.0,3.1873,3.5053,4.183,2.5465,5.7525,36.6903,13.9067,18.7195,17.5083,90.7107
2022-03-28,1.25,103.6,109.55,106.1,104.7,109.2,335.9307,250.367,617.1983,529.2005,107.55,150.0,3.1873,3.5053,4.183,2.5465,5.7525,36.6903,13.9067,18.7195,17.5083,76.514
2022-03-29,1.25,103.6,109.55,106.1,104.7,109.2,335.9307,250.367,617.1983,529.2005,104.25,150.0,3.1873,3.5053,4.183,2.5465,5.7525,36.6903,13.9067,18.7195,17.5083,69.5398
2022-03-30,1.25,103.6,109.55,106.1,104.7,109.2,335.9307,250.367,617.1983,529.2005,107.81,150.0,3.1873,3.5053,4.183,2.5465,5.7525,36.6903,13.9067,18.7195,17.5083,78.0512
2022-03-31,1.25,103.6,109.55,106.1,104.7,109.2,335.9307,250.367,617.1983,529.2005,100.53,150.0,3.1873,3.5053,4.183,2.5465,5.7525,36.6903,13.9067,18.7195,17.5083,69.8429
2022-04-01,1.5,104.3,110.29,106.83,107.1,111.3,348.5071,256.578,618.1384,504.9951,99.32,200.0,1.955,4.6891,4.7558,0.7526,7.5051,29.7386,13.9334,15.02,11.3893,61.7326
2022-04-02,1.5,104.3,110.29,106.83,107.1,111.3,348.5071,256.578,618.1384,504.9951,99.32,200.0,1.955,4.6891,4.7558,0.7526,7.5051,29.7386,13.9334,15.02,11.3893,61.7326
2022-04-03,1.5,104.3,110.29,106.83,107.1,111.3,348.5071,256.578,618.1384,504.9951,99.32,200.0,1.955,4.6891,4.7558,0.7526,7.5051,29.7386,13.9334,15.02,11.3893,61.7326
2022-04-04,1.5,104.3,110.29,106.83,107.1,111.3,348.5071,256.578,618.1384,504.9951,103.29,200.0,1.955,4.6891,4.7558,0.7526,7.5051,29.7386,13.9334,15.02,11.3893,68.1974
2022-04-05,1.5,104.3,110.29,106.83,107.1,111.3,348.5071,256.578,618.1384,504.9951,101.98,200.0,1.955,4.6891,4.7558,0.7526,7.5051,29.7386,13.9334,15.02,11.3893,73.6421
2022-04-06,1.5,104.3,110.29,106.83,107.1,111.3,348.5071,256.578,618.1384,504.9951,96.39,200.0,1.955,4.6891,4.7558,0.7526,7.5051,29.7386,13.9334,15.02,11.3893,62.4368
2022-04-07,1.5,104.3,110.29,106.83,107.1,111.3,348.5071,256.578,618.1384,504.9951,96.05,200.0,1.955,4.6891,4.7558,0.7526,7.5051,29.7386,13.9334,15.02,11.3893,60.6993
2022-04-08,1.5,104.3,110.29,106.83,107.1,111.3,348.5071,256.578,618.1384,504.9951,98.35,200.0,1.955,4.6891,4.7558,0.7526,7.5051,29.7386,13.9334,15.02,11.3893,64.9891
2022-04-09,1.5,104.3,110.29,106.83,107.1,111.3,348.5071,256.578,618.1384,504.9951,98.35,200.0,1.955,4.6891,4.7558,0.7526,7.5051,29.7386,13.9334,15.02,11.3893,65.8796
2022-04-10,1.5,104.3,110.29,106.83,107.1,111.3,348.5071,256.578,618.1384,504.9951,98.35,200.0,1.955,4.6891,4.7558,0.7526,7.5051,29.7386,13.9334,15.02,11.3893,65.8796
2022-04-11,1.5,104.3,110.29,106.83,107.1,111.3,348.5071,256.578,618.1384,504.9951,94.22,200.0,1.955,4.6891,4.7558,0.7526,7.5051,29.7386,13.9334,15.02,11.3893,58.9138
2022-04-12,1.5,104.3,110.29,106.83,107.1,111.3,348.5071,256.578,618.1384,504.9951,100.52,200.0,1.955,4.6891,4.7558,0.7526,7.5051,29.7386,13.9334,15.02,11.3893,68.3752
2022-04-13,1.5,104.3,110.29,106.83,107.1,111.3,348.5071,256.578,618.1384,504.9951,104.26,200.0,1.955,4.6891,4.7558,0.7526,7.5051,29.7386,13.9334,15.02,11.3893,73.1894
2022-04-14,1.5,104.3,110.29,106.83,107.1,111.3,348.5071,256.578,618.1384,504.9951,106.84,200.0,1.955,4.6891,4.7558,0.7526,7.5051,29.7386,13.9334,15.02,11.3893,69.1845
2022-04-15,1.5,104.3,110.29,106.83,107.1,111.3,348.5071,256.578,618.1384,504.9951,106.84,200.0,1.955,4.6891,4.7558,0.7526,7.5051,29.7386,13.9334,15.02,11.3893,68.4642
2022-04-16,1.5,104.3,110.29,106.83,107.1,111.3,348.5071,256.578,618.1384,504.9951,106.84,200.0,1.955,4.6891,4.7558,0.7526,7.5051,29.7386,13.9334,15.02,11.3893,69.1577
2022-04-17,1.5,104.3,110.29,106.83,107.1,111.3,348.5071,256.578,618.1384,504.9951,106.84,200.0,1.955,4.6891,4.7558,0.7526,7.5051,29.7386,13.9334,15.02,11.3893,69.1577
2022-04-18,1.5,104.3,110.29,106.83,107.1,111.3,348.5071,256.578,618.1384,504.9951,108.24,200.0,1.955,4.6891,4.7558,0.7526,7.5051,29.7386,13.9334,15.02,11.3893,71.3743
2022-04-19,1.5,104.3,110.29,106.83,107.1,111.3,348.5071,256.578,618.1384,504.9951,102.54,200.0,1.955,4.6891,4.7558,0.7526,7.5051,29.7386,13.9334,15.02,11.3893,61.9138
2022-04-20,1.5,104.3,110.29,106.83,107.1,111.3,348.5071,256.578,618.1384,504.9951,102.56,200.0,1.955,4.6891,4.7558,0.7526,7.5051,29.7386,13.9334,15.02,11.3893,63.8077
2022-04-21,1.5,104.3,110.29,106.83,107.1,111.3,348.5071,256.578,618.1384,504.9951,103.89,200.0,1.955,4.6891,4.7558,0.7526,7.5051,29.7386,13.9334,15.02,11.3893,69.3675
2022-04-22,1.5,104.3,110.29,106.83,107.1,111.3,348.5071,256.578,618.1384,504.9951,102.86,200.0,1.955,4.6891,4.7558,0.7526,7.5051,29.7386,13.9334,15.02,11.3893,67.3881
2022-04-23,1.5,104.3,110.29,106.83,107.1,111.3,348.5071,256.578,618.1384,504.9951,102.86,200.0,1.955,4.6891,4.7558,0.7526,7.5051,29.7386,13.9334,15.02,11.3893,65.423
2022-04-24,1.5,104.3,110.29,106.83,107.1,111.3,348.5071,256.578,618.1384,504.9951,102.86,200.0,1.955,4.6891,4.7558,0.7526,7.5051,29.7386,13.9334,15.02,11.3893,65.423
2022-04-25,1.5,104.3,110.29,106.83,107.1,111.3,348.5071,256.578,618.1384,504.9951,99.6,200.0,1.955,4.6891,4.7558,0.7526,7.5051,29.7386,13.9334,15.02,11.3893,60.1801
2022-04-26,1.5,104.3,110.29,106.83,107.1,111.3,348.5071,256.578,618.1384,504.9951,102.62,200.0,1.955,4.6891,4.7558,0.7526,7.5051,29.7386,13.9334,15.02,11.3893,65.4628
2022-04-27,1.5,104.3,110.29,106.83,107.1,111.3,348.5071,256.578,618.1384,504.9951,101.96,200.0,1.955,4.6891,4.7558,0.7526,7.5051,29.7386,13.9334,15.02,11.3893,61.7642
2022-04-28,1.5,104.3,110.29,106.83,107.1,111.3,348.5071,256.578,618.1384,504.9951,105.47,200.0,1.955,4.6891,4.7558,0.7526,7.5051,29.7386,13.9334,15.02,11.3893,65.2876
2022-04-29,1.5,104.3,110.29,106.83,107.1,111.3,348.5071,256.578,618.1384,504.9951,104.59,200.0,1.955,4.6891,4.7558,0.7526,7.5051,29.7386,13.9334,15.02,11.3893,60.9077
2022-04-30,1.5,104.3,110.29,106.83,107.1,111.3,348.5071,256.578,618.1384,504.9951,104.59,200.0,1.955,4.6891,4.7558,0.7526,7.5051,29.7386,13.9334,15.02,11.3893,64.7087
2022-05-01,1.75,103.1,111.35,107.5,108.1,111.93,344.9093,259.935,617.123,463.9378,104.59,250.0,-2.2749,5.8863,5.3405,1.6933,7.8947,13.3461,12.4773,6.9597,1.5152,64.7087
2022-05-02,1.75,103.1,111.35,107.5,108.1,111.93,344.9093,259.935,617.123,463.9378,105.18,250.0,-2.2749,5.8863,5.3405,1.6933,7.8947,13.3461,12.4773,6.9597,1.5152,65.6378
2022-05-03,1.75,103.1,111.35,107.5,108.1,111.93,344.9093,259.935,617.123,463.9378,102.53,250.0,-2.2749,5.8863,5.3405,1.6933,7.8947,13.3461,12.4773,6.9597,1.5152,59.0599
2022-05-04,1.75,103.1,111.35,107.5,108.1,111.93,344.9093,259.935,617.123,463.9378,107.84,250.0,-2.2749,5.8863,5.3405,1.6933,7.8947,13.3461,12.4773,6.9597,1.5152,64.0901
2022-05-05,1.75,103.1,111.35,107.5,108.1,111.93,344.9093,259.935,617.123,463.9378,108.17,250.0,-2.2749,5.8863,5.3405,1.6933,7.8947,13.3461,12.4773,6.9597,1.5152,64.8179
2022-05-06,1.75,103.1,111.35,107.5,108.1,111.93,344.9093,259.935,617.123,463.9378,109.72,250.0,-2.2749,5.8863,5.3405,1.6933,7.8947,13.3461,12.4773,6.9597,1.5152,69.5041
2022-05-07,1.75,103.1,111.35,107.5,108.1,111.93,344.9093,259.935,617.123,463.9378,109.72,250.0,-2.2749,5.8863,5.3405,1.6933,7.8947,13.3461,12.4773,6.9597,1.5152,68.9039
2022-05-08,1.75,103.1,111.35,107.5,108.1,111.93,344.9093,259.935,617.123,463.9378,109.72,250.0,-2.2749,5.8863,5.3405,1.6933,7.8947,13.3461,12.4773,6.9597,1.5152,68.9039
2022-05-09,1.75,103.1,111.35,107.5,108.1,111.93,344.9093,259.935,617.123,463.9378,103.08,250.0,-2.2749,5.8863,5.3405,1.6933,7.8947,13.3461,12.4773,6.9597,1.5152,58.6823
2022-05-10,1.75,103.1,111.35,107.5,108.1,111.93,344.9093,259.935,617.123,463.9378,99.74,250.0,-2.2749,5.8863,5.3405,1.6933,7.8947,13.3461,12.4773,6.9597,1.5152,53.6352
2022-05-11,1.75,103.1,111.35,107.5,108.1,111.93,344.9093,259.935,617.123,463.9378,105.5,250.0,-2.2749,5.8863,5.3405,1.6933,7.8947,13.3461,12.4773,6.9597,1.5152,61.5373
2022-05-12,1.75,103.1,111.35,107.5,108.1,111.93,344.9093,259.935,617.123,463.9378,106.15,250.0,-2.2749,5.8863,5.3405,1.6933,7.8947,13.3461,12.4773,6.9597,1.5152,60.9309
2022-05-13,1.75,103.1,111.35,107.5,108.1,111.93,344.9093,259.935,617.123,463.9378,110.52,250.0,-2.2749,5.8863,5.3405,1.6933,7.8947,13.3461,12.4773,6.9597,1.5152,73.1746
2022-05-14,1.75,103.1,111.35,107.5,108.1,111.93,344.9093,259.935,617.123,463.9378,110.52,250.0,-2.2749,5.8863,5.3405,1.6933,7.8947,13.3461,12.4773,6.9597,1.5152,69.1978
2022-05-15,1.75,103.1,111.35,107.5,108.1,111.93,344.9093,259.935,617.123,463.9378,110.52,250.0,-2.2749,5.8863,5.3405,1.6933,7.8947,13.3461,12.4773,6.9597,1.5152,69.1978
2022-05-16,1.75,103.1,111.35,107.5,108.1,111.93,344.9093,259.935,617.123,463.9378,114.07,250.0,-2.2749,5.8863,5.3405,1.6933,7.8947,13.3461,12.4773,6.9597,1.5152,74.6326
2022-05-17,1.75,103.1,111.35,107.5,108.1,111.93,344.9093,259.935,617.123,463.9378,112.31,250.0,-2.2749,5.8863,5.3405,1.6933,7.8947,13.3461,12.4773,6.9597,1.5152,69.5501
2022-05-18,1.75,103.1,111.35,107.5,108.1,111.93,344.9093,259.935,617.123,463.9378,109.67,250.0,-2.2749,5.8863,5.3405,1.6933,7.8947,13.3461,12.4773,6.9597,1.5152,67.4607
2022-05-19,1.75,103.1,111.35,107.5,108.1,111.93,344.9093,259.935,617.123,463.9378,112.21,250.0,-2.2749,5.8863,5.3405,1.6933,7.8947,13.3461,12.4773,6.9597,1.5152,77.323
2022-05-20,1.75,103.1,111.35,107.5,108.1,111.93,344.9093,259.935,617.123,463.9378,112.63,250.0,-2.2749,5.8863,5.3405,1.6933,7.8947,13.3461,12.4773,6.9597,1.5152,81.8079
2022-05-21,1.75,103.1,111.35,107.5,108.1,111.93,344.9093,259.935,617.123,463.9378,112.63,250.0,-2.2749,5.8863,5.3405,1.6933,7.8947,13.3461,12.4773,6.9597,1.5152,77.0634
2022-05-22,1.75,103.1,111.35,107.5,108.1,111.93,344.9093,259.935,617.123,463.9378,112.63,250.0,-2.2749,5.8863,5.3405,1.6933,7.8947,13.3461,12.4773,6.9597,1.5152,77.0634
2022-05-23,1.75,103.1,111.35,107.5,108.1,111.93,344.9093,259.935,617.123,463.9378,110.32,250.0,-2.2749,5.8863,5.3405,1.6933,7.8947,13.3461,12.4773,6.9597,1.5152,73.4319
2022-05-24,1.75,103.1,111.35,107.5,108.1,111.93,344.9093,259.935,617.123,463.9378,112.55,250.0,-2.2749,5.8863,5.3405,1.6933,7.8947,13.3461,12.4773,6.9597,1.5152,70.1951
2022-05-25,1.75,103.1,111.35,107.5,108.1,111.93,344.9093,259.935,617.123,463.9378,112.88,250.0,-2.2749,5.8863,5.3405,1.6933,7.8947,13.3461,12.4773,6.9597,1.5152,70.3335
2022-05-26,1.75,103.1,111.35,107.5,108.1,111.93,344.9093,259.935,617.123,463.9378,116.19,250.0,-2.2749,5.8863,5.3405,1.6933,7.8947,13.3461,12.4773,6.9597,1.5152,74.9586
2022-05-27,1.75,103.1,111.35,107.5,108.1,111.93,344.9093,259.935,617.123,463.9378,114.96,250.0,-2.2749,5.8863,5.3405,1.6933,7.8947,13.3461,12.4773,6.9597,1.5152,71.9157
2022-05-28,1.75,103.1,111.35,107.5,108.1,111.93,344.9093,259.935,617.123,463.9378,114.96,250.0,-2.2749,5.8863,5.3405,1.6933,7.8947,13.3461,12.4773,6.9597,1.5152,73.3675
2022-05-29,1.75,103.1,111.35,107.5,108.1,111.93,344.9093,259.935,617.123,463.9378,114.96,250.0,-2.2749,5.8863,5.3405,1.6933,7.8947,13.3461,12.4773,6.9597,1.5152,73.3675
2022-05-30,1.75,103.1,111.35,107.5,108.1,111.93,344.9093,259.935,617.123,463.9378,114.96,250.0,-2.2749,5.8863,5.3405,1.6933,7.8947,13.3461,12.4773,6.9597,1.5152,73.3675
2022-05-31,1.75,103.1,111.35,107.5,108.1,111.93,344.9093,259.935,617.123,463.9378,114.38,250.0,-2.2749,5.8863,5.3405,1.6933,7.8947,13.3461,12.4773,6.9597,1.5152,72.4928
2022-06-01,1.75,96.6,111.32,108.21,103.8,113.05,335.7171,261.688,621.1982,472.7713,115.26,250.0,-12.8945,6.4652,6.0363,-6.0633,8.8484,14.7658,11.073,15.6028,14.6767,70.0
2022-06-02,1.75,96.6,111.32,108.21,103.8,113.05,335.7171,261.688,621.1982,472.7713,116.88,250.0,-12.8945,6.4652,6.0363,-6.0633,8.8484,14.7658,11.073,15.6028,14.6767,69.9084
2022-06-03,1.75,96.6,111.32,108.21,103.8,113.05,335.7171,261.688,621.1982,472.7713,118.97,250.0,-12.8945,6.4652,6.0363,-6.0633,8.8484,14.7658,11.073,15.6028,14.6767,72.8964
2022-06-04,1.75,96.6,111.32,108.21,103.8,113.05,335.7171,261.688,621.1982,472.7713,118.97,250.0,-12.8945,6.4652,6.0363,-6.0633,8.8484,14.7658,11.073,15.6028,14.6767,71.0076
2022-06-05,1.75,96.6,111.32,108.21,103.8,113.05,335.7171,261.688,621.1982,472.7713,118.97,250.0,-12.8945,6.4652,6.0363,-6.0633,8.8484,14.7658,11.073,15.6028,14.6767,71.0076
2022-06-06,1.75,96.6,111.32,108.21,103.8,113.05,335.7171,261.688,621.1982,472.7713,118.41,250.0,-12.8945,6.4652,6.0363,-6.0633,8.8484,14.7658,11.073,15.6028,14.6767,70.2027
2022-06-07,1.75,96.6,111.32,108.21,103.8,113.05,335.7171,261.688,621.1982,472.7713,119.55,250.0,-12.8945,6.4652,6.0363,-6.0633,8.8484,14.7658,11.073,15.6028,14.6767,72.7352
2022-06-08,1.75,96.6,111.32,108.21,103.8,113.05,335.7171,261.688,621.1982,472.7713,121.94,250.0,-12.8945,6.4652,6.0363,-6.0633,8.8484,14.7658,11.073,15.6028,14.6767,73.9267
2022-06-09,1.75,96.6,111.32,108.21,103.8,113.05,335.7171,261.688,621.1982,472.7713,121.52,250.0,-12.8945,6.4652,6.0363,-6.0633,8.8484,14.7658,11.073,15.6028,14.6767,73.8484
2022-06-10,1.75,96.6,111.32,108.21,103.8,113.05,335.7171,261.688,621.1982,472.7713,120.73,250.0,-12.8945,6.4652,6.0363,-6.0633,8.8484,14.7658,11.073,15.6028,14.6767,71.6378
2022-06-11,1.75,96.6,111.32,108.21,103.8,113.05,335.7171,261.688,621.1982,472.7713,120.73,250.0,-12.8945,6.4652,6.0363,-6.0633,8.8484,14.7658,11.073,15.6028,14.6767,70.0423
2022-06-12,1.75,96.6,111.32,108.21,103.8,113.05,335.7171,261.688,621.1982,472.7713,120.73,250.0,-12.8945,6.4652,6.0363,-6.0633,8.8484,14.7658,11.073,15.6028,14.6767,70.0423
2022-06-13,1.75,96.6,111.32,108.21,103.8,113.05,335.7171,261.688,621.1982,472.7713,120.92,250.0,-12.8945,6.4652,6.0363,-6.0633,8.8484,14.7658,11.073,15.6028,14.6767,70.3099
2022-06-14,1.75,96.6,111.32,108.21,103.8,113.05,335.7171,261.688,621.1982,472.7713,118.92,250.0,-12.8945,6.4652,6.0363,-6.0633,8.8484,14.7658,11.073,15.6028,14.6767,67.6346
2022-06-15,1.75,96.6,111.32,108.21,103.8,113.05,335.7171,261.688,621.1982,472.7713,115.32,250.0,-12.8945,6.4652,6.0363,-6.0633,8.8484,14.7658,11.073,15.6028,14.6767,60.0333
2022-06-16,1.75,96.6,111.32,108.21,103.8,113.05,335.7171,261.688,621.1982,472.7713,117.56,250.0,-12.8945,6.4652,6.0363,-6.0633,8.8484,14.7658,11.073,15.6028,14.6767,63.2098
2022-06-17,1.75,96.6,111.32,108.21,103.8,113.05,335.7171,261.688,621.1982,472.7713,109.56,250.0,-12.8945,6.4652,6.0363,-6.0633,8.8484,14.7658,11.073,15.6028,14.6767,54.1796
2022-06-18,1.75,96.6,111.32,108.21,103.8,113.05,335.7171,261.688,621.1982,472.7713,109.56,250.0,-12.8945,6.4652,6.0363,-6.0633,8.8484,14.7658,11.073,15.6028,14.6767,52.9313
2022-06-19,1.75,96.6,111.32,108.21,103.8,113.05,335.7171,261.688,621.1982,472.7713,109.56,250.0,-12.8945,6.4652,6.0363,-6.0633,8.8484,14.7658,11.073,15.6028,14.6767,52.9313
2022-06-20,1.75,96.6,111.32,108.21,103.8,113.05,335.7171,261.688,621.1982,472.7713,109.56,250.0,-12.8945,6.4652,6.0363,-6.0633,8.8484,14.7658,11.073,15.6028,14.6767,52.9313
2022-06-21,1.75,96.6,111.32,108.21,103.8,113.05,335.7171,261.688,621.1982,472.7713,110.49,250.0,-12.8945,6.4652,6.0363,-6.0633,8.8484,14.7658,11.073,15.6028,14.6767,50.0407
2022-06-22,1.75,96.6,111.32,108.21,103.8,113.05,335.7171,261.688,621.1982,472.7713,106.22,250.0,-12.8945,6.4652,6.0363,-6.0633,8.8484,14.7658,11.073,15.6028,14.6767,45.2085
2022-06-23,1.75,96.6,111.32,108.21,103.8,113.05,335.7171,261.688,621.1982,472.7713,105.75,250.0,-12.8945,6.4652,6.0363,-6.0633,8.8484,14.7658,11.073,15.6028,14.6767,44.6451
2022-06-24,1.75,96.6,111.32,108.21,103.8,113.05,335.7171,261.688,621.1982,472.7713,109.07,250.0,-12.8945,6.4652,6.0363,-6.0633,8.8484,14.7658,11.073,15.6028,14.6767,48.7792
2022-06-25,1.75,96.6,111.32,108.21,103.8,113.05,335.7171,261.688,621.1982,472.7713,109.07,250.0,-12.8945,6.4652,6.0363,-6.0633,8.8484,14.7658,11.073,15.6028,14.6767,46.9748
2022-06-26,1.75,96.6,111.32,108.21,103.8,113.05,335.7171,261.688,621.1982,472.7713,109.07,250.0,-12.8945,6.4652,6.0363,-6.0633,8.8484,14.7658,11.073,15.6028,14.6767,46.9748
2022-06-27,1.75,96.6,111.32,108.21,103.8,113.05,335.7171,261.688,621.1982,472.7713,111.44,250.0,-12.8945,6.4652,6.0363,-6.0633,8.8484,14.7658,11.073,15.6028,14.6767,50.1684
2022-06-28,1.75,96.6,111.32,108.21,103.8,113.05,335.7171,261.688,621.1982,472.7713,113.66,250.0,-12.8945,6.4652,6.0363,-6.0633,8.8484,14.7658,11.073,15.6028,14.6767,55.7413
2022-06-29,1.75,96.6,111.32,108.21,103.8,113.05,335.7171,261.688,621.1982,472.7713,111.65,250.0,-12.8945,6.4652,6.0363,-6.0633,8.8484,14.7658,11.073,15.6028,14.6767,52.6524
2022-06-30,1.75,96.6,111.32,108.21,103.8,113.05,335.7171,261.688,621.1982,472.7713,107.76,250.0,-12.8945,6.4652,6.0363,-6.0633,8.8484,14.7658,11.073,15.6028,14.6767,46.5724
2022-07-01,2.25,85.7,112.99,108.73,98.9,115.34,312.682,261.656,571.0015,510.7533,110.3,350.0,-17.118,7.8663,6.327,-5.8095,9.9523,12.2955,12.6032,9.0589,28.4749,46.4224
2022-07-02,2.25,85.7,112.99,108.73,98.9,115.34,312.682,261.656,571.0015,510.7533,110.3,350.0,-17.118,7.8663,6.327,-5.8095,9.9523,12.2955,12.6032,9.0589,28.4749,46.3447
2022-07-03,2.25,85.7,112.99,108.73,98.9,115.34,312.682,261.656,571.0015,510.7533,110.3,350.0,-17.118,7.8663,6.327,-5.8095,9.9523,12.2955,12.6032,9.0589,28.4749,46.3447
2022-07-04,2.25,85.7,112.99,108.73,98.9,115.34,312.682,261.656,571.0015,510.7533,110.3,350.0,-17.118,7.8663,6.327,-5.8095,9.9523,12.2955,12.6032,9.0589,28.4749,46.3447
2022-07-05,2.25,85.7,112.99,108.73,98.9,115.34,312.682,261.656,571.0015,510.7533,101.55,350.0,-17.118,7.8663,6.327,-5.8095,9.9523,12.2955,12.6032,9.0589,28.4749,34.7353
2022-07-06,2.25,85.7,112.99,108.73,98.9,115.34,312.682,261.656,571.0015,510.7533,100.31,350.0,-17.118,7.8663,6.327,-5.8095,9.9523,12.2955,12.6032,9.0589,28.4749,36.2537
2022-07-07,2.25,85.7,112.99,108.73,98.9,115.34,312.682,261.656,571.0015,510.7533,104.62,350.0,-17.118,7.8663,6.327,-5.8095,9.9523,12.2955,12.6032,9.0589,28.4749,44.8629
2022-07-08,2.25,85.7,112.99,108.73,98.9,115.34,312.682,261.656,571.0015,510.7533,106.78,350.0,-17.118,7.8663,6.327,-5.8095,9.9523,12.2955,12.6032,9.0589,28.4749,46.3141
2022-07-09,2.25,85.7,112.99,108.73,98.9,115.34,312.682,261.656,571.0015,510.7533,106.78,350.0,-17.118,7.8663,6.327,-5.8095,9.9523,12.2955,12.6032,9.0589,28.4749,43.2135
2022-07-10,2.25,85.7,112.99,108.73,98.9,115.34,312.682,261.656,571.0015,510.7533,106.78,350.0,-17.118,7.8663,6.327,-5.8095,9.9523,12.2955,12.6032,9.0589,28.4749,43.2135
2022-07-11,2.25,85.7,112.99,108.73,98.9,115.34,312.682,261.656,571.0015,510.7533,106.09,350.0,-17.118,7.8663,6.327,-5.8095,9.9523,12.2955,12.6032,9.0589,28.4749,42.2881
2022-07-12,2.25,85.7,112.99,108.73,98.9,115.34,312.682,261.656,571.0015,510.7533,97.69,350.0,-17.118,7.8663,6.327,-5.8095,9.9523,12.2955,12.6032,9.0589,28.4749,31.6399
2022-07-13,2.25,85.7,112.99,108.73,98.9,115.34,312.682,261.656,571.0015,510.7533,98.44,350.0,-17.118,7.8663,6.327,-5.8095,9.9523,12.2955,12.6032,9.0589,28.4749,30.8347
2022-07-14,2.25,85.7,112.99,108.73,98.9,115.34,312.682,261.656,571.0015,510.7533,97.79,350.0,-17.118,7.8663,6.327,-5.8095,9.9523,12.2955,12.6032,9.0589,28.4749,33.8489
2022-07-15,2.25,85.7,112.99,108.73,98.9,115.34,312.682,261.656,571.0015,510.7533,99.59,350.0,-17.118,7.8663,6.327,-5.8095,9.9523,12.2955,12.6032,9.0589,28.4749,38.9563
2022-07-16,2.25,85.7,112.99,108.73,98.9,115.34,312.682,261.656,571.0015,510.7533,99.59,350.0,-17.118,7.8663,6.327,-5.8095,9.9523,12.2955,12.6032,9.0589,28.4749,38.7821
2022-07-17,2.25,85.7,112.99,108.73,98.9,115.34,312.682,261.656,571.0015,510.7533,99.59,350.0,-17.118,7.8663,6.327,-5.8095,9.9523,12.2955,12.6032,9.0589,28.4749,38.7821
2022-07-18,2.25,85.7,112.99,108.73,98.9,115.34,312.682,261.656,571.0015,510.7533,104.48,350.0,-17.118,7.8663,6.327,-5.8095,9.9523,12.2955,12.6032,9.0589,28.4749,45.5964
2022-07-19,2.25,85.7,112.99,108.73,98.9,115.34,312.682,261.656,571.0015,510.7533,106.12,350.0,-17.118,7.8663,6.327,-5.8095,9.9523,12.2955,12.6032,9.0589,28.4749,59.699
2022-07-20,2.25,85.7,112.99,108.73,98.9,115.34,312.682,261.656,571.0015,510.7533,104.45,350.0,-17.118,7.8663,6.327,-5.8095,9.9523,12.2955,12.6032,9.0589,28.4749,55.1545
2022-07-21,2.25,85.7,112.99,108.73,98.9,115.34,312.682,261.656,571.0015,510.7533,98.44,350.0,-17.118,7.8663,6.327,-5.8095,9.9523,12.2955,12.6032,9.0589,28.4749,40.1082
2022-07-22,2.25,85.7,112.99,108.73,98.9,115.34,312.682,261.656,571.0015,510.7533,97.71,350.0,-17.118,7.8663,6.327,-5.8095,9.9523,12.2955,12.6032,9.0589,28.4749,35.4262
2022-07-23,2.25,85.7,112.99,108.73,98.9,115.34,312.682,261.656,571.0015,510.7533,97.71,350.0,-17.118,7.8663,6.327,-5.8095,9.9523,12.2955,12.6032,9.0589,28.4749,35.2575
2022-07-24,2.25,85.7,112.99,108.73,98.9,115.34,312.682,261.656,571.0015,510.7533,97.71,350.0,-17.118,7.8663,6.327,-5.8095,9.9523,12.2955,12.6032,9.0589,28.4749,35.2575
2022-07-25,2.25,85.7,112.99,108.73,98.9,115.34,312.682,261.656,571.0015,510.7533,99.83,350.0,-17.118,7.8663,6.327,-5.8095,9.9523,12.2955,12.6032,9.0589,28.4749,38.1921
2022-07-26,2.25,85.7,112.99,108.73,98.9,115.34,312.682,261.656,571.0015,510.7533,97.74,350.0,-17.118,7.8663,6.327,-5.8095,9.9523,12.2955,12.6032,9.0589,28.4749,35.4678
2022-07-27,2.25,85.7,112.99,108.73,98.9,115.34,312.682,261.656,571.0015,510.7533,100.03,350.0,-17.118,7.8663,6.327,-5.8095,9.9523,12.2955,12.6032,9.0589,28.4749,39.5508
2022-07-28,2.25,85.7,112.99,108.73,98.9,115.34,312.682,261.656,571.0015,510.7533,99.11,350.0,-17.118,7.8663,6.327,-5.8095,9.9523,12.2955,12.6032,9.0589,28.4749,36.949
2022-07-29,2.25,85.7,112.99,108.73,98.9,115.34,312.682,261.656,571.0015,510.7533,101.31,350.0,-17.118,7.8663,6.327,-5.8095,9.9523,12.2955,12.6032,9.0589,28.4749,37.6121
2022-07-30,2.25,85.7,112.99,108.73,98.9,115.34,312.682,261.656,571.0015,510.7533,101.31,350.0,-17.118,7.8663,6.327,-5.8095,9.9523,12.2955,12.6032,9.0589,28.4749,37.035
2022-07-31,2.25,85.7,112.99,108.73,98.9,115.34,312.682,261.656,571.0015,510.7533,101.31,350.0,-17.118,7.8663,6.327,-5.8095,9.9523,12.2955,12.6032,9.0589,28.4749,37.035
2022-08-01,2.5,88.5,114.56,108.63,100.2,115.8,293.9308,262.307,576.8242,527.1109,96.59,233.3333,-13.8267,7.8719,5.7226,-5.6497,9.7838,14.3607,10.9538,14.4401,34.8214,30.6506
2022-08-02,2.5,88.5,114.56,108.63,100.2,115.8,293.9308,262.307,576.8242,527.1109,97.14,233.3333,-13.8267,7.8719,5.7226,-5.6497,9.7838,14.3607,10.9538,14.4401,34.8214,36.2221
2022-08-03,2.5,88.5,114.56,108.63,100.2,115.8,293.9308,262.307,576.8242,527.1109,93.25,233.3333,-13.8267,7.8719,5.7226,-5.6497,9.7838,14.3607,10.9538,14.4401,34.8214,32.0074
2022-08-04,2.5,88.5,114.56,108.63,100.2,115.8,293.9308,262.307,576.8242,527.1109,91.29,233.3333,-13.8267,7.8719,5.7226,-5.6497,9.7838,14.3607,10.9538,14.4401,34.8214,33.8759
2022-08-05,2.5,88.5,114.56,108.63,100.2,115.8,293.9308,262.307,576.8242,527.1109,91.77,233.3333,-13.8267,7.8719,5.7226,-5.6497,9.7838,14.3607,10.9538,14.4401,34.8214,32.8075
2022-08-06,2.5,88.5,114.56,108.63,100.2,115.8,293.9308,262.307,576.8242,527.1109,91.77,233.3333,-13.8267,7.8719,5.7226,-5.6497,9.7838,14.3607,10.9538,14.4401,34.8214,34.4418
2022-08-07,2.5,88.5,114.56,108.63,100.2,115.8,293.9308,262.307,576.8242,527.1109,91.77,233.3333,-13.8267,7.8719,5.7226,-5.6497,9.7838,14.3607,10.9538,14.4401,34.8214,34.4418
2022-08-08,2.5,88.5,114.56,108.63,100.2,115.8,293.9308,262.307,576.8242,527.1109,93.52,233.3333,-13.8267,7.8719,5.7226,-5.6497,9.7838,14.3607,10.9538,14.4401,34.8214,37.0056
2022-08-09,2.5,88.5,114.56,108.63,100.2,115.8,293.9308,262.307,576.8242,527.1109,93.18,233.3333,-13.8267,7.8719,5.7226,-5.6497,9.7838,14.3607,10.9538,14.4401,34.8214,39.994
2022-08-10,2.5,88.5,114.56,108.63,100.2,115.8,293.9308,262.307,576.8242,527.1109,94.68,233.3333,-13.8267,7.8719,5.7226,-5.6497,9.7838,14.3607,10.9538,14.4401,34.8214,38.5629
2022-08-11,2.5,88.5,114.56,108.63,100.2,115.8,293.9308,262.307,576.8242,527.1109,97.02,233.3333,-13.8267,7.8719,5.7226,-5.6497,9.7838,14.3607,10.9538,14.4401,34.8214,40.0
2022-08-12,2.5,88.5,114.56,108.63,100.2,115.8,293.9308,262.307,576.8242,527.1109,94.86,233.3333,-13.8267,7.8719,5.7226,-5.6497,9.7838,14.3607,10.9538,14.4401,34.8214,37.2396
2022-08-13,2.5,88.5,114.56,108.63,100.2,115.8,293.9308,262.307,576.8242,527.1109,94.86,233.3333,-13.8267,7.8719,5.7226,-5.6497,9.7838,14.3607,10.9538,14.4401,34.8214,38.7654
2022-08-14,2.5,88.5,114.56,108.63,100.2,115.8,293.9308,262.307,576.8242,527.1109,94.86,233.3333,-13.8267,7.8719,5.7226,-5.6497,9.7838,14.3607,10.9538,14.4401,34.8214,38.7654
2022-08-15,2.5,88.5,114.56,108.63,100.2,115.8,293.9308,262.307,576.8242,527.1109,92.24,233.3333,-13.8267,7.8719,5.7226,-5.6497,9.7838,14.3607,10.9538,14.4401,34.8214,34.9327
2022-08-16,2.5,88.5,114.56,108.63,100.2,115.8,293.9308,262.307,576.8242,527.1109,89.23,233.3333,-13.8267,7.8719,5.7226,-5.6497,9.7838,14.3607,10.9538,14.4401,34.8214,32.3102
2022-08-17,2.5,88.5,114.56,108.63,100.2,115.8,293.9308,262.307,576.8242,527.1109,90.85,233.3333,-13.8267,7.8719,5.7226,-5.6497,9.7838,14.3607,10.9538,14.4401,34.8214,36.6165
2022-08-18,2.5,88.5,114.56,108.63,100.2,115.8,293.9308,262.307,576.8242,527.1109,93.2,233.3333,-13.8267,7.8719,5.7226,-5.6497,9.7838,14.3607,10.9538,14.4401,34.8214,42.5949
2022-08-19,2.5,88.5,114.56,108.63,100.2,115.8,293.9308,262.307,576.8242,527.1109,93.55,233.3333,-13.8267,7.8719,5.7226,-5.6497,9.7838,14.3607,10.9538,14.4401,34.8214,46.8833
2022-08-20,2.5,88.5,114.56,108.63,100.2,115.8,293.9308,262.307,576.8242,527.1109,93.55,233.3333,-13.8267,7.8719,5.7226,-5.6497,9.7838,14.3607,10.9538,14.4401,34.8214,50.2811
2022-08-21,2.5,88.5,114.56,108.63,100.2,115.8,293.9308,262.307,576.8242,527.1109,93.55,233.3333,-13.8267,7.8719,5.7226,-5.6497,9.7838,14.3607,10.9538,14.4401,34.8214,50.2811
2022-08-22,2.5,88.5,114.56,108.63,100.2,115.8,293.9308,262.307,576.8242,527.1109,93.42,233.3333,-13.8267,7.8719,5.7226,-5.6497,9.7838,14.3607,10.9538,14.4401,34.8214,50.0723
2022-08-23,2.5,88.5,114.56,108.63,100.2,115.8,293.9308,262.307,576.8242,527.1109,96.46,233.3333,-13.8267,7.8719,5.7226,-5.6497,9.7838,14.3607,10.9538,14.4401,34.8214,46.9307
2022-08-24,2.5,88.5,114.56,108.63,100.2,115.8,293.9308,262.307,576.8242,527.1109,95.52,233.3333,-13.8267,7.8719,5.7226,-5.6497,9.7838,14.3607,10.9538,14.4401,34.8214,41.5111
2022-08-25,2.5,88.5,114.56,108.63,100.2,115.8,293.9308,262.307,576.8242,527.1109,93.33,233.3333,-13.8267,7.8719,5.7226,-5.6497,9.7838,14.3607,10.9538,14.4401,34.8214,36.1687
2022-08-26,2.5,88.5,114.56,108.63,100.2,115.8,293.9308,262.307,576.8242,527.1109,93.63,233.3333,-13.8267,7.8719,5.7226,-5.6497,9.7838,14.3607,10.9538,14.4401,34.8214,38.8757
2022-08-27,2.5,88.5,114.56,108.63,100.2,115.8,293.9308,262.307,576.8242,527.1109,93.63,233.3333,-13.8267,7.8719,5.7226,-5.6497,9.7838,14.3607,10.9538,14.4401,34.8214,36.011
2022-08-28,2.5,88.5,114.56,108.63,100.2,115.8,293.9308,262.307,576.8242,527.1109,93.63,233.3333,-13.8267,7.8719,5.7226,-5.6497,9.7838,14.3607,10.9538,14.4401,34.8214,36.011
2022-08-29,2.5,88.5,114.56,108.63,100.2,115.8,293.9308,262.307,576.8242,527.1109,97.4,233.3333,-13.8267,7.8719,5.7226,-5.6497,9.7838,14.3607,10.9538,14.4401,34.8214,41.4875
2022-08-30,2.5,88.5,114.56,108.63,100.2,115.8,293.9308,262.307,576.8242,527.1109,92.08,233.3333,-13.8267,7.8719,5.7226,-5.6497,9.7838,14.3607,10.9538,14.4401,34.8214,32.9099
2022-08-31,2.5,88.5,114.56,108.63,100.2,115.8,293.9308,262.307,576.8242,527.1109,90.09,233.3333,-13.8267,7.8719,5.7226,-5.6497,9.7838,14.3607,10.9538,14.4401,34.8214,31.6528
2022-09-01,2.5,91.3,116.06,108.82,99.0,116.7,312.5461,262.053,537.552,484.075,87.09,233.3333,-12.2959,7.5925,5.4764,-6.3387,10.6371,32.5384,9.4885,14.5092,29.8972,26.8979
2022-09-02,2.5,91.3,116.06,108.82,99.0,116.7,312.5461,262.053,537.552,484.075,87.29,233.3333,-12.2959,7.5925,5.4764,-6.3387,10.6371,32.5384,9.4885,14.5092,29.8972,24.5754
2022-09-03,2.5,91.3,116.06,108.82,99.0,116.7,312.5461,262.053,537.552,484.075,87.29,233.3333,-12.2959,7.5925,5.4764,-6.3387,10.6371,32.5384,9.4885,14.5092,29.8972,25.8869
2022-09-04,2.5,91.3,116.06,108.82,99.0,116.7,312.5461,262.053,537.552,484.075,87.29,233.3333,-12.2959,7.5925,5.4764,-6.3387,10.6371,32.5384,9.4885,14.5092,29.8972,25.8869
2022-09-05,2.5,91.3,116.06,108.82,99.0,116.7,312.5461,262.053,537.552,484.075,87.29,233.3333,-12.2959,7.5925,5.4764,-6.3387,10.6371,32.5384,9.4885,14.5092,29.8972,25.8869
2022-09-06,2.5,91.3,116.06,108.82,99.0,116.7,312.5461,262.053,537.552,484.075,87.35,233.3333,-12.2959,7.5925,5.4764,-6.3387,10.6371,32.5384,9.4885,14.5092,29.8972,25.9735
2022-09-07,2.5,91.3,116.06,108.82,99.0,116.7,312.5461,262.053,537.552,484.075,82.5,233.3333,-12.2959,7.5925,5.4764,-6.3387,10.6371,32.5384,9.4885,14.5092,29.8972,20.4555
2022-09-08,2.5,91.3,116.06,108.82,99.0,116.7,312.5461,262.053,537.552,484.075,84.04,233.3333,-12.2959,7.5925,5.4764,-6.3387,10.6371,32.5384,9.4885,14.5092,29.8972,21.1649
2022-09-09,2.5,91.3,116.06,108.82,99.0,116.7,312.5461,262.053,537.552,484.075,87.27,233.3333,-12.2959,7.5925,5.4764,-6.3387,10.6371,32.5384,9.4885,14.5092,29.8972,27.8494
2022-09-10,2.5,91.3,116.06,108.82,99.0,116.7,312.5461,262.053,537.552,484.075,87.27,233.3333,-12.2959,7.5925,5.4764,-6.3387,10.6371,32.5384,9.4885,14.5092,29.8972,24.9928
2022-09-11,2.5,91.3,116.06,108.82,99.0,116.7,312.5461,262.053,537.552,484.075,87.27,233.3333,-12.2959,7.5925,5.4764,-6.3387,10.6371,32.5384,9.4885,14.5092,29.8972,24.9928
2022-09-12,2.5,91.3,116.06,108.82,99.0,116.7,312.5461,262.053,537.552,484.075,88.18,233.3333,-12.2959,7.5925,5.4764,-6.3387,10.6371,32.5384,9.4885,14.5092,29.8972,26.2962
2022-09-13,2.5,91.3,116.06,108.82,99.0,116.7,312.5461,262.053,537.552,484.075,87.84,233.3333,-12.2959,7.5925,5.4764,-6.3387,10.6371,32.5384,9.4885,14.5092,29.8972,24.5251
2022-09-14,2.5,91.3,116.06,108.82,99.0,116.7,312.5461,262.053,537.552,484.075,88.88,233.3333,-12.2959,7.5925,5.4764,-6.3387,10.6371,32.5384,9.4885,14.5092,29.8972,26.0173
2022-09-15,2.5,91.3,116.06,108.82,99.0,116.7,312.5461,262.053,537.552,484.075,85.72,233.3333,-12.2959,7.5925,5.4764,-6.3387,10.6371,32.5384,9.4885,14.5092,29.8972,18.0879
2022-09-16,2.5,91.3,116.06,108.82,99.0,116.7,312.5461,262.053,537.552,484.075,85.57,233.3333,-12.2959,7.5925,5.4764,-6.3387,10.6371,32.5384,9.4885,14.5092,29.8972,17.7191
2022-09-17,2.5,91.3,116.06,108.82,99.0,116.7,312.5461,262.053,537.552,484.075,85.57,233.3333,-12.2959,7.5925,5.4764,-6.3387,10.6371,32.5384,9.4885,14.5092,29.8972,18.6988
2022-09-18,2.5,91.3,116.06,108.82,99.0,116.7,312.5461,262.053,537.552,484.075,85.57,233.3333,-12.2959,7.5925,5.4764,-6.3387,10.6371,32.5384,9.4885,14.5092,29.8972,18.6988
2022-09-19,2.5,91.3,116.06,108.82,99.0,116.7,312.5461,262.053,537.552,484.075,86.15,233.3333,-12.2959,7.5925,5.4764,-6.3387,10.6371,32.5384,9.4885,14.5092,29.8972,19.5034
2022-09-20,2.5,91.3,116.06,108.82,99.0,116.7,312.5461,262.053,537.552,484.075,84.69,233.3333,-12.2959,7.5925,5.4764,-6.3387,10.6371,32.5384,9.4885,14.5092,29.8972,20.2812
2022-09-21,2.5,91.3,116.06,108.82,99.0,116.7,312.5461,262.053,537.552,484.075,83.38,233.3333,-12.2959,7.5925,5.4764,-6.3387,10.6371,32.5384,9.4885,14.5092,29.8972,18.2527
2022-09-22,2.5,91.3,116.06,108.82,99.0,116.7,312.5461,262.053,537.552,484.075,84.02,233.3333,-12.2959,7.5925,5.4764,-6.3387,10.6371,32.5384,9.4885,14.5092,29.8972,16.0978
2022-09-23,2.5,91.3,116.06,108.82,99.0,116.7,312.5461,262.053,537.552,484.075,79.07,233.3333,-12.2959,7.5925,5.4764,-6.3387,10.6371,32.5384,9.4885,14.5092,29.8972,7.6808
2022-09-24,2.5,91.3,116.06,108.82,99.0,116.7,312.5461,262.053,537.552,484.075,79.07,233.3333,-12.2959,7.5925,5.4764,-6.3387,10.6371,32.5384,9.4885,14.5092,29.8972,6.5921
2022-09-25,2.5,91.3,116.06,108.82,99.0,116.7,312.5461,262.053,537.552,484.075,79.07,233.3333,-12.2959,7.5925,5.4764,-6.3387,10.6371,32.5384,9.4885,14.5092,29.8972,6.5921
2022-09-26,2.5,91.3,116.06,108.82,99.0,116.7,312.5461,262.053,537.552,484.075,77.17,233.3333,-12.2959,7.5925,5.4764,-6.3387,10.6371,32.5384,9.4885,14.5092,29.8972,4.0307
2022-09-27,2.5,91.3,116.06,108.82,99.0,116.7,312.5461,262.053,537.552,484.075,78.91,233.3333,-12.2959,7.5925,5.4764,-6.3387,10.6371,32.5384,9.4885,14.5092,29.8972,4.4612
2022-09-28,2.5,91.3,116.06,108.82,99.0,116.7,312.5461,262.053,537.552,484.075,82.61,233.3333,-12.2959,7.5925,5.4764,-6.3387,10.6371,32.5384,9.4885,14.5092,29.8972,9.5042
2022-09-29,2.5,91.3,116.06,108.82,99.0,116.7,312.5461,262.053,537.552,484.075,81.78,233.3333,-12.2959,7.5925,5.4764,-6.3387,10.6371,32.5384,9.4885,14.5092,29.8972,8.9528
2022-09-30,2.5,91.3,116.06,108.82,99.0,116.7,312.5461,262.053,537.552,484.075,79.91,233.3333,-12.2959,7.5925,5.4764,-6.3387,10.6371,32.5384,9.4885,14.5092,29.8972,6.235
2022-10-01,3.0,88.6,114.72,109.16,96.1,117.95,343.5533,260.317,507.5442,453.5696,79.91,300.0,-17.4278,7.4963,5.6217,-10.1869,11.5788,43.3847,9.5555,12.2831,27.6314,5.1309
2022-10-02,3.0,88.6,114.72,109.16,96.1,117.95,343.5533,260.317,507.5442,453.5696,79.91,300.0,-17.4278,7.4963,5.6217,-10.1869,11.5788,43.3847,9.5555,12.2831,27.6314,5.1309
2022-10-03,3.0,88.6,114.72,109.16,96.1,117.95,343.5533,260.317,507.5442,453.5696,84.05,300.0,-17.4278,7.4963,5.6217,-10.1869,11.5788,43.3847,9.5555,12.2831,27.6314,10.5776
2022-10-04,3.0,88.6,114.72,109.16,96.1,117.95,343.5533,260.317,507.5442,453.5696,86.87,300.0,-17.4278,7.4963,5.6217,-10.1869,11.5788,43.3847,9.5555,12.2831,27.6314,11.8306
2022-10-05,3.0,88.6,114.72,109.16,96.1,117.95,343.5533,260.317,507.5442,453.5696,88.22,300.0,-17.4278,7.4963,5.6217,-10.1869,11.5788,43.3847,9.5555,12.2831,27.6314,11.4311
2022-10-06,3.0,88.6,114.72,109.16,96.1,117.95,343.5533,260.317,507.5442,453.5696,88.9,300.0,-17.4278,7.4963,5.6217,-10.1869,11.5788,43.3847,9.5555,12.2831,27.6314,14.4733
2022-10-07,3.0,88.6,114.72,109.16,96.1,117.95,343.5533,260.317,507.5442,453.5696,93.07,300.0,-17.4278,7.4963,5.6217,-10.1869,11.5788,43.3847,9.5555,12.2831,27.6314,18.621
2022-10-08,3.0,88.6,114.72,109.16,96.1,117.95,343.5533,260.317,507.5442,453.5696,93.07,300.0,-17.4278,7.4963,5.6217,-10.1869,11.5788,43.3847,9.5555,12.2831,27.6314,16.9956
2022-10-09,3.0,88.6,114.72,109.16,96.1,117.95,343.5533,260.317,507.5442,453.5696,93.07,300.0,-17.4278,7.4963,5.6217,-10.1869,11.5788,43.3847,9.5555,12.2831,27.6314,16.9956
2022-10-10,3.0,88.6,114.72,109.16,96.1,117.95,343.5533,260.317,507.5442,453.5696,91.6,300.0,-17.4278,7.4963,5.6217,-10.1869,11.5788,43.3847,9.5555,12.2831,27.6314,15.1477
2022-10-11,3.0,88.6,114.72,109.16,96.1,117.95,343.5533,260.317,507.5442,453.5696,89.75,300.0,-17.4278,7.4963,5.6217,-10.1869,11.5788,43.3847,9.5555,12.2831,27.6314,11.2971
2022-10-12,3.0,88.6,114.72,109.16,96.1,117.95,343.5533,260.317,507.5442,453.5696,87.83,300.0,-17.4278,7.4963,5.6217,-10.1869,11.5788,43.3847,9.5555,12.2831,27.6314,8.7678
2022-10-13,3.0,88.6,114.72,109.16,96.1,117.95,343.5533,260.317,507.5442,453.5696,89.59,300.0,-17.4278,7.4963,5.6217,-10.1869,11.5788,43.3847,9.5555,12.2831,27.6314,11.0574
2022-10-14,3.0,88.6,114.72,109.16,96.1,117.95,343.5533,260.317,507.5442,453.5696,86.1,300.0,-17.4278,7.4963,5.6217,-10.1869,11.5788,43.3847,9.5555,12.2831,27.6314,5.735
2022-10-15,3.0,88.6,114.72,109.16,96.1,117.95,343.5533,260.317,507.5442,453.5696,86.1,300.0,-17.4278,7.4963,5.6217,-10.1869,11.5788,43.3847,9.5555,12.2831,27.6314,4.503
2022-10-16,3.0,88.6,114.72,109.16,96.1,117.95,343.5533,260.317,507.5442,453.5696,86.1,300.0,-17.4278,7.4963,5.6217,-10.1869,11.5788,43.3847,9.5555,12.2831,27.6314,4.503
2022-10-17,3.0,88.6,114.72,109.16,96.1,117.95,343.5533,260.317,507.5442,453.5696,86.0,300.0,-17.4278,7.4963,5.6217,-10.1869,11.5788,43.3847,9.5555,12.2831,27.6314,4.3816
2022-10-18,3.0,88.6,114.72,109.16,96.1,117.95,343.5533,260.317,507.5442,453.5696,83.29,300.0,-17.4278,7.4963,5.6217,-10.1869,11.5788,43.3847,9.5555,12.2831,27.6314,0.8109
2022-10-19,3.0,88.6,114.72,109.16,96.1,117.95,343.5533,260.317,507.5442,453.5696,86.0,300.0,-17.4278,7.4963,5.6217,-10.1869,11.5788,43.3847,9.5555,12.2831,27.6314,3.3778
2022-10-20,3.0,88.6,114.72,109.16,96.1,117.95,343.5533,260.317,507.5442,453.5696,86.02,300.0,-17.4278,7.4963,5.6217,-10.1869,11.5788,43.3847,9.5555,12.2831,27.6314,1.9194
2022-10-21,3.0,88.6,114.72,109.16,96.1,117.95,343.5533,260.317,507.5442,453.5696,85.47,300.0,-17.4278,7.4963,5.6217,-10.1869,11.5788,43.3847,9.5555,12.2831,27.6314,3.4245
2022-10-22,3.0,88.6,114.72,109.16,96.1,117.95,343.5533,260.317,507.5442,453.5696,85.47,300.0,-17.4278,7.4963,5.6217,-10.1869,11.5788,43.3847,9.5555,12.2831,27.6314,1.112
2022-10-23,3.0,88.6,114.72,109.16,96.1,117.95,343.5533,260.317,507.5442,453.5696,85.47,300.0,-17.4278,7.4963,5.6217,-10.1869,11.5788,43.3847,9.5555,12.2831,27.6314,1.112
2022-10-24,3.0,88.6,114.72,109.16,96.1,117.95,343.5533,260.317,507.5442,453.5696,86.12,300.0,-17.4278,7.4963,5.6217,-10.1869,11.5788,43.3847,9.5555,12.2831,27.6314,1.881
2022-10-25,3.0,88.6,114.72,109.16,96.1,117.95,343.5533,260.317,507.5442,453.5696,86.93,300.0,-17.4278,7.4963,5.6217,-10.1869,11.5788,43.3847,9.5555,12.2831,27.6314,2.7056
2022-10-26,3.0,88.6,114.72,109.16,96.1,117.95,343.5533,260.317,507.5442,453.5696,89.39,300.0,-17.4278,7.4963,5.6217,-10.1869,11.5788,43.3847,9.5555,12.2831,27.6314,4.3788
2022-10-27,3.0,88.6,114.72,109.16,96.1,117.95,343.5533,260.317,507.5442,453.5696,89.06,300.0,-17.4278,7.4963,5.6217,-10.1869,11.5788,43.3847,9.5555,12.2831,27.6314,7.7426
2022-10-28,3.0,88.6,114.72,109.16,96.1,117.95,343.5533,260.317,507.5442,453.5696,87.85,300.0,-17.4278,7.4963,5.6217,-10.1869,11.5788,43.3847,9.5555,12.2831,27.6314,6.1247
2022-10-29,3.0,88.6,114.72,109.16,96.1,117.95,343.5533,260.317,507.5442,453.5696,87.85,300.0,-17.4278,7.4963,5.6217,-10.1869,11.5788,43.3847,9.5555,12.2831,27.6314,5.2096
2022-10-30,3.0,88.6,114.72,109.16,96.1,117.95,343.5533,260.317,507.5442,453.5696,87.85,300.0,-17.4278,7.4963,5.6217,-10.1869,11.5788,43.3847,9.5555,12.2831,27.6314,5.2096
2022-10-31,3.0,88.6,114.72,109.16,96.1,117.95,343.5533,260.317,507.5442,453.5696,86.54,300.0,-17.4278,7.4963,5.6217,-10.1869,11.5788,43.3847,9.5555,12.2831,27.6314,3.6407
2022-11-01,3.25,86.2,112.46,109.07,92.2,118.13,320.9297,262.159,529.7481,454.8537,88.36,225.0,-20.3327,4.8578,5.0063,-14.4712,11.5802,29.0078,10.243,16.5366,17.1391,5.0904
2022-11-02,3.25,86.2,112.46,109.07,92.2,118.13,320.9297,262.159,529.7481,454.8537,90.06,225.0,-20.3327,4.8578,5.0063,-14.4712,11.5802,29.0078,10.243,16.5366,17.1391,7.3293
2022-11-03,3.25,86.2,112.46,109.07,92.2,118.13,320.9297,262.159,529.7481,454.8537,88.14,225.0,-20.3327,4.8578,5.0063,-14.4712,11.5802,29.0078,10.243,16.5366,17.1391,9.0572
2022-11-04,3.25,86.2,112.46,109.07,92.2,118.13,320.9297,262.159,529.7481,454.8537,92.58,225.0,-20.3327,4.8578,5.0063,-14.4712,11.5802,29.0078,10.243,16.5366,17.1391,17.3682
2022-11-05,3.25,86.2,112.46,109.07,92.2,118.13,320.9297,262.159,529.7481,454.8537,92.58,225.0,-20.3327,4.8578,5.0063,-14.4712,11.5802,29.0078,10.243,16.5366,17.1391,13.9446
2022-11-06,3.25,86.2,112.46,109.07,92.2,118.13,320.9297,262.159,529.7481,454.8537,92.58,225.0,-20.3327,4.8578,5.0063,-14.4712,11.5802,29.0078,10.243,16.5366,17.1391,13.9446
2022-11-07,3.25,86.2,112.46,109.07,92.2,118.13,320.9297,262.159,529.7481,454.8537,91.8,225.0,-20.3327,4.8578,5.0063,-14.4712,11.5802,29.0078,10.243,16.5366,17.1391,12.9846
2022-11-08,3.25,86.2,112.46,109.07,92.2,118.13,320.9297,262.159,529.7481,454.8537,88.8,225.0,-20.3327,4.8578,5.0063,-14.4712,11.5802,29.0078,10.243,16.5366,17.1391,8.3455
2022-11-09,3.25,86.2,112.46,109.07,92.2,118.13,320.9297,262.159,529.7481,454.8537,85.79,225.0,-20.3327,4.8578,5.0063,-14.4712,11.5802,29.0078,10.243,16.5366,17.1391,1.9853
2022-11-10,3.25,86.2,112.46,109.07,92.2,118.13,320.9297,262.159,529.7481,454.8537,86.52,225.0,-20.3327,4.8578,5.0063,-14.4712,11.5802,29.0078,10.243,16.5366,17.1391,6.5124
2022-11-11,3.25,86.2,112.46,109.07,92.2,118.13,320.9297,262.159,529.7481,454.8537,89.14,225.0,-20.3327,4.8578,5.0063,-14.4712,11.5802,29.0078,10.243,16.5366,17.1391,9.4145
2022-11-12,3.25,86.2,112.46,109.07,92.2,118.13,320.9297,262.159,529.7481,454.8537,89.14,225.0,-20.3327,4.8578,5.0063,-14.4712,11.5802,29.0078,10.243,16.5366,17.1391,10.2263
2022-11-13,3.25,86.2,112.46,109.07,92.2,118.13,320.9297,262.159,529.7481,454.8537,89.14,225.0,-20.3327,4.8578,5.0063,-14.4712,11.5802,29.0078,10.243,16.5366,17.1391,10.2263
2022-11-14,3.25,86.2,112.46,109.07,92.2,118.13,320.9297,262.159,529.7481,454.8537,85.85,225.0,-20.3327,4.8578,5.0063,-14.4712,11.5802,29.0078,10.243,16.5366,17.1391,6.158
2022-11-15,3.25,86.2,112.46,109.07,92.2,118.13,320.9297,262.159,529.7481,454.8537,86.87,225.0,-20.3327,4.8578,5.0063,-14.4712,11.5802,29.0078,10.243,16.5366,17.1391,7.4459
2022-11-16,3.25,86.2,112.46,109.07,92.2,118.13,320.9297,262.159,529.7481,454.8537,85.62,225.0,-20.3327,4.8578,5.0063,-14.4712,11.5802,29.0078,10.243,16.5366,17.1391,6.0178
2022-11-17,3.25,86.2,112.46,109.07,92.2,118.13,320.9297,262.159,529.7481,454.8537,81.69,225.0,-20.3327,4.8578,5.0063,-14.4712,11.5802,29.0078,10.243,16.5366,17.1391,4.3029
2022-11-18,3.25,86.2,112.46,109.07,92.2,118.13,320.9297,262.159,529.7481,454.8537,80.07,225.0,-20.3327,4.8578,5.0063,-14.4712,11.5802,29.0078,10.243,16.5366,17.1391,1.4572
2022-11-19,3.25,86.2,112.46,109.07,92.2,118.13,320.9297,262.159,529.7481,454.8537,80.07,225.0,-20.3327,4.8578,5.0063,-14.4712,11.5802,29.0078,10.243,16.5366,17.1391,5.203
2022-11-20,3.25,86.2,112.46,109.07,92.2,118.13,320.9297,262.159,529.7481,454.8537,80.07,225.0,-20.3327,4.8578,5.0063,-14.4712,11.5802,29.0078,10.243,16.5366,17.1391,5.203
2022-11-21,3.25,86.2,112.46,109.07,92.2,118.13,320.9297,262.159,529.7481,454.8537,79.74,225.0,-20.3327,4.8578,5.0063,-14.4712,11.5802,29.0078,10.243,16.5366,17.1391,4.7694
2022-11-22,3.25,86.2,112.46,109.07,92.2,118.13,320.9297,262.159,529.7481,454.8537,80.83,225.0,-20.3327,4.8578,5.0063,-14.4712,11.5802,29.0078,10.243,16.5366,17.1391,5.3297
2022-11-23,3.25,86.2,112.46,109.07,92.2,118.13,320.9297,262.159,529.7481,454.8537,77.93,225.0,-20.3327,4.8578,5.0063,-14.4712,11.5802,29.0078,10.243,16.5366,17.1391,-0.498
2022-11-24,3.25,86.2,112.46,109.07,92.2,118.13,320.9297,262.159,529.7481,454.8537,77.93,225.0,-20.3327,4.8578,5.0063,-14.4712,11.5802,29.0078,10.243,16.5366,17.1391,-0.498
2022-11-25,3.25,86.2,112.46,109.07,92.2,118.13,320.9297,262.159,529.7481,454.8537,76.45,225.0,-20.3327,4.8578,5.0063,-14.4712,11.5802,29.0078,10.243,16.5366,17.1391,-2.3876
2022-11-26,3.25,86.2,112.46,109.07,92.2,118.13,320.9297,262.159,529.7481,454.8537,76.45,225.0,-20.3327,4.8578,5.0063,-14.4712,11.5802,29.0078,10.243,16.5366,17.1391,-2.3876
2022-11-27,3.25,86.2,112.46,109.07,92.2,118.13,320.9297,262.159,529.7481,454.8537,76.45,225.0,-20.3327,4.8578,5.0063,-14.4712,11.5802,29.0078,10.243,16.5366,17.1391,-2.3876
2022-11-28,3.25,86.2,112.46,109.07,92.2,118.13,320.9297,262.159,529.7481,454.8537,77.1,225.0,-20.3327,4.8578,5.0063,-14.4712,11.5802,29.0078,10.243,16.5366,17.1391,-1.5577
2022-11-29,3.25,86.2,112.46,109.07,92.2,118.13,320.9297,262.159,529.7481,454.8537,77.96,225.0,-20.3327,4.8578,5.0063,-14.4712,11.5802,29.0078,10.243,16.5366,17.1391,11.5627
2022-11-30,3.25,86.2,112.46,109.07,92.2,118.13,320.9297,262.159,529.7481,454.8537,80.48,225.0,-20.3327,4.8578,5.0063,-14.4712,11.5802,29.0078,10.243,16.5366,17.1391,21.6813
2022-12-01,3.25,89.7,113.53,109.26,92.5,118.54,302.2354,260.136,541.8318,500.2088,81.06,225.0,-13.9155,5.2666,5.0173,-12.5709,11.5881,14.2351,9.3431,14.3563,17.6418,23.8692
2022-12-02,3.25,89.7,113.53,109.26,92.5,118.54,302.2354,260.136,541.8318,500.2088,79.86,225.0,-13.9155,5.2666,5.0173,-12.5709,11.5881,14.2351,9.3431,14.3563,17.6418,19.9099
2022-12-03,3.25,89.7,113.53,109.26,92.5,118.54,302.2354,260.136,541.8318,500.2088,79.86,225.0,-13.9155,5.2666,5.0173,-12.5709,11.5881,14.2351,9.3431,14.3563,17.6418,20.2892
2022-12-04,3.25,89.7,113.53,109.26,92.5,118.54,302.2354,260.136,541.8318,500.2088,79.86,225.0,-13.9155,5.2666,5.0173,-12.5709,11.5881,14.2351,9.3431,14.3563,17.6418,20.2892
2022-12-05,3.25,89.7,113.53,109.26,92.5,118.54,302.2354,260.136,541.8318,500.2088,76.83,225.0,-13.9155,5.2666,5.0173,-12.5709,11.5881,14.2351,9.3431,14.3563,17.6418,15.7253
2022-12-06,3.25,89.7,113.53,109.26,92.5,118.54,302.2354,260.136,541.8318,500.2088,74.21,225.0,-13.9155,5.2666,5.0173,-12.5709,11.5881,14.2351,9.3431,14.3563,17.6418,6.5929
2022-12-07,3.25,89.7,113.53,109.26,92.5,118.54,302.2354,260.136,541.8318,500.2088,71.93,225.0,-13.9155,5.2666,5.0173,-12.5709,11.5881,14.2351,9.3431,14.3563,17.6418,-0.0139
2022-12-08,3.25,89.7,113.53,109.26,92.5,118.54,302.2354,260.136,541.8318,500.2088,71.3,225.0,-13.9155,5.2666,5.0173,-12.5709,11.5881,14.2351,9.3431,14.3563,17.6418,-1.5601
2022-12-09,3.25,89.7,113.53,109.26,92.5,118.54,302.2354,260.136,541.8318,500.2088,71.05,225.0,-13.9155,5.2666,5.0173,-12.5709,11.5881,14.2351,9.3431,14.3563,17.6418,0.254
2022-12-10,3.25,89.7,113.53,109.26,92.5,118.54,302.2354,260.136,541.8318,500.2088,71.05,225.0,-13.9155,5.2666,5.0173,-12.5709,11.5881,14.2351,9.3431,14.3563,17.6418,-0.9204
2022-12-11,3.25,89.7,113.53,109.26,92.5,118.54,302.2354,260.136,541.8318,500.2088,71.05,225.0,-13.9155,5.2666,5.0173,-12.5709,11.5881,14.2351,9.3431,14.3563,17.6418,-0.9204
2022-12-12,3.25,89.7,113.53,109.26,92.5,118.54,302.2354,260.136,541.8318,500.2088,72.96,225.0,-13.9155,5.2666,5.0173,-12.5709,11.5881,14.2351,9.3431,14.3563,17.6418,1.7431
2022-12-13,3.25,89.7,113.53,109.26,92.5,118.54,302.2354,260.136,541.8318,500.2088,75.44,225.0,-13.9155,5.2666,5.0173,-12.5709,11.5881,14.2351,9.3431,14.3563,17.6418,5.9699
2022-12-14,3.25,89.7,113.53,109.26,92.5,118.54,302.2354,260.136,541.8318,500.2088,77.14,225.0,-13.9155,5.2666,5.0173,-12.5709,11.5881,14.2351,9.3431,14.3563,17.6418,9.3099
2022-12-15,3.25,89.7,113.53,109.26,92.5,118.54,302.2354,260.136,541.8318,500.2088,75.89,225.0,-13.9155,5.2666,5.0173,-12.5709,11.5881,14.2351,9.3431,14.3563,17.6418,7.0532
2022-12-16,3.25,89.7,113.53,109.26,92.5,118.54,302.2354,260.136,541.8318,500.2088,74.19,225.0,-13.9155,5.2666,5.0173,-12.5709,11.5881,14.2351,9.3431,14.3563,17.6418,2.5574
2022-12-17,3.25,89.7,113.53,109.26,92.5,118.54,302.2354,260.136,541.8318,500.2088,74.19,225.0,-13.9155,5.2666,5.0173,-12.5709,11.5881,14.2351,9.3431,14.3563,17.6418,4.5961
2022-12-18,3.25,89.7,113.53,109.26,92.5,118.54,302.2354,260.136,541.8318,500.2088,74.19,225.0,-13.9155,5.2666,5.0173,-12.5709,11.5881,14.2351,9.3431,14.3563,17.6418,4.5961
2022-12-19,3.25,89.7,113.53,109.26,92.5,118.54,302.2354,260.136,541.8318,500.2088,75.05,225.0,-13.9155,5.2666,5.0173,-12.5709,11.5881,14.2351,9.3431,14.3563,17.6418,5.8085
2022-12-20,3.25,89.7,113.53,109.26,92.5,118.54,302.2354,260.136,541.8318,500.2088,75.92,225.0,-13.9155,5.2666,5.0173,-12.5709,11.5881,14.2351,9.3431,14.3563,17.6418,10.5255
2022-12-21,3.25,89.7,113.53,109.26,92.5,118.54,302.2354,260.136,541.8318,500.2088,78.17,225.0,-13.9155,5.2666,5.0173,-12.5709,11.5881,14.2351,9.3431,14.3563,17.6418,9.9437
2022-12-22,3.25,89.7,113.53,109.26,92.5,118.54,302.2354,260.136,541.8318,500.2088,77.68,225.0,-13.9155,5.2666,5.0173,-12.5709,11.5881,14.2351,9.3431,14.3563,17.6418,6.674
2022-12-23,3.25,89.7,113.53,109.26,92.5,118.54,302.2354,260.136,541.8318,500.2088,79.57,225.0,-13.9155,5.2666,5.0173,-12.5709,11.5881,14.2351,9.3431,14.3563,17.6418,7.6871
2022-12-24,3.25,89.7,113.53,109.26,92.5,118.54,302.2354,260.136,541.8318,500.2088,79.57,225.0,-13.9155,5.2666,5.0173,-12.5709,11.5881,14.2351,9.3431,14.3563,17.6418,7.6871
2022-12-25,3.25,89.7,113.53,109.26,92.5,118.54,302.2354,260.136,541.8318,500.2088,79.57,225.0,-13.9155,5.2666,5.0173,-12.5709,11.5881,14.2351,9.3431,14.3563,17.6418,7.6871
2022-12-26,3.25,89.7,113.53,109.26,92.5,118.54,302.2354,260.136,541.8318,500.2088,79.57,225.0,-13.9155,5.2666,5.0173,-12.5709,11.5881,14.2351,9.3431,14.3563,17.6418,7.6871
2022-12-27,3.25,89.7,113.53,109.26,92.5,118.54,302.2354,260.136,541.8318,500.2088,79.45,225.0,-13.9155,5.2666,5.0173,-12.5709,11.5881,14.2351,9.3431,14.3563,17.6418,5.2457
2022-12-28,3.25,89.7,113.53,109.26,92.5,118.54,302.2354,260.136,541.8318,500.2088,78.89,225.0,-13.9155,5.2666,5.0173,-12.5709,11.5881,14.2351,9.3431,14.3563,17.6418,3.789
2022-12-29,3.25,89.7,113.53,109.26,92.5,118.54,302.2354,260.136,541.8318,500.2088,78.43,225.0,-13.9155,5.2666,5.0173,-12.5709,11.5881,14.2351,9.3431,14.3563,17.6418,2.4158
2022-12-30,3.25,89.7,113.53,109.26,92.5,118.54,302.2354,260.136,541.8318,500.2088,80.16,225.0,-13.9155,5.2666,5.0173,-12.5709,11.5881,14.2351,9.3431,14.3563,17.6418,4.3342
2022-12-31,3.25,89.7,113.53,109.26,92.5,118.54,302.2354,260.136,541.8318,500.2088,80.16,225.0,-13.9155,5.2666,5.0173,-12.5709,11.5881,14.2351,9.3431,14.3563,17.6418,6.4118
2023-01-01,3.5,90.4,115.37,110.07,91.1,119.41,302.84,262.314,555.5063,534.9266,80.16,180.0,-13.8227,5.5149,4.9785,-14.7004,10.616,9.4395,8.444,7.9809,17.1149,6.4118
2023-01-02,3.5,90.4,115.37,110.07,91.1,119.41,302.84,262.314,555.5063,534.9266,80.16,180.0,-13.8227,5.5149,4.9785,-14.7004,10.616,9.4395,8.444,7.9809,17.1149,6.4118
2023-01-03,3.5,90.4,115.37,110.07,91.1,119.41,302.84,262.314,555.5063,534.9266,76.87,180.0,-13.8227,5.5149,4.9785,-14.7004,10.616,9.4395,8.444,7.9809,17.1149,1.158
2023-01-04,3.5,90.4,115.37,110.07,91.1,119.41,302.84,262.314,555.5063,534.9266,72.82,180.0,-13.8227,5.5149,4.9785,-14.7004,10.616,9.4395,8.444,7.9809,17.1149,-5.4286
2023-01-05,3.5,90.4,115.37,110.07,91.1,119.41,302.84,262.314,555.5063,534.9266,73.61,180.0,-13.8227,5.5149,4.9785,-14.7004,10.616,9.4395,8.444,7.9809,17.1149,-5.4221
2023-01-06,3.5,90.4,115.37,110.07,91.1,119.41,302.84,262.314,555.5063,534.9266,73.77,180.0,-13.8227,5.5149,4.9785,-14.7004,10.616,9.4395,8.444,7.9809,17.1149,-7.1725
2023-01-07,3.5,90.4,115.37,110.07,91.1,119.41,302.84,262.314,555.5063,534.9266,73.77,180.0,-13.8227,5.5149,4.9785,-14.7004,10.616,9.4395,8.444,7.9809,17.1149,-6.6203
2023-01-08,3.5,90.4,115.37,110.07,91.1,119.41,302.84,262.314,555.5063,534.9266,73.77,180.0,-13.8227,5.5149,4.9785,-14.7004,10.616,9.4395,8.444,7.9809,17.1149,-6.6203
2023-01-09,3.5,90.4,115.37,110.07,91.1,119.41,302.84,262.314,555.5063,534.9266,74.69,180.0,-13.8227,5.5149,4.9785,-14.7004,10.616,9.4395,8.444,7.9809,17.1149,-5.4557
2023-01-10,3.5,90.4,115.37,110.07,91.1,119.41,302.84,262.314,555.5063,534.9266,75.11,180.0,-13.8227,5.5149,4.9785,-14.7004,10.616,9.4395,8.444,7.9809,17.1149,-3.8407
2023-01-11,3.5,90.4,115.37,110.07,91.1,119.41,302.84,262.314,555.5063,534.9266,77.46,180.0,-13.8227,5.5149,4.9785,-14.7004,10.616,9.4395,8.444,7.9809,17.1149,-4.5707
2023-01-12,3.5,90.4,115.37,110.07,91.1,119.41,302.84,262.314,555.5063,534.9266,78.32,180.0,-13.8227,5.5149,4.9785,-14.7004,10.616,9.4395,8.444,7.9809,17.1149,-5.0782
2023-01-13,3.5,90.4,115.37,110.07,91.1,119.41,302.84,262.314,555.5063,534.9266,79.9,180.0,-13.8227,5.5149,4.9785,-14.7004,10.616,9.4395,8.444,7.9809,17.1149,-2.5253
2023-01-14,3.5,90.4,115.37,110.07,91.1,119.41,302.84,262.314,555.5063,534.9266,79.9,180.0,-13.8227,5.5149,4.9785,-14.7004,10.616,9.4395,8.444,7.9809,17.1149,-4.6767
2023-01-15,3.5,90.4,115.37,110.07,91.1,119.41,302.84,262.314,555.5063,534.9266,79.9,180.0,-13.8227,5.5149,4.9785,-14.7004,10.616,9.4395,8.444,7.9809,17.1149,-4.6767
2023-01-16,3.5,90.4,115.37,110.07,91.1,119.41,302.84,262.314,555.5063,534.9266,79.9,180.0,-13.8227,5.5149,4.9785,-14.7004,10.616,9.4395,8.444,7.9809,17.1149,-4.6767
2023-01-17,3.5,90.4,115.37,110.07,91.1,119.41,302.84,262.314,555.5063,534.9266,80.25,180.0,-13.8227,5.5149,4.9785,-14.7004,10.616,9.4395,8.444,7.9809,17.1149,-4.2591
2023-01-18,3.5,90.4,115.37,110.07,91.1,119.41,302.84,262.314,555.5063,534.9266,79.53,180.0,-13.8227,5.5149,4.9785,-14.7004,10.616,9.4395,8.444,7.9809,17.1149,-6.8953
2023-01-19,3.5,90.4,115.37,110.07,91.1,119.41,302.84,262.314,555.5063,534.9266,80.31,180.0,-13.8227,5.5149,4.9785,-14.7004,10.616,9.4395,8.444,7.9809,17.1149,-7.5196
2023-01-20,3.5,90.4,115.37,110.07,91.1,119.41,302.84,262.314,555.5063,534.9266,81.27,180.0,-13.8227,5.5149,4.9785,-14.7004,10.616,9.4395,8.444,7.9809,17.1149,-5.8176
2023-01-21,3.5,90.4,115.37,110.07,91.1,119.41,302.84,262.314,555.5063,534.9266,81.27,180.0,-13.8227,5.5149,4.9785,-14.7004,10.616,9.4395,8.444,7.9809,17.1149,-4.5679
2023-01-22,3.5,90.4,115.37,110.07,91.1,119.41,302.84,262.314,555.5063,534.9266,81.27,180.0,-13.8227,5.5149,4.9785,-14.7004,10.616,9.4395,8.444,7.9809,17.1149,-4.5679
2023-01-23,3.5,90.4,115.37,110.07,91.1,119.41,302.84,262.314,555.5063,534.9266,81.62,180.0,-13.8227,5.5149,4.9785,-14.7004,10.616,9.4395,8.444,7.9809,17.1149,-4.1569
2023-01-24,3.5,90.4,115.37,110.07,91.1,119.41,302.84,262.314,555.5063,534.9266,79.86,180.0,-13.8227,5.5149,4.9785,-14.7004,10.616,9.4395,8.444,7.9809,17.1149,-5.4688
2023-01-25,3.5,90.4,115.37,110.07,91.1,119.41,302.84,262.314,555.5063,534.9266,79.78,180.0,-13.8227,5.5149,4.9785,-14.7004,10.616,9.4395,8.444,7.9809,17.1149,-7.8859
2023-01-26,3.5,90.4,115.37,110.07,91.1,119.41,302.84,262.314,555.5063,534.9266,80.64,180.0,-13.8227,5.5149,4.9785,-14.7004,10.616,9.4395,8.444,7.9809,17.1149,-8.706
2023-01-27,3.5,90.4,115.37,110.07,91.1,119.41,302.84,262.314,555.5063,534.9266,79.73,180.0,-13.8227,5.5149,4.9785,-14.7004,10.616,9.4395,8.444,7.9809,17.1149,-8.9944
2023-01-28,3.5,90.4,115.37,110.07,91.1,119.41,302.84,262.314,555.5063,534.9266,79.73,180.0,-13.8227,5.5149,4.9785,-14.7004,10.616,9.4395,8.444,7.9809,17.1149,-9.0567
2023-01-29,3.5,90.4,115.37,110.07,91.1,119.41,302.84,262.314,555.5063,534.9266,79.73,180.0,-13.8227,5.5149,4.9785,-14.7004,10.616,9.4395,8.444,7.9809,17.1149,-9.0567
2023-01-30,3.5,90.4,115.37,110.07,91.1,119.41,302.84,262.314,555.5063,534.9266,77.97,180.0,-13.8227,5.5149,4.9785,-14.7004,10.616,9.4395,8.444,7.9809,17.1149,-11.0642
2023-01-31,3.5,90.4,115.37,110.07,91.1,119.41,302.84,262.314,555.5063,534.9266,78.95,180.0,-13.8227,5.5149,4.9785,-14.7004,10.616,9.4395,8.444,7.9809,17.1149,-11.4513
2023-02-01,3.5,89.8,115.91,110.33,92.2,119.41,298.2453,259.661,561.2922,543.2576,76.34,180.0,-13.1528,5.7284,4.6576,-13.9122,10.4728,1.9044,5.4559,-3.8378,9.4152,-13.4663
2023-02-02,3.5,89.8,115.91,110.33,92.2,119.41,298.2453,259.661,561.2922,543.2576,75.87,180.0,-13.1528,5.7284,4.6576,-13.9122,10.4728,1.9044,5.4559,-3.8378,9.4152,-13.9406
2023-02-03,3.5,89.8,115.91,110.33,92.2,119.41,298.2453,259.661,561.2922,543.2576,73.4,180.0,-13.1528,5.7284,4.6576,-13.9122,10.4728,1.9044,5.4559,-3.8378,9.4152,-18.5982
2023-02-04,3.5,89.8,115.91,110.33,92.2,119.41,298.2453,259.661,561.2922,543.2576,73.4,180.0,-13.1528,5.7284,4.6576,-13.9122,10.4728,1.9044,5.4559,-3.8378,9.4152,-20.4509
2023-02-05,3.5,89.8,115.91,110.33,92.2,119.41,298.2453,259.661,561.2922,543.2576,73.4,180.0,-13.1528,5.7284,4.6576,-13.9122,10.4728,1.9044,5.4559,-3.8378,9.4152,-20.4509
2023-02-06,3.5,89.8,115.91,110.33,92.2,119.41,298.2453,259.661,561.2922,543.2576,74.11,180.0,-13.1528,5.7284,4.6576,-13.9122,10.4728,1.9044,5.4559,-3.8378,9.4152,-19.6814
2023-02-07,3.5,89.8,115.91,110.33,92.2,119.41,298.2453,259.661,561.2922,543.2576,77.17,180.0,-13.1528,5.7284,4.6576,-13.9122,10.4728,1.9044,5.4559,-3.8378,9.4152,-15.4301
2023-02-08,3.5,89.8,115.91,110.33,92.2,119.41,298.2453,259.661,561.2922,543.2576,78.47,180.0,-13.1528,5.7284,4.6576,-13.9122,10.4728,1.9044,5.4559,-3.8378,9.4152,-12.1473
2023-02-09,3.5,89.8,115.91,110.33,92.2,119.41,298.2453,259.661,561.2922,543.2576,78.04,180.0,-13.1528,5.7284,4.6576,-13.9122,10.4728,1.9044,5.4559,-3.8378,9.4152,-12.8726
2023-02-10,3.5,89.8,115.91,110.33,92.2,119.41,298.2453,259.661,561.2922,543.2576,79.74,180.0,-13.1528,5.7284,4.6576,-13.9122,10.4728,1.9044,5.4559,-3.8378,9.4152,-11.2323
2023-02-11,3.5,89.8,115.91,110.33,92.2,119.41,298.2453,259.661,561.2922,543.2576,79.74,180.0,-13.1528,5.7284,4.6576,-13.9122,10.4728,1.9044,5.4559,-3.8378,9.4152,-14.3502
2023-02-12,3.5,89.8,115.91,110.33,92.2,119.41,298.2453,259.661,561.2922,543.2576,79.74,180.0,-13.1528,5.7284,4.6576,-13.9122,10.4728,1.9044,5.4559,-3.8378,9.4152,-14.3502
2023-02-13,3.5,89.8,115.91,110.33,92.2,119.41,298.2453,259.661,561.2922,543.2576,80.14,180.0,-13.1528,5.7284,4.6576,-13.9122,10.4728,1.9044,5.4559,-3.8378,9.4152,-13.9205
2023-02-14,3.5,89.8,115.91,110.33,92.2,119.41,298.2453,259.661,561.2922,543.2576,79.08,180.0,-13.1528,5.7284,4.6576,-13.9122,10.4728,1.9044,5.4559,-3.8378,9.4152,-17.2111
2023-02-15,3.5,89.8,115.91,110.33,92.2,119.41,298.2453,259.661,561.2922,543.2576,78.57,180.0,-13.1528,5.7284,4.6576,-13.9122,10.4728,1.9044,5.4559,-3.8378,9.4152,-14.6628
2023-02-16,3.5,89.8,115.91,110.33,92.2,119.41,298.2453,259.661,561.2922,543.2576,78.45,180.0,-13.1528,5.7284,4.6576,-13.9122,10.4728,1.9044,5.4559,-3.8378,9.4152,-16.3913
2023-02-17,3.5,89.8,115.91,110.33,92.2,119.41,298.2453,259.661,561.2922,543.2576,76.31,180.0,-13.1528,5.7284,4.6576,-13.9122,10.4728,1.9044,5.4559,-3.8378,9.4152,-16.8555
2023-02-18,3.5,89.8,115.91,110.33,92.2,119.41,298.2453,259.661,561.2922,543.2576,76.31,180.0,-13.1528,5.7284,4.6576,-13.9122,10.4728,1.9044,5.4559,-3.8378,9.4152,-16.3818
2023-02-19,3.5,89.8,115.91,110.33,92.2,119.41,298.2453,259.661,561.2922,543.2576,76.31,180.0,-13.1528,5.7284,4.6576,-13.9122,10.4728,1.9044,5.4559,-3.8378,9.4152,-16.3818
2023-02-20,3.5,89.8,115.91,110.33,92.2,119.41,298.2453,259.661,561.2922,543.2576,76.31,180.0,-13.1528,5.7284,4.6576,-13.9122,10.4728,1.9044,5.4559,-3.8378,9.4152,-16.3818
2023-02-21,3.5,89.8,115.91,110.33,92.2,119.41,298.2453,259.661,561.2922,543.2576,76.28,180.0,-13.1528,5.7284,4.6576,-13.9122,10.4728,1.9044,5.4559,-3.8378,9.4152,-16.4146
2023-02-22,3.5,89.8,115.91,110.33,92.2,119.41,298.2453,259.661,561.2922,543.2576,73.95,180.0,-13.1528,5.7284,4.6576,-13.9122,10.4728,1.9044,5.4559,-3.8378,9.4152,-19.7156
2023-02-23,3.5,89.8,115.91,110.33,92.2,119.41,298.2453,259.661,561.2922,543.2576,75.26,180.0,-13.1528,5.7284,4.6576,-13.9122,10.4728,1.9044,5.4559,-3.8378,9.4152,-18.3199
2023-02-24,3.5,89.8,115.91,110.33,92.2,119.41,298.2453,259.661,561.2922,543.2576,76.19,180.0,-13.1528,5.7284,4.6576,-13.9122,10.4728,1.9044,5.4559,-3.8378,9.4152,-17.8722
2023-02-25,3.5,89.8,115.91,110.33,92.2,119.41,298.2453,259.661,561.2922,543.2576,76.19,180.0,-13.1528,5.7284,4.6576,-13.9122,10.4728,1.9044,5.4559,-3.8378,9.4152,-16.8957
2023-02-26,3.5,89.8,115.91,110.33,92.2,119.41,298.2453,259.661,561.2922,543.2576,76.19,180.0,-13.1528,5.7284,4.6576,-13.9122,10.4728,1.9044,5.4559,-3.8378,9.4152,-16.8957
2023-02-27,3.5,89.8,115.91,110.33,92.2,119.41,298.2453,259.661,561.2922,543.2576,75.57,180.0,-13.1528,5.7284,4.6576,-13.9122,10.4728,1.9044,5.4559,-3.8378,9.4152,-17.572
2023-02-28,3.5,89.8,115.91,110.33,92.2,119.41,298.2453,259.661,561.2922,543.2576,76.88,180.0,-13.1528,5.7284,4.6576,-13.9122,10.4728,1.9044,5.4559,-3.8378,9.4152,-20.025
2023-03-01,3.5,91.7,116.46,110.52,92.3,119.63,284.9574,261.284,547.2255,523.9525,77.57,180.0,-11.4865,6.3076,4.1659,-11.8434,9.5513,-15.1737,4.3604,-11.3372,-0.9917,-25.1688
2023-03-02,3.5,91.7,116.46,110.52,92.3,119.63,284.9574,261.284,547.2255,523.9525,78.05,180.0,-11.4865,6.3076,4.1659,-11.8434,9.5513,-15.1737,4.3604,-11.3372,-0.9917,-29.5196
2023-03-03,3.5,91.7,116.46,110.52,92.3,119.63,284.9574,261.284,547.2255,523.9525,79.62,180.0,-11.4865,6.3076,4.1659,-11.8434,9.5513,-15.1737,4.3604,-11.3372,-0.9917,-26.0656
2023-03-04,3.5,91.7,116.46,110.52,92.3,119.63,284.9574,261.284,547.2255,523.9525,79.62,180.0,-11.4865,6.3076,4.1659,-11.8434,9.5513,-15.1737,4.3604,-11.3372,-0.9917,-31.2257
2023-03-05,3.5,91.7,116.46,110.52,92.3,119.63,284.9574,261.284,547.2255,523.9525,79.62,180.0,-11.4865,6.3076,4.1659,-11.8434,9.5513,-15.1737,4.3604,-11.3372,-0.9917,-31.2257
2023-03-06,3.5,91.7,116.46,110.52,92.3,119.63,284.9574,261.284,547.2255,523.9525,80.39,180.0,-11.4865,6.3076,4.1659,-11.8434,9.5513,-15.1737,4.3604,-11.3372,-0.9917,-30.5606
2023-03-07,3.5,91.7,116.46,110.52,92.3,119.63,284.9574,261.284,547.2255,523.9525,77.45,180.0,-11.4865,6.3076,4.1659,-11.8434,9.5513,-15.1737,4.3604,-11.3372,-0.9917,-35.0579
2023-03-08,3.5,91.7,116.46,110.52,92.3,119.63,284.9574,261.284,547.2255,523.9525,76.56,180.0,-11.4865,6.3076,4.1659,-11.8434,9.5513,-15.1737,4.3604,-11.3372,-0.9917,-38.0783
2023-03-09,3.5,91.7,116.46,110.52,92.3,119.63,284.9574,261.284,547.2255,523.9525,75.6,180.0,-11.4865,6.3076,4.1659,-11.8434,9.5513,-15.1737,4.3604,-11.3372,-0.9917,-30.5211
2023-03-10,3.5,91.7,116.46,110.52,92.3,119.63,284.9574,261.284,547.2255,523.9525,76.55,180.0,-11.4865,6.3076,4.1659,-11.8434,9.5513,-15.1737,4.3604,-11.3372,-0.9917,-27.7353
2023-03-11,3.5,91.7,116.46,110.52,92.3,119.63,284.9574,261.284,547.2255,523.9525,76.55,180.0,-11.4865,6.3076,4.1659,-11.8434,9.5513,-15.1737,4.3604,-11.3372,-0.9917,-29.9698
2023-03-12,3.5,91.7,116.46,110.52,92.3,119.63,284.9574,261.284,547.2255,523.9525,76.55,180.0,-11.4865,6.3076,4.1659,-11.8434,9.5513,-15.1737,4.3604,-11.3372,-0.9917,-29.9698
2023-03-13,3.5,91.7,116.46,110.52,92.3,119.63,284.9574,261.284,547.2255,523.9525,74.68,180.0,-11.4865,6.3076,4.1659,-11.8434,9.5513,-15.1737,4.3604,-11.3372,-0.9917,-31.6805
2023-03-14,3.5,91.7,116.46,110.52,92.3,119.63,284.9574,261.284,547.2255,523.9525,71.18,180.0,-11.4865,6.3076,4.1659,-11.8434,9.5513,-15.1737,4.3604,-11.3372,-0.9917,-31.0405
2023-03-15,3.5,91.7,116.46,110.52,92.3,119.63,284.9574,261.284,547.2255,523.9525,67.38,180.0,-11.4865,6.3076,4.1659,-11.8434,9.5513,-15.1737,4.3604,-11.3372,-0.9917,-30.1182
2023-03-16,3.5,91.7,116.46,110.52,92.3,119.63,284.9574,261.284,547.2255,523.9525,68.15,180.0,-11.4865,6.3076,4.1659,-11.8434,9.5513,-15.1737,4.3604,-11.3372,-0.9917,-28.1497
2023-03-17,3.5,91.7,116.46,110.52,92.3,119.63,284.9574,261.284,547.2255,523.9525,66.61,180.0,-11.4865,6.3076,4.1659,-11.8434,9.5513,-15.1737,4.3604,-11.3372,-0.9917,-35.3113
2023-03-18,3.5,91.7,116.46,110.52,92.3,119.63,284.9574,261.284,547.2255,523.9525,66.61,180.0,-11.4865,6.3076,4.1659,-11.8434,9.5513,-15.1737,4.3604,-11.3372,-0.9917,-36.3741
2023-03-19,3.5,91.7,116.46,110.52,92.3,119.63,284.9574,261.284,547.2255,523.9525,66.61,180.0,-11.4865,6.3076,4.1659,-11.8434,9.5513,-15.1737,4.3604,-11.3372,-0.9917,-36.3741
2023-03-20,3.5,91.7,116.46,110.52,92.3,119.63,284.9574,261.284,547.2255,523.9525,67.56,180.0,-11.4865,6.3076,4.1659,-11.8434,9.5513,-15.1737,4.3604,-11.3372,-0.9917,-35.4666
2023-03-21,3.5,91.7,116.46,110.52,92.3,119.63,284.9574,261.284,547.2255,523.9525,69.4,180.0,-11.4865,6.3076,4.1659,-11.8434,9.5513,-15.1737,4.3604,-11.3372,-0.9917,-38.1131
2023-03-22,3.5,91.7,116.46,110.52,92.3,119.63,284.9574,261.284,547.2255,523.9525,70.71,180.0,-11.4865,6.3076,4.1659,-11.8434,9.5513,-15.1737,4.3604,-11.3372,-0.9917,-36.3145
2023-03-23,3.5,91.7,116.46,110.52,92.3,119.63,284.9574,261.284,547.2255,523.9525,69.77,180.0,-11.4865,6.3076,4.1659,-11.8434,9.5513,-15.1737,4.3604,-11.3372,-0.9917,-39.2723
2023-03-24,3.5,91.7,116.46,110.52,92.3,119.63,284.9574,261.284,547.2255,523.9525,69.22,180.0,-11.4865,6.3076,4.1659,-11.8434,9.5513,-15.1737,4.3604,-11.3372,-0.9917,-39.387
2023-03-25,3.5,91.7,116.46,110.52,92.3,119.63,284.9574,261.284,547.2255,523.9525,69.22,180.0,-11.4865,6.3076,4.1659,-11.8434,9.5513,-15.1737,4.3604,-11.3372,-0.9917,-40.4303
2023-03-26,3.5,91.7,116.46,110.52,92.3,119.63,284.9574,261.284,547.2255,523.9525,69.22,180.0,-11.4865,6.3076,4.1659,-11.8434,9.5513,-15.1737,4.3604,-11.3372,-0.9917,-40.4303
2023-03-27,3.5,91.7,116.46,110.52,92.3,119.63,284.9574,261.284,547.2255,523.9525,72.87,180.0,-11.4865,6.3076,4.1659,-11.8434,9.5513,-15.1737,4.3604,-11.3372,-0.9917,-37.2892
2023-03-28,3.5,91.7,116.46,110.52,92.3,119.63,284.9574,261.284,547.2255,523.9525,73.12,180.0,-11.4865,6.3076,4.1659,-11.8434,9.5513,-15.1737,4.3604,-11.3372,-0.9917,-32.013
2023-03-29,3.5,91.7,116.46,110.52,92.3,119.63,284.9574,261.284,547.2255,523.9525,72.95,180.0,-11.4865,6.3076,4.1659,-11.8434,9.5513,-15.1737,4.3604,-11.3372,-0.9917,-30.024
2023-03-30,3.5,91.7,116.46,110.52,92.3,119.63,284.9574,261.284,547.2255,523.9525,74.32,180.0,-11.4865,6.3076,4.1659,-11.8434,9.5513,-15.1737,4.3604,-11.3372,-0.9917,-31.0639
2023-03-31,3.5,91.7,116.46,110.52,92.3,119.63,284.9574,261.284,547.2255,523.9525,75.68,180.0,-11.4865,6.3076,4.1659,-11.8434,9.5513,-15.1737,4.3604,-11.3372,-0.9917,-24.719
2023-04-01,3.5,94.9,115.9,110.77,94.8,120.02,291.1797,260.061,546.8749,496.8393,75.68,133.3333,-9.0125,5.0866,3.6881,-11.4846,7.8347,-16.4494,1.3575,-11.5287,-1.615,-23.8019
2023-04-02,3.5,94.9,115.9,110.77,94.8,120.02,291.1797,260.061,546.8749,496.8393,75.68,133.3333,-9.0125,5.0866,3.6881,-11.4846,7.8347,-16.4494,1.3575,-11.5287,-1.615,-23.8019
2023-04-03,3.5,94.9,115.9,110.77,94.8,120.02,291.1797,260.061,546.8749,496.8393,80.4,133.3333,-9.0125,5.0866,3.6881,-11.4846,7.8347,-16.4494,1.3575,-11.5287,-1.615,-19.0495
2023-04-04,3.5,94.9,115.9,110.77,94.8,120.02,291.1797,260.061,546.8749,496.8393,80.7,133.3333,-9.0125,5.0866,3.6881,-11.4846,7.8347,-16.4494,1.3575,-11.5287,-1.615,-21.8705
2023-04-05,3.5,94.9,115.9,110.77,94.8,120.02,291.1797,260.061,546.8749,496.8393,80.69,133.3333,-9.0125,5.0866,3.6881,-11.4846,7.8347,-16.4494,1.3575,-11.5287,-1.615,-20.8766
2023-04-06,3.5,94.9,115.9,110.77,94.8,120.02,291.1797,260.061,546.8749,496.8393,80.7,133.3333,-9.0125,5.0866,3.6881,-11.4846,7.8347,-16.4494,1.3575,-11.5287,-1.615,-16.2776
2023-04-07,3.5,94.9,115.9,110.77,94.8,120.02,291.1797,260.061,546.8749,496.8393,80.7,133.3333,-9.0125,5.0866,3.6881,-11.4846,7.8347,-16.4494,1.3575,-11.5287,-1.615,-15.9813
2023-04-08,3.5,94.9,115.9,110.77,94.8,120.02,291.1797,260.061,546.8749,496.8393,80.7,133.3333,-9.0125,5.0866,3.6881,-11.4846,7.8347,-16.4494,1.3575,-11.5287,-1.615,-17.9461
2023-04-09,3.5,94.9,115.9,110.77,94.8,120.02,291.1797,260.061,546.8749,496.8393,80.7,133.3333,-9.0125,5.0866,3.6881,-11.4846,7.8347,-16.4494,1.3575,-11.5287,-1.615,-17.9461
2023-04-10,3.5,94.9,115.9,110.77,94.8,120.02,291.1797,260.061,546.8749,496.8393,79.79,133.3333,-9.0125,5.0866,3.6881,-11.4846,7.8347,-16.4494,1.3575,-11.5287,-1.615,-18.8714
2023-04-11,3.5,94.9,115.9,110.77,94.8,120.02,291.1797,260.061,546.8749,496.8393,81.54,133.3333,-9.0125,5.0866,3.6881,-11.4846,7.8347,-16.4494,1.3575,-11.5287,-1.615,-13.4579
2023-04-12,3.5,94.9,115.9,110.77,94.8,120.02,291.1797,260.061,546.8749,496.8393,83.26,133.3333,-9.0125,5.0866,3.6881,-11.4846,7.8347,-16.4494,1.3575,-11.5287,-1.615,-17.1707
2023-04-13,3.5,94.9,115.9,110.77,94.8,120.02,291.1797,260.061,546.8749,496.8393,82.16,133.3333,-9.0125,5.0866,3.6881,-11.4846,7.8347,-16.4494,1.3575,-11.5287,-1.615,-21.197
2023-04-14,3.5,94.9,115.9,110.77,94.8,120.02,291.1797,260.061,546.8749,496.8393,82.58,133.3333,-9.0125,5.0866,3.6881,-11.4846,7.8347,-16.4494,1.3575,-11.5287,-1.615,-22.7069
2023-04-15,3.5,94.9,115.9,110.77,94.8,120.02,291.1797,260.061,546.8749,496.8393,82.58,133.3333,-9.0125,5.0866,3.6881,-11.4846,7.8347,-16.4494,1.3575,-11.5287,-1.615,-22.7069
2023-04-16,3.5,94.9,115.9,110.77,94.8,120.02,291.1797,260.061,546.8749,496.8393,82.58,133.3333,-9.0125,5.0866,3.6881,-11.4846,7.8347,-16.4494,1.3575,-11.5287,-1.615,-22.7069
2023-04-17,3.5,94.9,115.9,110.77,94.8,120.02,291.1797,260.061,546.8749,496.8393,80.93,133.3333,-9.0125,5.0866,3.6881,-11.4846,7.8347,-16.4494,1.3575,-11.5287,-1.615,-24.2512
2023-04-18,3.5,94.9,115.9,110.77,94.8,120.02,291.1797,260.061,546.8749,496.8393,80.85,133.3333,-9.0125,5.0866,3.6881,-11.4846,7.8347,-16.4494,1.3575,-11.5287,-1.615,-25.3049
2023-04-19,3.5,94.9,115.9,110.77,94.8,120.02,291.1797,260.061,546.8749,496.8393,79.18,133.3333,-9.0125,5.0866,3.6881,-11.4846,7.8347,-16.4494,1.3575,-11.5287,-1.615,-22.7814
2023-04-20,3.5,94.9,115.9,110.77,94.8,120.02,291.1797,260.061,546.8749,496.8393,77.27,133.3333,-9.0125,5.0866,3.6881,-11.4846,7.8347,-16.4494,1.3575,-11.5287,-1.615,-24.6587
2023-04-21,3.5,94.9,115.9,110.77,94.8,120.02,291.1797,260.061,546.8749,496.8393,77.86,133.3333,-9.0125,5.0866,3.6881,-11.4846,7.8347,-16.4494,1.3575,-11.5287,-1.615,-25.0553
2023-04-22,3.5,94.9,115.9,110.77,94.8,120.02,291.1797,260.061,546.8749,496.8393,77.86,133.3333,-9.0125,5.0866,3.6881,-11.4846,7.8347,-16.4494,1.3575,-11.5287,-1.615,-24.3049
2023-04-23,3.5,94.9,115.9,110.77,94.8,120.02,291.1797,260.061,546.8749,496.8393,77.86,133.3333,-9.0125,5.0866,3.6881,-11.4846,7.8347,-16.4494,1.3575,-11.5287,-1.615,-24.3049
2023-04-24,3.5,94.9,115.9,110.77,94.8,120.02,291.1797,260.061,546.8749,496.8393,78.64,133.3333,-9.0125,5.0866,3.6881,-11.4846,7.8347,-16.4494,1.3575,-11.5287,-1.615,-23.5466
2023-04-25,3.5,94.9,115.9,110.77,94.8,120.02,291.1797,260.061,546.8749,496.8393,77.05,133.3333,-9.0125,5.0866,3.6881,-11.4846,7.8347,-16.4494,1.3575,-11.5287,-1.615,-22.6406
2023-04-26,3.5,94.9,115.9,110.77,94.8,120.02,291.1797,260.061,546.8749,496.8393,74.33,133.3333,-9.0125,5.0866,3.6881,-11.4846,7.8347,-16.4494,1.3575,-11.5287,-1.615,-27.5677
2023-04-27,3.5,94.9,115.9,110.77,94.8,120.02,291.1797,260.061,546.8749,496.8393,74.77,133.3333,-9.0125,5.0866,3.6881,-11.4846,7.8347,-16.4494,1.3575,-11.5287,-1.615,-26.6673
2023-04-28,3.5,94.9,115.9,110.77,94.8,120.02,291.1797,260.061,546.8749,496.8393,76.78,133.3333,-9.0125,5.0866,3.6881,-11.4846,7.8347,-16.4494,1.3575,-11.5287,-1.615,-27.202
2023-04-29,3.5,94.9,115.9,110.77,94.8,120.02,291.1797,260.061,546.8749,496.8393,76.78,133.3333,-9.0125,5.0866,3.6881,-11.4846,7.8347,-16.4494,1.3575,-11.5287,-1.615,-26.5895
2023-04-30,3.5,94.9,115.9,110.77,94.8,120.02,291.1797,260.061,546.8749,496.8393,76.78,133.3333,-9.0125,5.0866,3.6881,-11.4846,7.8347,-16.4494,1.3575,-11.5287,-1.615,-26.5895
2023-05-01,3.5,97.9,115.99,111.13,95.3,120.22,268.1725,260.651,508.3451,459.0551,75.65,100.0,-5.0436,4.167,3.3767,-11.8409,7.4064,-22.2484,0.2755,-17.6266,-1.0524,-27.6699
2023-05-02,3.5,97.9,115.99,111.13,95.3,120.22,268.1725,260.651,508.3451,459.0551,71.71,100.0,-5.0436,4.167,3.3767,-11.8409,7.4064,-22.2484,0.2755,-17.6266,-1.0524,-31.8216
2023-05-03,3.5,97.9,115.99,111.13,95.3,120.22,268.1725,260.651,508.3451,459.0551,68.62,100.0,-5.0436,4.167,3.3767,-11.8409,7.4064,-22.2484,0.2755,-17.6266,-1.0524,-33.0732
2023-05-04,3.5,97.9,115.99,111.13,95.3,120.22,268.1725,260.651,508.3451,459.0551,68.52,100.0,-5.0436,4.167,3.3767,-11.8409,7.4064,-22.2484,0.2755,-17.6266,-1.0524,-36.4614
2023-05-05,3.5,97.9,115.99,111.13,95.3,120.22,268.1725,260.651,508.3451,459.0551,71.32,100.0,-5.0436,4.167,3.3767,-11.8409,7.4064,-22.2484,0.2755,-17.6266,-1.0524,-34.0667
2023-05-06,3.5,97.9,115.99,111.13,95.3,120.22,268.1725,260.651,508.3451,459.0551,71.32,100.0,-5.0436,4.167,3.3767,-11.8409,7.4064,-22.2484,0.2755,-17.6266,-1.0524,-34.9982
2023-05-07,3.5,97.9,115.99,111.13,95.3,120.22,268.1725,260.651,508.3451,459.0551,71.32,100.0,-5.0436,4.167,3.3767,-11.8409,7.4064,-22.2484,0.2755,-17.6266,-1.0524,-34.9982
2023-05-08,3.5,97.9,115.99,111.13,95.3,120.22,268.1725,260.651,508.3451,459.0551,73.13,100.0,-5.0436,4.167,3.3767,-11.8409,7.4064,-22.2484,0.2755,-17.6266,-1.0524,-33.3485
2023-05-09,3.5,97.9,115.99,111.13,95.3,120.22,268.1725,260.651,508.3451,459.0551,73.68,100.0,-5.0436,4.167,3.3767,-11.8409,7.4064,-22.2484,0.2755,-17.6266,-1.0524,-28.5215
2023-05-10,3.5,97.9,115.99,111.13,95.3,120.22,268.1725,260.651,508.3451,459.0551,72.53,100.0,-5.0436,4.167,3.3767,-11.8409,7.4064,-22.2484,0.2755,-17.6266,-1.0524,-27.2809
2023-05-11,3.5,97.9,115.99,111.13,95.3,120.22,268.1725,260.651,508.3451,459.0551,70.81,100.0,-5.0436,4.167,3.3767,-11.8409,7.4064,-22.2484,0.2755,-17.6266,-1.0524,-32.8815
2023-05-12,3.5,97.9,115.99,111.13,95.3,120.22,268.1725,260.651,508.3451,459.0551,70.02,100.0,-5.0436,4.167,3.3767,-11.8409,7.4064,-22.2484,0.2755,-17.6266,-1.0524,-34.0367
2023-05-13,3.5,97.9,115.99,111.13,95.3,120.22,268.1725,260.651,508.3451,459.0551,70.02,100.0,-5.0436,4.167,3.3767,-11.8409,7.4064,-22.2484,0.2755,-17.6266,-1.0524,-36.645
2023-05-14,3.5,97.9,115.99,111.13,95.3,120.22,268.1725,260.651,508.3451,459.0551,70.02,100.0,-5.0436,4.167,3.3767,-11.8409,7.4064,-22.2484,0.2755,-17.6266,-1.0524,-36.645
2023-05-15,3.5,97.9,115.99,111.13,95.3,120.22,268.1725,260.651,508.3451,459.0551,71.07,100.0,-5.0436,4.167,3.3767,-11.8409,7.4064,-22.2484,0.2755,-17.6266,-1.0524,-35.6949
2023-05-16,3.5,97.9,115.99,111.13,95.3,120.22,268.1725,260.651,508.3451,459.0551,70.85,100.0,-5.0436,4.167,3.3767,-11.8409,7.4064,-22.2484,0.2755,-17.6266,-1.0524,-37.889
2023-05-17,3.5,97.9,115.99,111.13,95.3,120.22,268.1725,260.651,508.3451,459.0551,72.78,100.0,-5.0436,4.167,3.3767,-11.8409,7.4064,-22.2484,0.2755,-17.6266,-1.0524,-35.1972
2023-05-18,3.5,97.9,115.99,111.13,95.3,120.22,268.1725,260.651,508.3451,459.0551,71.82,100.0,-5.0436,4.167,3.3767,-11.8409,7.4064,-22.2484,0.2755,-17.6266,-1.0524,-34.5126
2023-05-19,3.5,97.9,115.99,111.13,95.3,120.22,268.1725,260.651,508.3451,459.0551,71.57,100.0,-5.0436,4.167,3.3767,-11.8409,7.4064,-22.2484,0.2755,-17.6266,-1.0524,-36.2178
2023-05-20,3.5,97.9,115.99,111.13,95.3,120.22,268.1725,260.651,508.3451,459.0551,71.57,100.0,-5.0436,4.167,3.3767,-11.8409,7.4064,-22.2484,0.2755,-17.6266,-1.0524,-36.4557
2023-05-21,3.5,97.9,115.99,111.13,95.3,120.22,268.1725,260.651,508.3451,459.0551,71.57,100.0,-5.0436,4.167,3.3767,-11.8409,7.4064,-22.2484,0.2755,-17.6266,-1.0524,-36.4557
2023-05-22,3.5,97.9,115.99,111.13,95.3,120.22,268.1725,260.651,508.3451,459.0551,71.81,100.0,-5.0436,4.167,3.3767,-11.8409,7.4064,-22.2484,0.2755,-17.6266,-1.0524,-36.2426
2023-05-23,3.5,97.9,115.99,111.13,95.3,120.22,268.1725,260.651,508.3451,459.0551,72.87,100.0,-5.0436,4.167,3.3767,-11.8409,7.4064,-22.2484,0.2755,-17.6266,-1.0524,-33.9467
2023-05-24,3.5,97.9,115.99,111.13,95.3,120.22,268.1725,260.651,508.3451,459.0551,74.37,100.0,-5.0436,4.167,3.3767,-11.8409,7.4064,-22.2484,0.2755,-17.6266,-1.0524,-33.9227
2023-05-25,3.5,97.9,115.99,111.13,95.3,120.22,268.1725,260.651,508.3451,459.0551,71.68,100.0,-5.0436,4.167,3.3767,-11.8409,7.4064,-22.2484,0.2755,-17.6266,-1.0524,-36.4989
2023-05-26,3.5,97.9,115.99,111.13,95.3,120.22,268.1725,260.651,508.3451,459.0551,72.35,100.0,-5.0436,4.167,3.3767,-11.8409,7.4064,-22.2484,0.2755,-17.6266,-1.0524,-37.7313
2023-05-27,3.5,97.9,115.99,111.13,95.3,120.22,268.1725,260.651,508.3451,459.0551,72.35,100.0,-5.0436,4.167,3.3767,-11.8409,7.4064,-22.2484,0.2755,-17.6266,-1.0524,-37.0651
2023-05-28,3.5,97.9,115.99,111.13,95.3,120.22,268.1725,260.651,508.3451,459.0551,72.35,100.0,-5.0436,4.167,3.3767,-11.8409,7.4064,-22.2484,0.2755,-17.6266,-1.0524,-37.0651
2023-05-29,3.5,97.9,115.99,111.13,95.3,120.22,268.1725,260.651,508.3451,459.0551,72.35,100.0,-5.0436,4.167,3.3767,-11.8409,7.4064,-22.2484,0.2755,-17.6266,-1.0524,-37.0651
2023-05-30,3.5,97.9,115.99,111.13,95.3,120.22,268.1725,260.651,508.3451,459.0551,69.45,100.0,-5.0436,4.167,3.3767,-11.8409,7.4064,-22.2484,0.2755,-17.6266,-1.0524,-39.5877
2023-05-31,3.5,97.9,115.99,111.13,95.3,120.22,268.1725,260.651,508.3451,459.0551,68.11,100.0,-5.0436,4.167,3.3767,-11.8409,7.4064,-22.2484,0.2755,-17.6266,-1.0524,-40.4529
2023-06-01,3.5,100.7,116.3,111.16,96.7,120.31,266.9352,259.859,526.295,448.3601,70.09,100.0,4.2443,4.4736,2.7262,-6.8401,6.4219,-20.4881,-0.6989,-15.2774,-5.1634,-39.1897
2023-06-02,3.5,100.7,116.3,111.16,96.7,120.31,266.9352,259.859,526.295,448.3601,71.76,100.0,4.2443,4.4736,2.7262,-6.8401,6.4219,-20.4881,-0.6989,-15.2774,-5.1634,-38.6037
2023-06-03,3.5,100.7,116.3,111.16,96.7,120.31,266.9352,259.859,526.295,448.3601,71.76,100.0,4.2443,4.4736,2.7262,-6.8401,6.4219,-20.4881,-0.6989,-15.2774,-5.1634,-39.6823
2023-06-04,3.5,100.7,116.3,111.16,96.7,120.31,266.9352,259.859,526.295,448.3601,71.76,100.0,4.2443,4.4736,2.7262,-6.8401,6.4219,-20.4881,-0.6989,-15.2774,-5.1634,-39.6823
2023-06-05,3.5,100.7,116.3,111.16,96.7,120.31,266.9352,259.859,526.295,448.3601,72.14,100.0,4.2443,4.4736,2.7262,-6.8401,6.4219,-20.4881,-0.6989,-15.2774,-5.1634,-39.3629
2023-06-06,3.5,100.7,116.3,111.16,96.7,120.31,266.9352,259.859,526.295,448.3601,71.71,100.0,4.2443,4.4736,2.7262,-6.8401,6.4219,-20.4881,-0.6989,-15.2774,-5.1634,-39.4392
2023-06-07,3.5,100.7,116.3,111.16,96.7,120.31,266.9352,259.859,526.295,448.3601,72.52,100.0,4.2443,4.4736,2.7262,-6.8401,6.4219,-20.4881,-0.6989,-15.2774,-5.1634,-39.3392
2023-06-08,3.5,100.7,116.3,111.16,96.7,120.31,266.9352,259.859,526.295,448.3601,71.28,100.0,4.2443,4.4736,2.7262,-6.8401,6.4219,-20.4881,-0.6989,-15.2774,-5.1634,-41.545
2023-06-09,3.5,100.7,116.3,111.16,96.7,120.31,266.9352,259.859,526.295,448.3601,70.16,100.0,4.2443,4.4736,2.7262,-6.8401,6.4219,-20.4881,-0.6989,-15.2774,-5.1634,-42.2646
2023-06-10,3.5,100.7,116.3,111.16,96.7,120.31,266.9352,259.859,526.295,448.3601,70.16,100.0,4.2443,4.4736,2.7262,-6.8401,6.4219,-20.4881,-0.6989,-15.2774,-5.1634,-41.8869
2023-06-11,3.5,100.7,116.3,111.16,96.7,120.31,266.9352,259.859,526.295,448.3601,70.16,100.0,4.2443,4.4736,2.7262,-6.8401,6.4219,-20.4881,-0.6989,-15.2774,-5.1634,-41.8869
2023-06-12,3.5,100.7,116.3,111.16,96.7,120.31,266.9352,259.859,526.295,448.3601,67.08,100.0,4.2443,4.4736,2.7262,-6.8401,6.4219,-20.4881,-0.6989,-15.2774,-5.1634,-44.438
2023-06-13,3.5,100.7,116.3,111.16,96.7,120.31,266.9352,259.859,526.295,448.3601,69.39,100.0,4.2443,4.4736,2.7262,-6.8401,6.4219,-20.4881,-0.6989,-15.2774,-5.1634,-42.615
2023-06-14,3.5,100.7,116.3,111.16,96.7,120.31,266.9352,259.859,526.295,448.3601,68.22,100.0,4.2443,4.4736,2.7262,-6.8401,6.4219,-20.4881,-0.6989,-15.2774,-5.1634,-42.6337
2023-06-15,3.5,100.7,116.3,111.16,96.7,120.31,266.9352,259.859,526.295,448.3601,70.61,100.0,4.2443,4.4736,2.7262,-6.8401,6.4219,-20.4881,-0.6989,-15.2774,-5.1634,-38.7704
2023-06-16,3.5,100.7,116.3,111.16,96.7,120.31,266.9352,259.859,526.295,448.3601,71.81,100.0,4.2443,4.4736,2.7262,-6.8401,6.4219,-20.4881,-0.6989,-15.2774,-5.1634,-38.9163
2023-06-17,3.5,100.7,116.3,111.16,96.7,120.31,266.9352,259.859,526.295,448.3601,71.81,100.0,4.2443,4.4736,2.7262,-6.8401,6.4219,-20.4881,-0.6989,-15.2774,-5.1634,-34.456
2023-06-18,3.5,100.7,116.3,111.16,96.7,120.31,266.9352,259.859,526.295,448.3601,71.81,100.0,4.2443,4.4736,2.7262,-6.8401,6.4219,-20.4881,-0.6989,-15.2774,-5.1634,-34.456
2023-06-19,3.5,100.7,116.3,111.16,96.7,120.31,266.9352,259.859,526.295,448.3601,71.81,100.0,4.2443,4.4736,2.7262,-6.8401,6.4219,-20.4881,-0.6989,-15.2774,-5.1634,-34.456
2023-06-20,3.5,100.7,116.3,111.16,96.7,120.31,266.9352,259.859,526.295,448.3601,70.94,100.0,4.2443,4.4736,2.7262,-6.8401,6.4219,-20.4881,-0.6989,-15.2774,-5.1634,-35.2501
2023-06-21,3.5,100.7,116.3,111.16,96.7,120.31,266.9352,259.859,526.295,448.3601,72.55,100.0,4.2443,4.4736,2.7262,-6.8401,6.4219,-20.4881,-0.6989,-15.2774,-5.1634,-34.3379
2023-06-22,3.5,100.7,116.3,111.16,96.7,120.31,266.9352,259.859,526.295,448.3601,69.22,100.0,4.2443,4.4736,2.7262,-6.8401,6.4219,-20.4881,-0.6989,-15.2774,-5.1634,-34.8334
2023-06-23,3.5,100.7,116.3,111.16,96.7,120.31,266.9352,259.859,526.295,448.3601,68.91,100.0,4.2443,4.4736,2.7262,-6.8401,6.4219,-20.4881,-0.6989,-15.2774,-5.1634,-34.8369
2023-06-24,3.5,100.7,116.3,111.16,96.7,120.31,266.9352,259.859,526.295,448.3601,68.91,100.0,4.2443,4.4736,2.7262,-6.8401,6.4219,-20.4881,-0.6989,-15.2774,-5.1634,-36.8204
2023-06-25,3.5,100.7,116.3,111.16,96.7,120.31,266.9352,259.859,526.295,448.3601,68.91,100.0,4.2443,4.4736,2.7262,-6.8401,6.4219,-20.4881,-0.6989,-15.2774,-5.1634,-36.8204
2023-06-26,3.5,100.7,116.3,111.16,96.7,120.31,266.9352,259.859,526.295,448.3601,69.09,100.0,4.2443,4.4736,2.7262,-6.8401,6.4219,-20.4881,-0.6989,-15.2774,-5.1634,-36.6554
2023-06-27,3.5,100.7,116.3,111.16,96.7,120.31,266.9352,259.859,526.295,448.3601,67.68,100.0,4.2443,4.4736,2.7262,-6.8401,6.4219,-20.4881,-0.6989,-15.2774,-5.1634,-39.2678
2023-06-28,3.5,100.7,116.3,111.16,96.7,120.31,266.9352,259.859,526.295,448.3601,69.54,100.0,4.2443,4.4736,2.7262,-6.8401,6.4219,-20.4881,-0.6989,-15.2774,-5.1634,-38.8175
2023-06-29,3.5,100.7,116.3,111.16,96.7,120.31,266.9352,259.859,526.295,448.3601,69.85,100.0,4.2443,4.4736,2.7262,-6.8401,6.4219,-20.4881,-0.6989,-15.2774,-5.1634,-37.4384
2023-06-30,3.5,100.7,116.3,111.16,96.7,120.31,266.9352,259.859,526.295,448.3601,70.66,100.0,4.2443,4.4736,2.7262,-6.8401,6.4219,-20.4881,-0.6989,-15.2774,-5.1634,-34.4284
2023-07-01,3.5,103.4,117.3,111.29,95.2,121.06,235.2719,259.429,555.1142,479.6681,70.66,55.5556,20.6534,3.8145,2.3545,-3.7412,4.9593,-24.7568,-0.8511,-2.7824,-6.0861,-35.9383
2023-07-02,3.5,103.4,117.3,111.29,95.2,121.06,235.2719,259.429,555.1142,479.6681,70.66,55.5556,20.6534,3.8145,2.3545,-3.7412,4.9593,-24.7568,-0.8511,-2.7824,-6.0861,-35.9383
2023-07-03,3.5,103.4,117.3,111.29,95.2,121.06,235.2719,259.429,555.1142,479.6681,69.71,55.5556,20.6534,3.8145,2.3545,-3.7412,4.9593,-24.7568,-0.8511,-2.7824,-6.0861,-36.7996
2023-07-04,3.5,103.4,117.3,111.29,95.2,121.06,235.2719,259.429,555.1142,479.6681,69.71,55.5556,20.6534,3.8145,2.3545,-3.7412,4.9593,-24.7568,-0.8511,-2.7824,-6.0861,-36.7996
2023-07-05,3.5,103.4,117.3,111.29,95.2,121.06,235.2719,259.429,555.1142,479.6681,71.78,55.5556,20.6534,3.8145,2.3545,-3.7412,4.9593,-24.7568,-0.8511,-2.7824,-6.0861,-29.3156
2023-07-06,3.5,103.4,117.3,111.29,95.2,121.06,235.2719,259.429,555.1142,479.6681,71.76,55.5556,20.6534,3.8145,2.3545,-3.7412,4.9593,-24.7568,-0.8511,-2.7824,-6.0861,-28.4618
2023-07-07,3.5,103.4,117.3,111.29,95.2,121.06,235.2719,259.429,555.1142,479.6681,73.91,55.5556,20.6534,3.8145,2.3545,-3.7412,4.9593,-24.7568,-0.8511,-2.7824,-6.0861,-29.3539
2023-07-08,3.5,103.4,117.3,111.29,95.2,121.06,235.2719,259.429,555.1142,479.6681,73.91,55.5556,20.6534,3.8145,2.3545,-3.7412,4.9593,-24.7568,-0.8511,-2.7824,-6.0861,-30.7829
2023-07-09,3.5,103.4,117.3,111.29,95.2,121.06,235.2719,259.429,555.1142,479.6681,73.91,55.5556,20.6534,3.8145,2.3545,-3.7412,4.9593,-24.7568,-0.8511,-2.7824,-6.0861,-30.7829
2023-07-10,3.5,103.4,117.3,111.29,95.2,121.06,235.2719,259.429,555.1142,479.6681,73.05,55.5556,20.6534,3.8145,2.3545,-3.7412,4.9593,-24.7568,-0.8511,-2.7824,-6.0861,-31.5883
2023-07-11,3.5,103.4,117.3,111.29,95.2,121.06,235.2719,259.429,555.1142,479.6681,74.87,55.5556,20.6534,3.8145,2.3545,-3.7412,4.9593,-24.7568,-0.8511,-2.7824,-6.0861,-29.4278
2023-07-12,3.5,103.4,117.3,111.29,95.2,121.06,235.2719,259.429,555.1142,479.6681,75.77,55.5556,20.6534,3.8145,2.3545,-3.7412,4.9593,-24.7568,-0.8511,-2.7824,-6.0861,-22.4383
2023-07-13,3.5,103.4,117.3,111.29,95.2,121.06,235.2719,259.429,555.1142,479.6681,76.86,55.5556,20.6534,3.8145,2.3545,-3.7412,4.9593,-24.7568,-0.8511,-2.7824,-6.0861,-21.922
2023-07-14,3.5,103.4,117.3,111.29,95.2,121.06,235.2719,259.429,555.1142,479.6681,75.44,55.5556,20.6534,3.8145,2.3545,-3.7412,4.9593,-24.7568,-0.8511,-2.7824,-6.0861,-22.8551
2023-07-15,3.5,103.4,117.3,111.29,95.2,121.06,235.2719,259.429,555.1142,479.6681,75.44,55.5556,20.6534,3.8145,2.3545,-3.7412,4.9593,-24.7568,-0.8511,-2.7824,-6.0861,-24.2494
2023-07-16,3.5,103.4,117.3,111.29,95.2,121.06,235.2719,259.429,555.1142,479.6681,75.44,55.5556,20.6534,3.8145,2.3545,-3.7412,4.9593,-24.7568,-0.8511,-2.7824,-6.0861,-24.2494
2023-07-17,3.5,103.4,117.3,111.29,95.2,121.06,235.2719,259.429,555.1142,479.6681,74.17,55.5556,20.6534,3.8145,2.3545,-3.7412,4.9593,-24.7568,-0.8511,-2.7824,-6.0861,-25.5247
2023-07-18,3.5,103.4,117.3,111.29,95.2,121.06,235.2719,259.429,555.1142,479.6681,75.76,55.5556,20.6534,3.8145,2.3545,-3.7412,4.9593,-24.7568,-0.8511,-2.7824,-6.0861,-27.4885
2023-07-19,3.5,103.4,117.3,111.29,95.2,121.06,235.2719,259.429,555.1142,479.6681,75.4,55.5556,20.6534,3.8145,2.3545,-3.7412,4.9593,-24.7568,-0.8511,-2.7824,-6.0861,-28.9484
2023-07-20,3.5,103.4,117.3,111.29,95.2,121.06,235.2719,259.429,555.1142,479.6681,75.65,55.5556,20.6534,3.8145,2.3545,-3.7412,4.9593,-24.7568,-0.8511,-2.7824,-6.0861,-27.573
2023-07-21,3.5,103.4,117.3,111.29,95.2,121.06,235.2719,259.429,555.1142,479.6681,77.06,55.5556,20.6534,3.8145,2.3545,-3.7412,4.9593,-24.7568,-0.8511,-2.7824,-6.0861,-21.7188
2023-07-22,3.5,103.4,117.3,111.29,95.2,121.06,235.2719,259.429,555.1142,479.6681,77.06,55.5556,20.6534,3.8145,2.3545,-3.7412,4.9593,-24.7568,-0.8511,-2.7824,-6.0861,-21.134
2023-07-23,3.5,103.4,117.3,111.29,95.2,121.06,235.2719,259.429,555.1142,479.6681,77.06,55.5556,20.6534,3.8145,2.3545,-3.7412,4.9593,-24.7568,-0.8511,-2.7824,-6.0861,-21.134
2023-07-24,3.5,103.4,117.3,111.29,95.2,121.06,235.2719,259.429,555.1142,479.6681,78.81,55.5556,20.6534,3.8145,2.3545,-3.7412,4.9593,-24.7568,-0.8511,-2.7824,-6.0861,-19.343
2023-07-25,3.5,103.4,117.3,111.29,95.2,121.06,235.2719,259.429,555.1142,479.6681,79.76,55.5556,20.6534,3.8145,2.3545,-3.7412,4.9593,-24.7568,-0.8511,-2.7824,-6.0861,-20.1042
2023-07-26,3.5,103.4,117.3,111.29,95.2,121.06,235.2719,259.429,555.1142,479.6681,79.11,55.5556,20.6534,3.8145,2.3545,-3.7412,4.9593,-24.7568,-0.8511,-2.7824,-6.0861,-19.0608
2023-07-27,3.5,103.4,117.3,111.29,95.2,121.06,235.2719,259.429,555.1142,479.6681,80.17,55.5556,20.6534,3.8145,2.3545,-3.7412,4.9593,-24.7568,-0.8511,-2.7824,-6.0861,-19.854
2023-07-28,3.5,103.4,117.3,111.29,95.2,121.06,235.2719,259.429,555.1142,479.6681,80.55,55.5556,20.6534,3.8145,2.3545,-3.7412,4.9593,-24.7568,-0.8511,-2.7824,-6.0861,-18.7267
2023-07-29,3.5,103.4,117.3,111.29,95.2,121.06,235.2719,259.429,555.1142,479.6681,80.55,55.5556,20.6534,3.8145,2.3545,-3.7412,4.9593,-24.7568,-0.8511,-2.7824,-6.0861,-20.4916
2023-07-30,3.5,103.4,117.3,111.29,95.2,121.06,235.2719,259.429,555.1142,479.6681,80.55,55.5556,20.6534,3.8145,2.3545,-3.7412,4.9593,-24.7568,-0.8511,-2.7824,-6.0861,-20.4916
2023-07-31,3.5,103.4,117.3,111.29,95.2,121.06,235.2719,259.429,555.1142,479.6681,81.8,55.5556,20.6534,3.8145,2.3545,-3.7412,4.9593,-24.7568,-0.8511,-2.7824,-6.0861,-19.2577
2023-08-01,3.5,103.2,120.53,112.28,95.1,120.93,207.6759,260.617,510.1503,470.1981,81.37,40.0,16.6102,5.2112,3.36,-5.0898,4.4301,-29.3453,-0.6443,-11.5588,-10.7971,-15.7573
2023-08-02,3.5,103.2,120.53,112.28,95.1,120.93,207.6759,260.617,510.1503,470.1981,79.5,40.0,16.6102,5.2112,3.36,-5.0898,4.4301,-29.3453,-0.6443,-11.5588,-10.7971,-18.1594
2023-08-03,3.5,103.2,120.53,112.28,95.1,120.93,207.6759,260.617,510.1503,470.1981,81.56,40.0,16.6102,5.2112,3.36,-5.0898,4.4301,-29.3453,-0.6443,-11.5588,-10.7971,-12.5362
2023-08-04,3.5,103.2,120.53,112.28,95.1,120.93,207.6759,260.617,510.1503,470.1981,82.76,40.0,16.6102,5.2112,3.36,-5.0898,4.4301,-29.3453,-0.6443,-11.5588,-10.7971,-9.3438
2023-08-05,3.5,103.2,120.53,112.28,95.1,120.93,207.6759,260.617,510.1503,470.1981,82.76,40.0,16.6102,5.2112,3.36,-5.0898,4.4301,-29.3453,-0.6443,-11.5588,-10.7971,-9.818
2023-08-06,3.5,103.2,120.53,112.28,95.1,120.93,207.6759,260.617,510.1503,470.1981,82.76,40.0,16.6102,5.2112,3.36,-5.0898,4.4301,-29.3453,-0.6443,-11.5588,-10.7971,-9.818
2023-08-07,3.5,103.2,120.53,112.28,95.1,120.93,207.6759,260.617,510.1503,470.1981,81.94,40.0,16.6102,5.2112,3.36,-5.0898,4.4301,-29.3453,-0.6443,-11.5588,-10.7971,-10.7116
2023-08-08,3.5,103.2,120.53,112.28,95.1,120.93,207.6759,260.617,510.1503,470.1981,82.94,40.0,16.6102,5.2112,3.36,-5.0898,4.4301,-29.3453,-0.6443,-11.5588,-10.7971,-11.3131
2023-08-09,3.5,103.2,120.53,112.28,95.1,120.93,207.6759,260.617,510.1503,470.1981,84.35,40.0,16.6102,5.2112,3.36,-5.0898,4.4301,-29.3453,-0.6443,-11.5588,-10.7971,-9.4763
2023-08-10,3.5,103.2,120.53,112.28,95.1,120.93,207.6759,260.617,510.1503,470.1981,82.81,40.0,16.6102,5.2112,3.36,-5.0898,4.4301,-29.3453,-0.6443,-11.5588,-10.7971,-12.537
2023-08-11,3.5,103.2,120.53,112.28,95.1,120.93,207.6759,260.617,510.1503,470.1981,83.17,40.0,16.6102,5.2112,3.36,-5.0898,4.4301,-29.3453,-0.6443,-11.5588,-10.7971,-14.2754
2023-08-12,3.5,103.2,120.53,112.28,95.1,120.93,207.6759,260.617,510.1503,470.1981,83.17,40.0,16.6102,5.2112,3.36,-5.0898,4.4301,-29.3453,-0.6443,-11.5588,-10.7971,-12.3234
2023-08-13,3.5,103.2,120.53,112.28,95.1,120.93,207.6759,260.617,510.1503,470.1981,83.17,40.0,16.6102,5.2112,3.36,-5.0898,4.4301,-29.3453,-0.6443,-11.5588,-10.7971,-12.3234
2023-08-14,3.5,103.2,120.53,112.28,95.1,120.93,207.6759,260.617,510.1503,470.1981,82.5,40.0,16.6102,5.2112,3.36,-5.0898,4.4301,-29.3453,-0.6443,-11.5588,-10.7971,-13.0297
2023-08-15,3.5,103.2,120.53,112.28,95.1,120.93,207.6759,260.617,510.1503,470.1981,81.06,40.0,16.6102,5.2112,3.36,-5.0898,4.4301,-29.3453,-0.6443,-11.5588,-10.7971,-12.1206
2023-08-16,3.5,103.2,120.53,112.28,95.1,120.93,207.6759,260.617,510.1503,470.1981,79.4,40.0,16.6102,5.2112,3.36,-5.0898,4.4301,-29.3453,-0.6443,-11.5588,-10.7971,-11.0165
2023-08-17,3.5,103.2,120.53,112.28,95.1,120.93,207.6759,260.617,510.1503,470.1981,80.43,40.0,16.6102,5.2112,3.36,-5.0898,4.4301,-29.3453,-0.6443,-11.5588,-10.7971,-11.4695
2023-08-18,3.5,103.2,120.53,112.28,95.1,120.93,207.6759,260.617,510.1503,470.1981,81.25,40.0,16.6102,5.2112,3.36,-5.0898,4.4301,-29.3453,-0.6443,-11.5588,-10.7971,-12.8219
2023-08-19,3.5,103.2,120.53,112.28,95.1,120.93,207.6759,260.617,510.1503,470.1981,81.25,40.0,16.6102,5.2112,3.36,-5.0898,4.4301,-29.3453,-0.6443,-11.5588,-10.7971,-13.148
2023-08-20,3.5,103.2,120.53,112.28,95.1,120.93,207.6759,260.617,510.1503,470.1981,81.25,40.0,16.6102,5.2112,3.36,-5.0898,4.4301,-29.3453,-0.6443,-11.5588,-10.7971,-13.148
2023-08-21,3.5,103.2,120.53,112.28,95.1,120.93,207.6759,260.617,510.1503,470.1981,80.71,40.0,16.6102,5.2112,3.36,-5.0898,4.4301,-29.3453,-0.6443,-11.5588,-10.7971,-13.7253
2023-08-22,3.5,103.2,120.53,112.28,95.1,120.93,207.6759,260.617,510.1503,470.1981,80.25,40.0,16.6102,5.2112,3.36,-5.0898,4.4301,-29.3453,-0.6443,-11.5588,-10.7971,-14.0976
2023-08-23,3.5,103.2,120.53,112.28,95.1,120.93,207.6759,260.617,510.1503,470.1981,78.91,40.0,16.6102,5.2112,3.36,-5.0898,4.4301,-29.3453,-0.6443,-11.5588,-10.7971,-18.1941
2023-08-24,3.5,103.2,120.53,112.28,95.1,120.93,207.6759,260.617,510.1503,470.1981,79.52,40.0,16.6102,5.2112,3.36,-5.0898,4.4301,-29.3453,-0.6443,-11.5588,-10.7971,-16.7504
2023-08-25,3.5,103.2,120.53,112.28,95.1,120.93,207.6759,260.617,510.1503,470.1981,80.47,40.0,16.6102,5.2112,3.36,-5.0898,4.4301,-29.3453,-0.6443,-11.5588,-10.7971,-13.7791
2023-08-26,3.5,103.2,120.53,112.28,95.1,120.93,207.6759,260.617,510.1503,470.1981,80.47,40.0,16.6102,5.2112,3.36,-5.0898,4.4301,-29.3453,-0.6443,-11.5588,-10.7971,-14.0553
2023-08-27,3.5,103.2,120.53,112.28,95.1,120.93,207.6759,260.617,510.1503,470.1981,80.47,40.0,16.6102,5.2112,3.36,-5.0898,4.4301,-29.3453,-0.6443,-11.5588,-10.7971,-14.0553
2023-08-28,3.5,103.2,120.53,112.28,95.1,120.93,207.6759,260.617,510.1503,470.1981,80.65,40.0,16.6102,5.2112,3.36,-5.0898,4.4301,-29.3453,-0.6443,-11.5588,-10.7971,-13.8631
2023-08-29,3.5,103.2,120.53,112.28,95.1,120.93,207.6759,260.617,510.1503,470.1981,81.14,40.0,16.6102,5.2112,3.36,-5.0898,4.4301,-29.3453,-0.6443,-11.5588,-10.7971,-16.694
2023-08-30,3.5,103.2,120.53,112.28,95.1,120.93,207.6759,260.617,510.1503,470.1981,81.64,40.0,16.6102,5.2112,3.36,-5.0898,4.4301,-29.3453,-0.6443,-11.5588,-10.7971,-11.338
2023-08-31,3.5,103.2,120.53,112.28,95.1,120.93,207.6759,260.617,510.1503,470.1981,83.55,40.0,16.6102,5.2112,3.36,-5.0898,4.4301,-29.3453,-0.6443,-11.5588,-10.7971,-7.2594
2023-09-01,3.5,99.7,122.46,112.85,93.7,120.72,223.8477,261.778,487.1515,439.439,85.52,40.0,9.2004,5.5144,3.7034,-5.3535,3.4447,-28.3793,-0.1049,-9.3759,-9.2209,-1.8027
2023-09-02,3.5,99.7,122.46,112.85,93.7,120.72,223.8477,261.778,487.1515,439.439,85.52,40.0,9.2004,5.5144,3.7034,-5.3535,3.4447,-28.3793,-0.1049,-9.3759,-9.2209,-2.0277
2023-09-03,3.5,99.7,122.46,112.85,93.7,120.72,223.8477,261.778,487.1515,439.439,85.52,40.0,9.2004,5.5144,3.7034,-5.3535,3.4447,-28.3793,-0.1049,-9.3759,-9.2209,-2.0277
2023-09-04,3.5,99.7,122.46,112.85,93.7,120.72,223.8477,261.778,487.1515,439.439,85.52,40.0,9.2004,5.5144,3.7034,-5.3535,3.4447,-28.3793,-0.1049,-9.3759,-9.2209,-2.0277
2023-09-05,3.5,99.7,122.46,112.85,93.7,120.72,223.8477,261.778,487.1515,439.439,86.74,40.0,9.2004,5.5144,3.7034,-5.3535,3.4447,-28.3793,-0.1049,-9.3759,-9.2209,-0.6301
2023-09-06,3.5,99.7,122.46,112.85,93.7,120.72,223.8477,261.778,487.1515,439.439,87.55,40.0,9.2004,5.5144,3.7034,-5.3535,3.4447,-28.3793,-0.1049,-9.3759,-9.2209,0.229
2023-09-07,3.5,99.7,122.46,112.85,93.7,120.72,223.8477,261.778,487.1515,439.439,86.87,40.0,9.2004,5.5144,3.7034,-5.3535,3.4447,-28.3793,-0.1049,-9.3759,-9.2209,5.297
2023-09-08,3.5,99.7,122.46,112.85,93.7,120.72,223.8477,261.778,487.1515,439.439,87.51,40.0,9.2004,5.5144,3.7034,-5.3535,3.4447,-28.3793,-0.1049,-9.3759,-9.2209,4.129
2023-09-09,3.5,99.7,122.46,112.85,93.7,120.72,223.8477,261.778,487.1515,439.439,87.51,40.0,9.2004,5.5144,3.7034,-5.3535,3.4447,-28.3793,-0.1049,-9.3759,-9.2209,0.275
2023-09-10,3.5,99.7,122.46,112.85,93.7,120.72,223.8477,261.778,487.1515,439.439,87.51,40.0,9.2004,5.5144,3.7034,-5.3535,3.4447,-28.3793,-0.1049,-9.3759,-9.2209,0.275
2023-09-11,3.5,99.7,122.46,112.85,93.7,120.72,223.8477,261.778,487.1515,439.439,87.3,40.0,9.2004,5.5144,3.7034,-5.3535,3.4447,-28.3793,-0.1049,-9.3759,-9.2209,0.0344
2023-09-12,3.5,99.7,122.46,112.85,93.7,120.72,223.8477,261.778,487.1515,439.439,88.87,40.0,9.2004,5.5144,3.7034,-5.3535,3.4447,-28.3793,-0.1049,-9.3759,-9.2209,0.7825
2023-09-13,3.5,99.7,122.46,112.85,93.7,120.72,223.8477,261.778,487.1515,439.439,88.59,40.0,9.2004,5.5144,3.7034,-5.3535,3.4447,-28.3793,-0.1049,-9.3759,-9.2209,0.8538
2023-09-14,3.5,99.7,122.46,112.85,93.7,120.72,223.8477,261.778,487.1515,439.439,90.13,40.0,9.2004,5.5144,3.7034,-5.3535,3.4447,-28.3793,-0.1049,-9.3759,-9.2209,1.4064
2023-09-15,3.5,99.7,122.46,112.85,93.7,120.72,223.8477,261.778,487.1515,439.439,90.83,40.0,9.2004,5.5144,3.7034,-5.3535,3.4447,-28.3793,-0.1049,-9.3759,-9.2209,5.9613
2023-09-16,3.5,99.7,122.46,112.85,93.7,120.72,223.8477,261.778,487.1515,439.439,90.83,40.0,9.2004,5.5144,3.7034,-5.3535,3.4447,-28.3793,-0.1049,-9.3759,-9.2209,6.147
2023-09-17,3.5,99.7,122.46,112.85,93.7,120.72,223.8477,261.778,487.1515,439.439,90.83,40.0,9.2004,5.5144,3.7034,-5.3535,3.4447,-28.3793,-0.1049,-9.3759,-9.2209,6.147
2023-09-18,3.5,99.7,122.46,112.85,93.7,120.72,223.8477,261.778,487.1515,439.439,91.47,40.0,9.2004,5.5144,3.7034,-5.3535,3.4447,-28.3793,-0.1049,-9.3759,-9.2209,6.8949
2023-09-19,3.5,99.7,122.46,112.85,93.7,120.72,223.8477,261.778,487.1515,439.439,91.16,40.0,9.2004,5.5144,3.7034,-5.3535,3.4447,-28.3793,-0.1049,-9.3759,-9.2209,5.8154
2023-09-20,3.5,99.7,122.46,112.85,93.7,120.72,223.8477,261.778,487.1515,439.439,89.2,40.0,9.2004,5.5144,3.7034,-5.3535,3.4447,-28.3793,-0.1049,-9.3759,-9.2209,5.3253
2023-09-21,3.5,99.7,122.46,112.85,93.7,120.72,223.8477,261.778,487.1515,439.439,89.56,40.0,9.2004,5.5144,3.7034,-5.3535,3.4447,-28.3793,-0.1049,-9.3759,-9.2209,7.4118
2023-09-22,3.5,99.7,122.46,112.85,93.7,120.72,223.8477,261.778,487.1515,439.439,90.0,40.0,9.2004,5.5144,3.7034,-5.3535,3.4447,-28.3793,-0.1049,-9.3759,-9.2209,7.1174
2023-09-23,3.5,99.7,122.46,112.85,93.7,120.72,223.8477,261.778,487.1515,439.439,90.0,40.0,9.2004,5.5144,3.7034,-5.3535,3.4447,-28.3793,-0.1049,-9.3759,-9.2209,13.8232
2023-09-24,3.5,99.7,122.46,112.85,93.7,120.72,223.8477,261.778,487.1515,439.439,90.0,40.0,9.2004,5.5144,3.7034,-5.3535,3.4447,-28.3793,-0.1049,-9.3759,-9.2209,13.8232
2023-09-25,3.5,99.7,122.46,112.85,93.7,120.72,223.8477,261.778,487.1515,439.439,89.68,40.0,9.2004,5.5144,3.7034,-5.3535,3.4447,-28.3793,-0.1049,-9.3759,-9.2209,13.4185
2023-09-26,3.5,99.7,122.46,112.85,93.7,120.72,223.8477,261.778,487.1515,439.439,91.43,40.0,9.2004,5.5144,3.7034,-5.3535,3.4447,-28.3793,-0.1049,-9.3759,-9.2209,18.4787
2023-09-27,3.5,99.7,122.46,112.85,93.7,120.72,223.8477,261.778,487.1515,439.439,93.67,40.0,9.2004,5.5144,3.7034,-5.3535,3.4447,-28.3793,-0.1049,-9.3759,-9.2209,18.7049
2023-09-28,3.5,99.7,122.46,112.85,93.7,120.72,223.8477,261.778,487.1515,439.439,91.65,40.0,9.2004,5.5144,3.7034,-5.3535,3.4447,-28.3793,-0.1049,-9.3759,-9.2209,10.943
2023-09-29,3.5,99.7,122.46,112.85,93.7,120.72,223.8477,261.778,487.1515,439.439,90.77,40.0,9.2004,5.5144,3.7034,-5.3535,3.4447,-28.3793,-0.1049,-9.3759,-9.2209,10.9929
2023-09-30,3.5,99.7,122.46,112.85,93.7,120.72,223.8477,261.778,487.1515,439.439,90.77,40.0,9.2004,5.5144,3.7034,-5.3535,3.4447,-28.3793,-0.1049,-9.3759,-9.2209,13.5903
2023-10-01,3.5,98.0,122.85,113.27,92.8,120.91,221.9025,261.355,471.9311,440.7792,90.77,16.6667,10.6095,7.0868,3.7651,-3.4339,2.5095,-35.4096,0.3987,-7.0168,-2.8199,13.5903
2023-10-02,3.5,98.0,122.85,113.27,92.8,120.91,221.9025,261.355,471.9311,440.7792,88.81,16.6667,10.6095,7.0868,3.7651,-3.4339,2.5095,-35.4096,0.3987,-7.0168,-2.8199,11.1375
2023-10-03,3.5,98.0,122.85,113.27,92.8,120.91,221.9025,261.355,471.9311,440.7792,89.26,16.6667,10.6095,7.0868,3.7651,-3.4339,2.5095,-35.4096,0.3987,-7.0168,-2.8199,6.1987
2023-10-04,3.5,98.0,122.85,113.27,92.8,120.91,221.9025,261.355,471.9311,440.7792,84.32,16.6667,10.6095,7.0868,3.7651,-3.4339,2.5095,-35.4096,0.3987,-7.0168,-2.8199,-2.9354
2023-10-05,3.5,98.0,122.85,113.27,92.8,120.91,221.9025,261.355,471.9311,440.7792,82.3,16.6667,10.6095,7.0868,3.7651,-3.4339,2.5095,-35.4096,0.3987,-7.0168,-2.8199,-6.7105
2023-10-06,3.5,98.0,122.85,113.27,92.8,120.91,221.9025,261.355,471.9311,440.7792,82.83,16.6667,10.6095,7.0868,3.7651,-3.4339,2.5095,-35.4096,0.3987,-7.0168,-2.8199,-6.8279
2023-10-07,3.5,98.0,122.85,113.27,92.8,120.91,221.9025,261.355,471.9311,440.7792,82.83,16.6667,10.6095,7.0868,3.7651,-3.4339,2.5095,-35.4096,0.3987,-7.0168,-2.8199,-11.0025
2023-10-08,3.5,98.0,122.85,113.27,92.8,120.91,221.9025,261.355,471.9311,440.7792,82.83,16.6667,10.6095,7.0868,3.7651,-3.4339,2.5095,-35.4096,0.3987,-7.0168,-2.8199,-11.0025
2023-10-09,3.5,98.0,122.85,113.27,92.8,120.91,221.9025,261.355,471.9311,440.7792,82.83,16.6667,10.6095,7.0868,3.7651,-3.4339,2.5095,-35.4096,0.3987,-7.0168,-2.8199,-11.0025
2023-10-10,3.5,98.0,122.85,113.27,92.8,120.91,221.9025,261.355,471.9311,440.7792,85.89,16.6667,10.6095,7.0868,3.7651,-3.4339,2.5095,-35.4096,0.3987,-7.0168,-2.8199,-6.2336
2023-10-11,3.5,98.0,122.85,113.27,92.8,120.91,221.9025,261.355,471.9311,440.7792,83.7,16.6667,10.6095,7.0868,3.7651,-3.4339,2.5095,-35.4096,0.3987,-7.0168,-2.8199,-6.7409
2023-10-12,3.5,98.0,122.85,113.27,92.8,120.91,221.9025,261.355,471.9311,440.7792,82.87,16.6667,10.6095,7.0868,3.7651,-3.4339,2.5095,-35.4096,0.3987,-7.0168,-2.8199,-5.6473
2023-10-13,3.5,98.0,122.85,113.27,92.8,120.91,221.9025,261.355,471.9311,440.7792,87.67,16.6667,10.6095,7.0868,3.7651,-3.4339,2.5095,-35.4096,0.3987,-7.0168,-2.8199,-2.1431
2023-10-14,3.5,98.0,122.85,113.27,92.8,120.91,221.9025,261.355,471.9311,440.7792,87.67,16.6667,10.6095,7.0868,3.7651,-3.4339,2.5095,-35.4096,0.3987,-7.0168,-2.8199,1.8235
2023-10-15,3.5,98.0,122.85,113.27,92.8,120.91,221.9025,261.355,471.9311,440.7792,87.67,16.6667,10.6095,7.0868,3.7651,-3.4339,2.5095,-35.4096,0.3987,-7.0168,-2.8199,1.8235
2023-10-16,3.5,98.0,122.85,113.27,92.8,120.91,221.9025,261.355,471.9311,440.7792,86.65,16.6667,10.6095,7.0868,3.7651,-3.4339,2.5095,-35.4096,0.3987,-7.0168,-2.8199,0.6388
2023-10-17,3.5,98.0,122.85,113.27,92.8,120.91,221.9025,261.355,471.9311,440.7792,86.66,16.6667,10.6095,7.0868,3.7651,-3.4339,2.5095,-35.4096,0.3987,-7.0168,-2.8199,0.7674
2023-10-18,3.5,98.0,122.85,113.27,92.8,120.91,221.9025,261.355,471.9311,440.7792,88.35,16.6667,10.6095,7.0868,3.7651,-3.4339,2.5095,-35.4096,0.3987,-7.0168,-2.8199,6.0752
2023-10-19,3.5,98.0,122.85,113.27,92.8,120.91,221.9025,261.355,471.9311,440.7792,89.35,16.6667,10.6095,7.0868,3.7651,-3.4339,2.5095,-35.4096,0.3987,-7.0168,-2.8199,3.8953
2023-10-20,3.5,98.0,122.85,113.27,92.8,120.91,221.9025,261.355,471.9311,440.7792,89.12,16.6667,10.6095,7.0868,3.7651,-3.4339,2.5095,-35.4096,0.3987,-7.0168,-2.8199,3.6038
2023-10-21,3.5,98.0,122.85,113.27,92.8,120.91,221.9025,261.355,471.9311,440.7792,89.12,16.6667,10.6095,7.0868,3.7651,-3.4339,2.5095,-35.4096,0.3987,-7.0168,-2.8199,4.2705
2023-10-22,3.5,98.0,122.85,113.27,92.8,120.91,221.9025,261.355,471.9311,440.7792,89.12,16.6667,10.6095,7.0868,3.7651,-3.4339,2.5095,-35.4096,0.3987,-7.0168,-2.8199,4.2705
2023-10-23,3.5,98.0,122.85,113.27,92.8,120.91,221.9025,261.355,471.9311,440.7792,85.49,16.6667,10.6095,7.0868,3.7651,-3.4339,2.5095,-35.4096,0.3987,-7.0168,-2.8199,0.0234
2023-10-24,3.5,98.0,122.85,113.27,92.8,120.91,221.9025,261.355,471.9311,440.7792,84.58,16.6667,10.6095,7.0868,3.7651,-3.4339,2.5095,-35.4096,0.3987,-7.0168,-2.8199,-1.7882
2023-10-25,3.5,98.0,122.85,113.27,92.8,120.91,221.9025,261.355,471.9311,440.7792,86.07,16.6667,10.6095,7.0868,3.7651,-3.4339,2.5095,-35.4096,0.3987,-7.0168,-2.8199,-0.9893
2023-10-26,3.5,98.0,122.85,113.27,92.8,120.91,221.9025,261.355,471.9311,440.7792,83.8,16.6667,10.6095,7.0868,3.7651,-3.4339,2.5095,-35.4096,0.3987,-7.0168,-2.8199,-6.2535
2023-10-27,3.5,98.0,122.85,113.27,92.8,120.91,221.9025,261.355,471.9311,440.7792,86.04,16.6667,10.6095,7.0868,3.7651,-3.4339,2.5095,-35.4096,0.3987,-7.0168,-2.8199,-3.391
2023-10-28,3.5,98.0,122.85,113.27,92.8,120.91,221.9025,261.355,471.9311,440.7792,86.04,16.6667,10.6095,7.0868,3.7651,-3.4339,2.5095,-35.4096,0.3987,-7.0168,-2.8199,-2.0603
2023-10-29,3.5,98.0,122.85,113.27,92.8,120.91,221.9025,261.355,471.9311,440.7792,86.04,16.6667,10.6095,7.0868,3.7651,-3.4339,2.5095,-35.4096,0.3987,-7.0168,-2.8199,-2.0603
2023-10-30,3.5,98.0,122.85,113.27,92.8,120.91,221.9025,261.355,471.9311,440.7792,83.03,16.6667,10.6095,7.0868,3.7651,-3.4339,2.5095,-35.4096,0.3987,-7.0168,-2.8199,-5.4866
2023-10-31,3.5,98.0,122.85,113.27,92.8,120.91,221.9025,261.355,471.9311,440.7792,81.64,16.6667,10.6095,7.0868,3.7651,-3.4339,2.5095,-35.4096,0.3987,-7.0168,-2.8199,-5.6621
2023-11-01,3.5,97.1,119.8,112.68,92.2,121.14,209.0403,259.459,494.3489,498.7107,81.05,7.6923,12.645,6.5268,3.3098,0.0,2.548,-34.8641,-1.0299,-6.6823,9.642,-8.273
2023-11-02,3.5,97.1,119.8,112.68,92.2,121.14,209.0403,259.459,494.3489,498.7107,83.04,7.6923,12.645,6.5268,3.3098,0.0,2.548,-34.8641,-1.0299,-6.6823,9.642,-7.7948
2023-11-03,3.5,97.1,119.8,112.68,92.2,121.14,209.0403,259.459,494.3489,498.7107,81.19,7.6923,12.645,6.5268,3.3098,0.0,2.548,-34.8641,-1.0299,-6.6823,9.642,-7.8852
2023-11-04,3.5,97.1,119.8,112.68,92.2,121.14,209.0403,259.459,494.3489,498.7107,81.19,7.6923,12.645,6.5268,3.3098,0.0,2.548,-34.8641,-1.0299,-6.6823,9.642,-12.3029
2023-11-05,3.5,97.1,119.8,112.68,92.2,121.14,209.0403,259.459,494.3489,498.7107,81.19,7.6923,12.645,6.5268,3.3098,0.0,2.548,-34.8641,-1.0299,-6.6823,9.642,-12.3029
2023-11-06,3.5,97.1,119.8,112.68,92.2,121.14,209.0403,259.459,494.3489,498.7107,81.54,7.6923,12.645,6.5268,3.3098,0.0,2.548,-34.8641,-1.0299,-6.6823,9.642,-11.9248
2023-11-07,3.5,97.1,119.8,112.68,92.2,121.14,209.0403,259.459,494.3489,498.7107,77.96,7.6923,12.645,6.5268,3.3098,0.0,2.548,-34.8641,-1.0299,-6.6823,9.642,-15.0763
2023-11-08,3.5,97.1,119.8,112.68,92.2,121.14,209.0403,259.459,494.3489,498.7107,75.85,7.6923,12.645,6.5268,3.3098,0.0,2.548,-34.8641,-1.0299,-6.6823,9.642,-14.5833
2023-11-09,3.5,97.1,119.8,112.68,92.2,121.14,209.0403,259.459,494.3489,498.7107,76.34,7.6923,12.645,6.5268,3.3098,0.0,2.548,-34.8641,-1.0299,-6.6823,9.642,-11.0153
2023-11-10,3.5,97.1,119.8,112.68,92.2,121.14,209.0403,259.459,494.3489,498.7107,76.34,7.6923,12.645,6.5268,3.3098,0.0,2.548,-34.8641,-1.0299,-6.6823,9.642,-11.7661
2023-11-11,3.5,97.1,119.8,112.68,92.2,121.14,209.0403,259.459,494.3489,498.7107,76.34,7.6923,12.645,6.5268,3.3098,0.0,2.548,-34.8641,-1.0299,-6.6823,9.642,-14.3594
2023-11-12,3.5,97.1,119.8,112.68,92.2,121.14,209.0403,259.459,494.3489,498.7107,76.34,7.6923,12.645,6.5268,3.3098,0.0,2.548,-34.8641,-1.0299,-6.6823,9.642,-14.3594
2023-11-13,3.5,97.1,119.8,112.68,92.2,121.14,209.0403,259.459,494.3489,498.7107,78.86,7.6923,12.645,6.5268,3.3098,0.0,2.548,-34.8641,-1.0299,-6.6823,9.642,-11.5324
2023-11-14,3.5,97.1,119.8,112.68,92.2,121.14,209.0403,259.459,494.3489,498.7107,78.9,7.6923,12.645,6.5268,3.3098,0.0,2.548,-34.8641,-1.0299,-6.6823,9.642,-8.0955
2023-11-15,3.5,97.1,119.8,112.68,92.2,121.14,209.0403,259.459,494.3489,498.7107,77.15,7.6923,12.645,6.5268,3.3098,0.0,2.548,-34.8641,-1.0299,-6.6823,9.642,-11.1891
2023-11-16,3.5,97.1,119.8,112.68,92.2,121.14,209.0403,259.459,494.3489,498.7107,73.5,7.6923,12.645,6.5268,3.3098,0.0,2.548,-34.8641,-1.0299,-6.6823,9.642,-14.1556
2023-11-17,3.5,97.1,119.8,112.68,92.2,121.14,209.0403,259.459,494.3489,498.7107,76.47,7.6923,12.645,6.5268,3.3098,0.0,2.548,-34.8641,-1.0299,-6.6823,9.642,-6.39
2023-11-18,3.5,97.1,119.8,112.68,92.2,121.14,209.0403,259.459,494.3489,498.7107,76.47,7.6923,12.645,6.5268,3.3098,0.0,2.548,-34.8641,-1.0299,-6.6823,9.642,-4.4961
2023-11-19,3.5,97.1,119.8,112.68,92.2,121.14,209.0403,259.459,494.3489,498.7107,76.47,7.6923,12.645,6.5268,3.3098,0.0,2.548,-34.8641,-1.0299,-6.6823,9.642,-4.4961
2023-11-20,3.5,97.1,119.8,112.68,92.2,121.14,209.0403,259.459,494.3489,498.7107,78.1,7.6923,12.645,6.5268,3.3098,0.0,2.548,-34.8641,-1.0299,-6.6823,9.642,-2.4603
2023-11-21,3.5,97.1,119.8,112.68,92.2,121.14,209.0403,259.459,494.3489,498.7107,78.35,7.6923,12.645,6.5268,3.3098,0.0,2.548,-34.8641,-1.0299,-6.6823,9.642,-1.7432
2023-11-22,3.5,97.1,119.8,112.68,92.2,121.14,209.0403,259.459,494.3489,498.7107,76.8,7.6923,12.645,6.5268,3.3098,0.0,2.548,-34.8641,-1.0299,-6.6823,9.642,-4.9858
2023-11-23,3.5,97.1,119.8,112.68,92.2,121.14,209.0403,259.459,494.3489,498.7107,76.8,7.6923,12.645,6.5268,3.3098,0.0,2.548,-34.8641,-1.0299,-6.6823,9.642,-1.45
2023-11-24,3.5,97.1,119.8,112.68,92.2,121.14,209.0403,259.459,494.3489,498.7107,74.83,7.6923,12.645,6.5268,3.3098,0.0,2.548,-34.8641,-1.0299,-6.6823,9.642,-3.9779
2023-11-25,3.5,97.1,119.8,112.68,92.2,121.14,209.0403,259.459,494.3489,498.7107,74.83,7.6923,12.645,6.5268,3.3098,0.0,2.548,-34.8641,-1.0299,-6.6823,9.642,-2.119
2023-11-26,3.5,97.1,119.8,112.68,92.2,121.14,209.0403,259.459,494.3489,498.7107,74.83,7.6923,12.645,6.5268,3.3098,0.0,2.548,-34.8641,-1.0299,-6.6823,9.642,-2.119
2023-11-27,3.5,97.1,119.8,112.68,92.2,121.14,209.0403,259.459,494.3489,498.7107,74.46,7.6923,12.645,6.5268,3.3098,0.0,2.548,-34.8641,-1.0299,-6.6823,9.642,-2.603
2023-11-28,3.5,97.1,119.8,112.68,92.2,121.14,209.0403,259.459,494.3489,498.7107,76.09,7.6923,12.645,6.5268,3.3098,0.0,2.548,-34.8641,-1.0299,-6.6823,9.642,-1.31
2023-11-29,3.5,97.1,119.8,112.68,92.2,121.14,209.0403,259.459,494.3489,498.7107,77.56,7.6923,12.645,6.5268,3.3098,0.0,2.548,-34.8641,-1.0299,-6.6823,9.642,-0.5131
2023-11-30,3.5,97.1,119.8,112.68,92.2,121.14,209.0403,259.459,494.3489,498.7107,75.66,7.6923,12.645,6.5268,3.3098,0.0,2.548,-34.8641,-1.0299,-6.6823,9.642,-5.9891
2023-12-01,3.5,99.5,120.56,112.73,92.0,121.21,207.398,259.991,481.4868,454.2415,73.7,7.6923,10.9253,6.1922,3.1759,-0.5405,2.2524,-31.3787,-0.0557,-11.1372,-9.1896,-9.0797
2023-12-02,3.5,99.5,120.56,112.73,92.0,121.21,207.398,259.991,481.4868,454.2415,73.7,7.6923,10.9253,6.1922,3.1759,-0.5405,2.2524,-31.3787,-0.0557,-11.1372,-9.1896,-7.7135
2023-12-03,3.5,99.5,120.56,112.73,92.0,121.21,207.398,259.991,481.4868,454.2415,73.7,7.6923,10.9253,6.1922,3.1759,-0.5405,2.2524,-31.3787,-0.0557,-11.1372,-9.1896,-7.7135
2023-12-04,3.5,99.5,120.56,112.73,92.0,121.21,207.398,259.991,481.4868,454.2415,72.73,7.6923,10.9253,6.1922,3.1759,-0.5405,2.2524,-31.3787,-0.0557,-11.1372,-9.1896,-8.9281
2023-12-05,3.5,99.5,120.56,112.73,92.0,121.21,207.398,259.991,481.4868,454.2415,71.95,7.6923,10.9253,6.1922,3.1759,-0.5405,2.2524,-31.3787,-0.0557,-11.1372,-9.1896,-6.3517
2023-12-06,3.5,99.5,120.56,112.73,92.0,121.21,207.398,259.991,481.4868,454.2415,68.98,7.6923,10.9253,6.1922,3.1759,-0.5405,2.2524,-31.3787,-0.0557,-11.1372,-9.1896,-7.0476
2023-12-07,3.5,99.5,120.56,112.73,92.0,121.21,207.398,259.991,481.4868,454.2415,69.0,7.6923,10.9253,6.1922,3.1759,-0.5405,2.2524,-31.3787,-0.0557,-11.1372,-9.1896,-4.0734
2023-12-08,3.5,99.5,120.56,112.73,92.0,121.21,207.398,259.991,481.4868,454.2415,70.87,7.6923,10.9253,6.1922,3.1759,-0.5405,2.2524,-31.3787,-0.0557,-11.1372,-9.1896,-0.6031
2023-12-09,3.5,99.5,120.56,112.73,92.0,121.21,207.398,259.991,481.4868,454.2415,70.87,7.6923,10.9253,6.1922,3.1759,-0.5405,2.2524,-31.3787,-0.0557,-11.1372,-9.1896,-0.2533
2023-12-10,3.5,99.5,120.56,112.73,92.0,121.21,207.398,259.991,481.4868,454.2415,70.87,7.6923,10.9253,6.1922,3.1759,-0.5405,2.2524,-31.3787,-0.0557,-11.1372,-9.1896,-0.2533
2023-12-11,3.5,99.5,120.56,112.73,92.0,121.21,207.398,259.991,481.4868,454.2415,70.95,7.6923,10.9253,6.1922,3.1759,-0.5405,2.2524,-31.3787,-0.0557,-11.1372,-9.1896,-0.1407
2023-12-12,3.5,99.5,120.56,112.73,92.0,121.21,207.398,259.991,481.4868,454.2415,68.27,7.6923,10.9253,6.1922,3.1759,-0.5405,2.2524,-31.3787,-0.0557,-11.1372,-9.1896,-6.4282
2023-12-13,3.5,99.5,120.56,112.73,92.0,121.21,207.398,259.991,481.4868,454.2415,69.09,7.6923,10.9253,6.1922,3.1759,-0.5405,2.2524,-31.3787,-0.0557,-11.1372,-9.1896,-8.4173
2023-12-14,3.5,99.5,120.56,112.73,92.0,121.21,207.398,259.991,481.4868,454.2415,71.21,7.6923,10.9253,6.1922,3.1759,-0.5405,2.2524,-31.3787,-0.0557,-11.1372,-9.1896,-7.6873
2023-12-15,3.5,99.5,120.56,112.73,92.0,121.21,207.398,259.991,481.4868,454.2415,71.05,7.6923,10.9253,6.1922,3.1759,-0.5405,2.2524,-31.3787,-0.0557,-11.1372,-9.1896,-6.3777
2023-12-16,3.5,99.5,120.56,112.73,92.0,121.21,207.398,259.991,481.4868,454.2415,71.05,7.6923,10.9253,6.1922,3.1759,-0.5405,2.2524,-31.3787,-0.0557,-11.1372,-9.1896,-4.2324
2023-12-17,3.5,99.5,120.56,112.73,92.0,121.21,207.398,259.991,481.4868,454.2415,71.05,7.6923,10.9253,6.1922,3.1759,-0.5405,2.2524,-31.3787,-0.0557,-11.1372,-9.1896,-4.2324
2023-12-18,3.5,99.5,120.56,112.73,92.0,121.21,207.398,259.991,481.4868,454.2415,72.16,7.6923,10.9253,6.1922,3.1759,-0.5405,2.2524,-31.3787,-0.0557,-11.1372,-9.1896,-2.7362
2023-12-19,3.5,99.5,120.56,112.73,92.0,121.21,207.398,259.991,481.4868,454.2415,73.23,7.6923,10.9253,6.1922,3.1759,-0.5405,2.2524,-31.3787,-0.0557,-11.1372,-9.1896,-2.425
2023-12-20,3.5,99.5,120.56,112.73,92.0,121.21,207.398,259.991,481.4868,454.2415,73.87,7.6923,10.9253,6.1922,3.1759,-0.5405,2.2524,-31.3787,-0.0557,-11.1372,-9.1896,-2.7002
2023-12-21,3.5,99.5,120.56,112.73,92.0,121.21,207.398,259.991,481.4868,454.2415,73.59,7.6923,10.9253,6.1922,3.1759,-0.5405,2.2524,-31.3787,-0.0557,-11.1372,-9.1896,-5.859
2023-12-22,3.5,99.5,120.56,112.73,92.0,121.21,207.398,259.991,481.4868,454.2415,73.29,7.6923,10.9253,6.1922,3.1759,-0.5405,2.2524,-31.3787,-0.0557,-11.1372,-9.1896,-5.6514
2023-12-23,3.5,99.5,120.56,112.73,92.0,121.21,207.398,259.991,481.4868,454.2415,73.29,7.6923,10.9253,6.1922,3.1759,-0.5405,2.2524,-31.3787,-0.0557,-11.1372,-9.1896,-7.8924
2023-12-24,3.5,99.5,120.56,112.73,92.0,121.21,207.398,259.991,481.4868,454.2415,73.29,7.6923,10.9253,6.1922,3.1759,-0.5405,2.2524,-31.3787,-0.0557,-11.1372,-9.1896,-7.8924
2023-12-25,3.5,99.5,120.56,112.73,92.0,121.21,207.398,259.991,481.4868,454.2415,73.29,7.6923,10.9253,6.1922,3.1759,-0.5405,2.2524,-31.3787,-0.0557,-11.1372,-9.1896,-7.8924
2023-12-26,3.5,99.5,120.56,112.73,92.0,121.21,207.398,259.991,481.4868,454.2415,75.84,7.6923,10.9253,6.1922,3.1759,-0.5405,2.2524,-31.3787,-0.0557,-11.1372,-9.1896,-4.6877
2023-12-27,3.5,99.5,120.56,112.73,92.0,121.21,207.398,259.991,481.4868,454.2415,74.31,7.6923,10.9253,6.1922,3.1759,-0.5405,2.2524,-31.3787,-0.0557,-11.1372,-9.1896,-6.4695
2023-12-28,3.5,99.5,120.56,112.73,92.0,121.21,207.398,259.991,481.4868,454.2415,72.02,7.6923,10.9253,6.1922,3.1759,-0.5405,2.2524,-31.3787,-0.0557,-11.1372,-9.1896,-8.7083
2023-12-29,3.5,99.5,120.56,112.73,92.0,121.21,207.398,259.991,481.4868,454.2415,71.89,7.6923,10.9253,6.1922,3.1759,-0.5405,2.2524,-31.3787,-0.0557,-11.1372,-9.1896,-8.3386
2023-12-30,3.5,99.5,120.56,112.73,92.0,121.21,207.398,259.991,481.4868,454.2415,71.89,7.6923,10.9253,6.1922,3.1759,-0.5405,2.2524,-31.3787,-0.0557,-11.1372,-9.1896,-10.3169
2023-12-31,3.5,99.5,120.56,112.73,92.0,121.21,207.398,259.991,481.4868,454.2415,71.89,7.6923,10.9253,6.1922,3.1759,-0.5405,2.2524,-31.3787,-0.0557,-11.1372,-9.1896,-10.3169
2024-01-01,3.5,101.5,122.2,113.17,92.2,121.05,198.7579,258.563,452.6265,401.4186,71.89,0.0,12.2788,5.9201,2.8164,1.2075,1.3734,-34.3687,-1.43,-18.52,-24.9582,-10.3169
2024-01-02,3.5,101.5,122.2,113.17,92.2,121.05,198.7579,258.563,452.6265,401.4186,70.62,0.0,12.2788,5.9201,2.8164,1.2075,1.3734,-34.3687,-1.43,-18.52,-24.9582,-11.9012
2024-01-03,3.5,101.5,122.2,113.17,92.2,121.05,198.7579,258.563,452.6265,401.4186,72.97,0.0,12.2788,5.9201,2.8164,1.2075,1.3734,-34.3687,-1.43,-18.52,-24.9582,-5.0735
2024-01-04,3.5,101.5,122.2,113.17,92.2,121.05,198.7579,258.563,452.6265,401.4186,72.38,0.0,12.2788,5.9201,2.8164,1.2075,1.3734,-34.3687,-1.43,-18.52,-24.9582,-0.6042
2024-01-05,3.5,101.5,122.2,113.17,92.2,121.05,198.7579,258.563,452.6265,401.4186,74.0,0.0,12.2788,5.9201,2.8164,1.2075,1.3734,-34.3687,-1.43,-18.52,-24.9582,0.5298
2024-01-06,3.5,101.5,122.2,113.17,92.2,121.05,198.7579,258.563,452.6265,401.4186,74.0,0.0,12.2788,5.9201,2.8164,1.2075,1.3734,-34.3687,-1.43,-18.52,-24.9582,0.3118
2024-01-07,3.5,101.5,122.2,113.17,92.2,121.05,198.7579,258.563,452.6265,401.4186,74.0,0.0,12.2788,5.9201,2.8164,1.2075,1.3734,-34.3687,-1.43,-18.52,-24.9582,0.3118
2024-01-08,3.5,101.5,122.2,113.17,92.2,121.05,198.7579,258.563,452.6265,401.4186,71.06,0.0,12.2788,5.9201,2.8164,1.2075,1.3734,-34.3687,-1.43,-18.52,-24.9582,-3.6736
2024-01-09,3.5,101.5,122.2,113.17,92.2,121.05,198.7579,258.563,452.6265,401.4186,72.43,0.0,12.2788,5.9201,2.8164,1.2075,1.3734,-34.3687,-1.43,-18.52,-24.9582,-3.0258
2024-01-10,3.5,101.5,122.2,113.17,92.2,121.05,198.7579,258.563,452.6265,401.4186,71.57,0.0,12.2788,5.9201,2.8164,1.2075,1.3734,-34.3687,-1.43,-18.52,-24.9582,-4.7131
2024-01-11,3.5,101.5,122.2,113.17,92.2,121.05,198.7579,258.563,452.6265,401.4186,72.15,0.0,12.2788,5.9201,2.8164,1.2075,1.3734,-34.3687,-1.43,-18.52,-24.9582,-6.8552
2024-01-12,3.5,101.5,122.2,113.17,92.2,121.05,198.7579,258.563,452.6265,401.4186,72.94,0.0,12.2788,5.9201,2.8164,1.2075,1.3734,-34.3687,-1.43,-18.52,-24.9582,-6.8693
2024-01-13,3.5,101.5,122.2,113.17,92.2,121.05,198.7579,258.563,452.6265,401.4186,72.94,0.0,12.2788,5.9201,2.8164,1.2075,1.3734,-34.3687,-1.43,-18.52,-24.9582,-8.7109
2024-01-14,3.5,101.5,122.2,113.17,92.2,121.05,198.7579,258.563,452.6265,401.4186,72.94,0.0,12.2788,5.9201,2.8164,1.2075,1.3734,-34.3687,-1.43,-18.52,-24.9582,-8.7109
2024-01-15,3.5,101.5,122.2,113.17,92.2,121.05,198.7579,258.563,452.6265,401.4186,72.94,0.0,12.2788,5.9201,2.8164,1.2075,1.3734,-34.3687,-1.43,-18.52,-24.9582,-8.7109
2024-01-16,3.5,101.5,122.2,113.17,92.2,121.05,198.7579,258.563,452.6265,401.4186,72.63,0.0,12.2788,5.9201,2.8164,1.2075,1.3734,-34.3687,-1.43,-18.52,-24.9582,-9.0989
2024-01-17,3.5,101.5,122.2,113.17,92.2,121.05,198.7579,258.563,452.6265,401.4186,72.79,0.0,12.2788,5.9201,2.8164,1.2075,1.3734,-34.3687,-1.43,-18.52,-24.9582,-9.296
2024-01-18,3.5,101.5,122.2,113.17,92.2,121.05,198.7579,258.563,452.6265,401.4186,74.32,0.0,12.2788,5.9201,2.8164,1.2075,1.3734,-34.3687,-1.43,-18.52,-24.9582,-6.551
2024-01-19,3.5,101.5,122.2,113.17,92.2,121.05,198.7579,258.563,452.6265,401.4186,73.69,0.0,12.2788,5.9201,2.8164,1.2075,1.3734,-34.3687,-1.43,-18.52,-24.9582,-8.2431
2024-01-20,3.5,101.5,122.2,113.17,92.2,121.05,198.7579,258.563,452.6265,401.4186,73.69,0.0,12.2788,5.9201,2.8164,1.2075,1.3734,-34.3687,-1.43,-18.52,-24.9582,-9.3269
2024-01-21,3.5,101.5,122.2,113.17,92.2,121.05,198.7579,258.563,452.6265,401.4186,73.69,0.0,12.2788,5.9201,2.8164,1.2075,1.3734,-34.3687,-1.43,-18.52,-24.9582,-9.3269
2024-01-22,3.5,101.5,122.2,113.17,92.2,121.05,198.7579,258.563,452.6265,401.4186,75.26,0.0,12.2788,5.9201,2.8164,1.2075,1.3734,-34.3687,-1.43,-18.52,-24.9582,-7.3951
2024-01-23,3.5,101.5,122.2,113.17,92.2,121.05,198.7579,258.563,452.6265,401.4186,74.72,0.0,12.2788,5.9201,2.8164,1.2075,1.3734,-34.3687,-1.43,-18.52,-24.9582,-8.4538
2024-01-24,3.5,101.5,122.2,113.17,92.2,121.05,198.7579,258.563,452.6265,401.4186,75.48,0.0,12.2788,5.9201,2.8164,1.2075,1.3734,-34.3687,-1.43,-18.52,-24.9582,-5.4846
2024-01-25,3.5,101.5,122.2,113.17,92.2,121.05,198.7579,258.563,452.6265,401.4186,77.91,0.0,12.2788,5.9201,2.8164,1.2075,1.3734,-34.3687,-1.43,-18.52,-24.9582,-2.3439
2024-01-26,3.5,101.5,122.2,113.17,92.2,121.05,198.7579,258.563,452.6265,401.4186,78.45,0.0,12.2788,5.9201,2.8164,1.2075,1.3734,-34.3687,-1.43,-18.52,-24.9582,-2.7158
2024-01-27,3.5,101.5,122.2,113.17,92.2,121.05,198.7579,258.563,452.6265,401.4186,78.45,0.0,12.2788,5.9201,2.8164,1.2075,1.3734,-34.3687,-1.43,-18.52,-24.9582,-1.6054
2024-01-28,3.5,101.5,122.2,113.17,92.2,121.05,198.7579,258.563,452.6265,401.4186,78.45,0.0,12.2788,5.9201,2.8164,1.2075,1.3734,-34.3687,-1.43,-18.52,-24.9582,-1.6054
2024-01-29,3.5,101.5,122.2,113.17,92.2,121.05,198.7579,258.563,452.6265,401.4186,77.25,0.0,12.2788,5.9201,2.8164,1.2075,1.3734,-34.3687,-1.43,-18.52,-24.9582,-3.1105
2024-01-30,3.5,101.5,122.2,113.17,92.2,121.05,198.7579,258.563,452.6265,401.4186,78.3,0.0,12.2788,5.9201,2.8164,1.2075,1.3734,-34.3687,-1.43,-18.52,-24.9582,0.4232
2024-01-31,3.5,101.5,122.2,113.17,92.2,121.05,198.7579,258.563,452.6265,401.4186,76.28,0.0,12.2788,5.9201,2.8164,1.2075,1.3734,-34.3687,-1.43,-18.52,-24.9582,-3.3819
2024-02-01,3.5,101.7,123.96,113.78,94.1,121.15,188.9477,259.8,429.7263,379.72,74.36,0.0,13.2517,6.945,3.127,2.0607,1.4572,-36.6469,0.0535,-23.4398,-30.1031,-2.5937
2024-02-02,3.5,101.7,123.96,113.78,94.1,121.15,188.9477,259.8,429.7263,379.72,72.72,0.0,13.2517,6.945,3.127,2.0607,1.4572,-36.6469,0.0535,-23.4398,-30.1031,-4.1518
2024-02-03,3.5,101.7,123.96,113.78,94.1,121.15,188.9477,259.8,429.7263,379.72,72.72,0.0,13.2517,6.945,3.127,2.0607,1.4572,-36.6469,0.0535,-23.4398,-30.1031,-0.9264
2024-02-04,3.5,101.7,123.96,113.78,94.1,121.15,188.9477,259.8,429.7263,379.72,72.72,0.0,13.2517,6.945,3.127,2.0607,1.4572,-36.6469,0.0535,-23.4398,-30.1031,-0.9264
2024-02-05,3.5,101.7,123.96,113.78,94.1,121.15,188.9477,259.8,429.7263,379.72,73.21,0.0,13.2517,6.945,3.127,2.0607,1.4572,-36.6469,0.0535,-23.4398,-30.1031,-0.2589
2024-02-06,3.5,101.7,123.96,113.78,94.1,121.15,188.9477,259.8,429.7263,379.72,73.83,0.0,13.2517,6.945,3.127,2.0607,1.4572,-36.6469,0.0535,-23.4398,-30.1031,-0.3778
2024-02-07,3.5,101.7,123.96,113.78,94.1,121.15,188.9477,259.8,429.7263,379.72,74.26,0.0,13.2517,6.945,3.127,2.0607,1.4572,-36.6469,0.0535,-23.4398,-30.1031,-3.7709
2024-02-08,3.5,101.7,123.96,113.78,94.1,121.15,188.9477,259.8,429.7263,379.72,76.67,0.0,13.2517,6.945,3.127,2.0607,1.4572,-36.6469,0.0535,-23.4398,-30.1031,-2.2939
2024-02-09,3.5,101.7,123.96,113.78,94.1,121.15,188.9477,259.8,429.7263,379.72,77.26,0.0,13.2517,6.945,3.127,2.0607,1.4572,-36.6469,0.0535,-23.4398,-30.1031,-0.9995
2024-02-10,3.5,101.7,123.96,113.78,94.1,121.15,188.9477,259.8,429.7263,379.72,77.26,0.0,13.2517,6.945,3.127,2.0607,1.4572,-36.6469,0.0535,-23.4398,-30.1031,-3.1101
2024-02-11,3.5,101.7,123.96,113.78,94.1,121.15,188.9477,259.8,429.7263,379.72,77.26,0.0,13.2517,6.945,3.127,2.0607,1.4572,-36.6469,0.0535,-23.4398,-30.1031,-3.1101
2024-02-12,3.5,101.7,123.96,113.78,94.1,121.15,188.9477,259.8,429.7263,379.72,77.34,0.0,13.2517,6.945,3.127,2.0607,1.4572,-36.6469,0.0535,-23.4398,-30.1031,-3.0098
2024-02-13,3.5,101.7,123.96,113.78,94.1,121.15,188.9477,259.8,429.7263,379.72,78.28,0.0,13.2517,6.945,3.127,2.0607,1.4572,-36.6469,0.0535,-23.4398,-30.1031,-2.3209
2024-02-14,3.5,101.7,123.96,113.78,94.1,121.15,188.9477,259.8,429.7263,379.72,77.09,0.0,13.2517,6.945,3.127,2.0607,1.4572,-36.6469,0.0535,-23.4398,-30.1031,-2.5164
2024-02-15,3.5,101.7,123.96,113.78,94.1,121.15,188.9477,259.8,429.7263,379.72,78.47,0.0,13.2517,6.945,3.127,2.0607,1.4572,-36.6469,0.0535,-23.4398,-30.1031,-0.1273
2024-02-16,3.5,101.7,123.96,113.78,94.1,121.15,188.9477,259.8,429.7263,379.72,79.65,0.0,13.2517,6.945,3.127,2.0607,1.4572,-36.6469,0.0535,-23.4398,-30.1031,1.5296
2024-02-17,3.5,101.7,123.96,113.78,94.1,121.15,188.9477,259.8,429.7263,379.72,79.65,0.0,13.2517,6.945,3.127,2.0607,1.4572,-36.6469,0.0535,-23.4398,-30.1031,4.3769
2024-02-18,3.5,101.7,123.96,113.78,94.1,121.15,188.9477,259.8,429.7263,379.72,79.65,0.0,13.2517,6.945,3.127,2.0607,1.4572,-36.6469,0.0535,-23.4398,-30.1031,4.3769
2024-02-19,3.5,101.7,123.96,113.78,94.1,121.15,188.9477,259.8,429.7263,379.72,79.65,0.0,13.2517,6.945,3.127,2.0607,1.4572,-36.6469,0.0535,-23.4398,-30.1031,4.3769
2024-02-20,3.5,101.7,123.96,113.78,94.1,121.15,188.9477,259.8,429.7263,379.72,78.72,0.0,13.2517,6.945,3.127,2.0607,1.4572,-36.6469,0.0535,-23.4398,-30.1031,3.1582
2024-02-21,3.5,101.7,123.96,113.78,94.1,121.15,188.9477,259.8,429.7263,379.72,78.89,0.0,13.2517,6.945,3.127,2.0607,1.4572,-36.6469,0.0535,-23.4398,-30.1031,3.4216
2024-02-22,3.5,101.7,123.96,113.78,94.1,121.15,188.9477,259.8,429.7263,379.72,79.64,0.0,13.2517,6.945,3.127,2.0607,1.4572,-36.6469,0.0535,-23.4398,-30.1031,7.6944
2024-02-23,3.5,101.7,123.96,113.78,94.1,121.15,188.9477,259.8,429.7263,379.72,77.6,0.0,13.2517,6.945,3.127,2.0607,1.4572,-36.6469,0.0535,-23.4398,-30.1031,3.1092
2024-02-24,3.5,101.7,123.96,113.78,94.1,121.15,188.9477,259.8,429.7263,379.72,77.6,0.0,13.2517,6.945,3.127,2.0607,1.4572,-36.6469,0.0535,-23.4398,-30.1031,1.8506
2024-02-25,3.5,101.7,123.96,113.78,94.1,121.15,188.9477,259.8,429.7263,379.72,77.6,0.0,13.2517,6.945,3.127,2.0607,1.4572,-36.6469,0.0535,-23.4398,-30.1031,1.8506
2024-02-26,3.5,101.7,123.96,113.78,94.1,121.15,188.9477,259.8,429.7263,379.72,78.53,0.0,13.2517,6.945,3.127,2.0607,1.4572,-36.6469,0.0535,-23.4398,-30.1031,3.0713
2024-02-27,3.5,101.7,123.96,113.78,94.1,121.15,188.9477,259.8,429.7263,379.72,79.8,0.0,13.2517,6.945,3.127,2.0607,1.4572,-36.6469,0.0535,-23.4398,-30.1031,5.5975
2024-02-28,3.5,101.7,123.96,113.78,94.1,121.15,188.9477,259.8,429.7263,379.72,79.44,0.0,13.2517,6.945,3.127,2.0607,1.4572,-36.6469,0.0535,-23.4398,-30.1031,3.3299
2024-02-29,3.5,101.7,123.96,113.78,94.1,121.15,188.9477,259.8,429.7263,379.72,79.22,0.0,10.9051,6.44,2.9497,1.9502,1.2706,-33.6926,-0.568,-21.4718,-27.5278,2.1271
2024-03-01,3.5,100.5,124.22,113.95,92.9,121.04,190.2272,261.938,433.5275,371.3162,80.9,0.0,9.5965,6.6632,3.1035,0.6501,1.1786,-33.2436,0.2503,-20.7772,-29.1317,3.6515
2024-03-02,3.5,100.5,124.22,113.95,92.9,121.04,190.2272,261.938,433.5275,371.3162,80.9,0.0,9.5965,6.6632,3.1035,0.6501,1.1786,-33.2436,0.2503,-20.7772,-29.1317,1.6076
2024-03-03,3.5,100.5,124.22,113.95,92.9,121.04,190.2272,261.938,433.5275,371.3162,80.9,0.0,9.5965,6.6632,3.1035,0.6501,1.1786,-33.2436,0.2503,-20.7772,-29.1317,1.6076
2024-03-04,3.5,100.5,124.22,113.95,92.9,121.04,190.2272,261.938,433.5275,371.3162,79.67,0.0,9.5965,6.6632,3.1035,0.6501,1.1786,-33.2436,0.2503,-20.7772,-29.1317,0.0628
2024-03-05,3.5,100.5,124.22,113.95,92.9,121.04,190.2272,261.938,433.5275,371.3162,79.11,0.0,9.5965,6.6632,3.1035,0.6501,1.1786,-33.2436,0.2503,-20.7772,-29.1317,-1.5922
2024-03-06,3.5,100.5,124.22,113.95,92.9,121.04,190.2272,261.938,433.5275,371.3162,80.08,0.0,9.5965,6.6632,3.1035,0.6501,1.1786,-33.2436,0.2503,-20.7772,-29.1317,3.3957
2024-03-07,3.5,100.5,124.22,113.95,92.9,121.04,190.2272,261.938,433.5275,371.3162,79.81,0.0,9.5965,6.6632,3.1035,0.6501,1.1786,-33.2436,0.2503,-20.7772,-29.1317,4.245
2024-03-08,3.5,100.5,124.22,113.95,92.9,121.04,190.2272,261.938,433.5275,371.3162,78.96,0.0,9.5965,6.6632,3.1035,0.6501,1.1786,-33.2436,0.2503,-20.7772,-29.1317,4.4444
2024-03-09,3.5,100.5,124.22,113.95,92.9,121.04,190.2272,261.938,433.5275,371.3162,78.96,0.0,9.5965,6.6632,3.1035,0.6501,1.1786,-33.2436,0.2503,-20.7772,-29.1317,3.1483
2024-03-10,3.5,100.5,124.22,113.95,92.9,121.04,190.2272,261.938,433.5275,371.3162,78.96,0.0,9.5965,6.6632,3.1035,0.6501,1.1786,-33.2436,0.2503,-20.7772,-29.1317,3.1483
2024-03-11,3.5,100.5,124.22,113.95,92.9,121.04,190.2272,261.938,433.5275,371.3162,78.87,0.0,9.5965,6.6632,3.1035,0.6501,1.1786,-33.2436,0.2503,-20.7772,-29.1317,3.0307
2024-03-12,3.5,100.5,124.22,113.95,92.9,121.04,190.2272,261.938,433.5275,371.3162,78.51,0.0,9.5965,6.6632,3.1035,0.6501,1.1786,-33.2436,0.2503,-20.7772,-29.1317,5.1285
2024-03-13,3.5,100.5,124.22,113.95,92.9,121.04,190.2272,261.938,433.5275,371.3162,80.67,0.0,9.5965,6.6632,3.1035,0.6501,1.1786,-33.2436,0.2503,-20.7772,-29.1317,13.3324
2024-03-14,3.5,100.5,124.22,113.95,92.9,121.04,190.2272,261.938,433.5275,371.3162,82.16,0.0,9.5965,6.6632,3.1035,0.6501,1.1786,-33.2436,0.2503,-20.7772,-29.1317,21.9353
2024-03-15,3.5,100.5,124.22,113.95,92.9,121.04,190.2272,261.938,433.5275,371.3162,81.94,0.0,9.5965,6.6632,3.1035,0.6501,1.1786,-33.2436,0.2503,-20.7772,-29.1317,20.2348
2024-03-16,3.5,100.5,124.22,113.95,92.9,121.04,190.2272,261.938,433.5275,371.3162,81.94,0.0,9.5965,6.6632,3.1035,0.6501,1.1786,-33.2436,0.2503,-20.7772,-29.1317,23.0146
2024-03-17,3.5,100.5,124.22,113.95,92.9,121.04,190.2272,261.938,433.5275,371.3162,81.94,0.0,9.5965,6.6632,3.1035,0.6501,1.1786,-33.2436,0.2503,-20.7772,-29.1317,23.0146
2024-03-18,3.5,100.5,124.22,113.95,92.9,121.04,190.2272,261.938,433.5275,371.3162,83.68,0.0,9.5965,6.6632,3.1035,0.6501,1.1786,-33.2436,0.2503,-20.7772,-29.1317,25.6268
2024-03-19,3.5,100.5,124.22,113.95,92.9,121.04,190.2272,261.938,433.5275,371.3162,84.39,0.0,9.5965,6.6632,3.1035,0.6501,1.1786,-33.2436,0.2503,-20.7772,-29.1317,24.9112
2024-03-20,3.5,100.5,124.22,113.95,92.9,121.04,190.2272,261.938,433.5275,371.3162,82.79,0.0,9.5965,6.6632,3.1035,0.6501,1.1786,-33.2436,0.2503,-20.7772,-29.1317,19.2939
2024-03-21,3.5,100.5,124.22,113.95,92.9,121.04,190.2272,261.938,433.5275,371.3162,81.99,0.0,9.5965,6.6632,3.1035,0.6501,1.1786,-33.2436,0.2503,-20.7772,-29.1317,15.9525
2024-03-22,3.5,100.5,124.22,113.95,92.9,121.04,190.2272,261.938,433.5275,371.3162,81.1,0.0,9.5965,6.6632,3.1035,0.6501,1.1786,-33.2436,0.2503,-20.7772,-29.1317,16.2391
2024-03-23,3.5,100.5,124.22,113.95,92.9,121.04,190.2272,261.938,433.5275,371.3162,81.1,0.0,9.5965,6.6632,3.1035,0.6501,1.1786,-33.2436,0.2503,-20.7772,-29.1317,17.1627
2024-03-24,3.5,100.5,124.22,113.95,92.9,121.04,190.2272,261.938,433.5275,371.3162,81.1,0.0,9.5965,6.6632,3.1035,0.6501,1.1786,-33.2436,0.2503,-20.7772,-29.1317,17.1627
2024-03-25,3.5,100.5,124.22,113.95,92.9,121.04,190.2272,261.938,433.5275,371.3162,82.41,0.0,9.5965,6.6632,3.1035,0.6501,1.1786,-33.2436,0.2503,-20.7772,-29.1317,19.0552
2024-03-26,3.5,100.5,124.22,113.95,92.9,121.04,190.2272,261.938,433.5275,371.3162,82.41,0.0,9.5965,6.6632,3.1035,0.6501,1.1786,-33.2436,0.2503,-20.7772,-29.1317,13.0918
2024-03-27,3.5,100.5,124.22,113.95,92.9,121.04,190.2272,261.938,433.5275,371.3162,82.15,0.0,9.5965,6.6632,3.1035,0.6501,1.1786,-33.2436,0.2503,-20.7772,-29.1317,12.3496
2024-03-28,3.5,100.5,124.22,113.95,92.9,121.04,190.2272,261.938,433.5275,371.3162,83.96,0.0,9.5965,6.6632,3.1035,0.6501,1.1786,-33.2436,0.2503,-20.7772,-29.1317,15.0925
2024-03-29,3.5,100.5,124.22,113.95,92.9,121.04,190.2272,261.938,433.5275,371.3162,83.96,0.0,9.5965,6.6632,3.1035,0.6501,1.1786,-33.2436,0.2503,-20.7772,-29.1317,12.9709
2024-03-30,3.5,100.5,124.22,113.95,92.9,121.04,190.2272,261.938,433.5275,371.3162,83.96,0.0,9.5965,6.6632,3.1035,0.6501,1.1786,-33.2436,0.2503,-20.7772,-29.1317,10.9408
2024-03-31,3.5,100.5,124.22,113.95,92.9,121.04,190.2272,261.938,433.5275,371.3162,83.96,0.0,5.9009,7.1786,2.8708,-2.0042,0.8499,-34.6702,0.7218,-20.7264,-25.2643,10.9408
2024-04-01,3.5,100.6,122.75,114.01,95.1,121.38,190.9001,262.992,427.9221,373.2326,84.54,0.0,6.0063,5.9103,2.925,0.3165,1.1331,-34.4391,1.127,-21.7514,-24.8786,11.7072
2024-04-02,3.5,100.6,122.75,114.01,95.1,121.38,190.9001,262.992,427.9221,373.2326,85.95,0.0,6.0063,5.9103,2.925,0.3165,1.1331,-34.4391,1.127,-21.7514,-24.8786,6.903
2024-04-03,3.5,100.6,122.75,114.01,95.1,121.38,190.9001,262.992,427.9221,373.2326,86.22,0.0,6.0063,5.9103,2.925,0.3165,1.1331,-34.4391,1.127,-21.7514,-24.8786,6.8401
2024-04-04,3.5,100.6,122.75,114.01,95.1,121.38,190.9001,262.992,427.9221,373.2326,87.37,0.0,6.0063,5.9103,2.925,0.3165,1.1331,-34.4391,1.127,-21.7514,-24.8786,8.2786
2024-04-05,3.5,100.6,122.75,114.01,95.1,121.38,190.9001,262.992,427.9221,373.2326,87.69,0.0,6.0063,5.9103,2.925,0.3165,1.1331,-34.4391,1.127,-21.7514,-24.8786,8.6617
2024-04-06,3.5,100.6,122.75,114.01,95.1,121.38,190.9001,262.992,427.9221,373.2326,87.69,0.0,6.0063,5.9103,2.925,0.3165,1.1331,-34.4391,1.127,-21.7514,-24.8786,8.6617
2024-04-07,3.5,100.6,122.75,114.01,95.1,121.38,190.9001,262.992,427.9221,373.2326,87.69,0.0,6.0063,5.9103,2.925,0.3165,1.1331,-34.4391,1.127,-21.7514,-24.8786,8.6617
2024-04-08,3.5,100.6,122.75,114.01,95.1,121.38,190.9001,262.992,427.9221,373.2326,87.24,0.0,6.0063,5.9103,2.925,0.3165,1.1331,-34.4391,1.127,-21.7514,-24.8786,8.1041
2024-04-09,3.5,100.6,122.75,114.01,95.1,121.38,190.9001,262.992,427.9221,373.2326,86.04,0.0,6.0063,5.9103,2.925,0.3165,1.1331,-34.4391,1.127,-21.7514,-24.8786,7.8331
2024-04-10,3.5,100.6,122.75,114.01,95.1,121.38,190.9001,262.992,427.9221,373.2326,86.98,0.0,6.0063,5.9103,2.925,0.3165,1.1331,-34.4391,1.127,-21.7514,-24.8786,6.6716
2024-04-11,3.5,100.6,122.75,114.01,95.1,121.38,190.9001,262.992,427.9221,373.2326,85.79,0.0,6.0063,5.9103,2.925,0.3165,1.1331,-34.4391,1.127,-21.7514,-24.8786,3.0387
2024-04-12,3.5,100.6,122.75,114.01,95.1,121.38,190.9001,262.992,427.9221,373.2326,86.46,0.0,6.0063,5.9103,2.925,0.3165,1.1331,-34.4391,1.127,-21.7514,-24.8786,5.2337
2024-04-13,3.5,100.6,122.75,114.01,95.1,121.38,190.9001,262.992,427.9221,373.2326,86.46,0.0,6.0063,5.9103,2.925,0.3165,1.1331,-34.4391,1.127,-21.7514,-24.8786,4.6985
2024-04-14,3.5,100.6,122.75,114.01,95.1,121.38,190.9001,262.992,427.9221,373.2326,86.46,0.0,6.0063,5.9103,2.925,0.3165,1.1331,-34.4391,1.127,-21.7514,-24.8786,4.6985
2024-04-15,3.5,100.6,122.75,114.01,95.1,121.38,190.9001,262.992,427.9221,373.2326,86.21,0.0,6.0063,5.9103,2.925,0.3165,1.1331,-34.4391,1.127,-21.7514,-24.8786,4.3957
2024-04-16,3.5,100.6,122.75,114.01,95.1,121.38,190.9001,262.992,427.9221,373.2326,86.15,0.0,6.0063,5.9103,2.925,0.3165,1.1331,-34.4391,1.127,-21.7514,-24.8786,6.45
2024-04-17,3.5,100.6,122.75,114.01,95.1,121.38,190.9001,262.992,427.9221,373.2326,83.58,0.0,6.0063,5.9103,2.925,0.3165,1.1331,-34.4391,1.127,-21.7514,-24.8786,3.3766
2024-04-18,3.5,100.6,122.75,114.01,95.1,121.38,190.9001,262.992,427.9221,373.2326,83.5,0.0,6.0063,5.9103,2.925,0.3165,1.1331,-34.4391,1.127,-21.7514,-24.8786,5.4559
2024-04-19,3.5,100.6,122.75,114.01,95.1,121.38,190.9001,262.992,427.9221,373.2326,83.79,0.0,6.0063,5.9103,2.925,0.3165,1.1331,-34.4391,1.127,-21.7514,-24.8786,8.4379
2024-04-20,3.5,100.6,122.75,114.01,95.1,121.38,190.9001,262.992,427.9221,373.2326,83.79,0.0,6.0063,5.9103,2.925,0.3165,1.1331,-34.4391,1.127,-21.7514,-24.8786,7.6162
2024-04-21,3.5,100.6,122.75,114.01,95.1,121.38,190.9001,262.992,427.9221,373.2326,83.79,0.0,6.0063,5.9103,2.925,0.3165,1.1331,-34.4391,1.127,-21.7514,-24.8786,7.6162
2024-04-22,3.5,100.6,122.75,114.01,95.1,121.38,190.9001,262.992,427.9221,373.2326,83.82,0.0,6.0063,5.9103,2.925,0.3165,1.1331,-34.4391,1.127,-21.7514,-24.8786,7.6548
2024-04-23,3.5,100.6,122.75,114.01,95.1,121.38,190.9001,262.992,427.9221,373.2326,84.17,0.0,6.0063,5.9103,2.925,0.3165,1.1331,-34.4391,1.127,-21.7514,-24.8786,7.032
2024-04-24,3.5,100.6,122.75,114.01,95.1,121.38,190.9001,262.992,427.9221,373.2326,84.09,0.0,6.0063,5.9103,2.925,0.3165,1.1331,-34.4391,1.127,-21.7514,-24.8786,9.1369
2024-04-25,3.5,100.6,122.75,114.01,95.1,121.38,190.9001,262.992,427.9221,373.2326,84.92,0.0,6.0063,5.9103,2.925,0.3165,1.1331,-34.4391,1.127,-21.7514,-24.8786,14.2473
2024-04-26,3.5,100.6,122.75,114.01,95.1,121.38,190.9001,262.992,427.9221,373.2326,85.38,0.0,6.0063,5.9103,2.925,0.3165,1.1331,-34.4391,1.127,-21.7514,-24.8786,14.1902
2024-04-27,3.5,100.6,122.75,114.01,95.1,121.38,190.9001,262.992,427.9221,373.2326,85.38,0.0,6.0063,5.9103,2.925,0.3165,1.1331,-34.4391,1.127,-21.7514,-24.8786,11.2008
2024-04-28,3.5,100.6,122.75,114.01,95.1,121.38,190.9001,262.992,427.9221,373.2326,85.38,0.0,6.0063,5.9103,2.925,0.3165,1.1331,-34.4391,1.127,-21.7514,-24.8786,11.2008
2024-04-29,3.5,100.6,122.75,114.01,95.1,121.38,190.9001,262.992,427.9221,373.2326,84.26,0.0,6.0063,5.9103,2.925,0.3165,1.1331,-34.4391,1.127,-21.7514,-24.8786,9.7421
2024-04-30,3.5,100.6,122.75,114.01,95.1,121.38,190.9001,262.992,427.9221,373.2326,83.49,0.0,2.7579,5.8281,2.5916,-0.2099,0.9649,-28.8145,0.8981,-15.8205,-18.6955,10.3635
2024-05-01,3.5,98.2,121.9,114.1,94.4,121.42,201.0195,263.673,447.4943,408.1571,80.7,0.0,0.3064,5.0953,2.6725,-0.9444,0.9982,-25.041,1.1594,-11.9704,-11.0876,12.5366
2024-05-02,3.5,98.2,121.9,114.1,94.4,121.42,201.0195,263.673,447.4943,408.1571,80.59,0.0,0.3064,5.0953,2.6725,-0.9444,0.9982,-25.041,1.1594,-11.9704,-11.0876,17.4439
2024-05-03,3.5,98.2,121.9,114.1,94.4,121.42,201.0195,263.673,447.4943,408.1571,79.65,0.0,0.3064,5.0953,2.6725,-0.9444,0.9982,-25.041,1.1594,-11.9704,-11.0876,16.2434
2024-05-04,3.5,98.2,121.9,114.1,94.4,121.42,201.0195,263.673,447.4943,408.1571,79.65,0.0,0.3064,5.0953,2.6725,-0.9444,0.9982,-25.041,1.1594,-11.9704,-11.0876,11.6798
2024-05-05,3.5,98.2,121.9,114.1,94.4,121.42,201.0195,263.673,447.4943,408.1571,79.65,0.0,0.3064,5.0953,2.6725,-0.9444,0.9982,-25.041,1.1594,-11.9704,-11.0876,11.6798
2024-05-06,3.5,98.2,121.9,114.1,94.4,121.42,201.0195,263.673,447.4943,408.1571,80.1,0.0,0.3064,5.0953,2.6725,-0.9444,0.9982,-25.041,1.1594,-11.9704,-11.0876,12.3107
2024-05-07,3.5,98.2,121.9,114.1,94.4,121.42,201.0195,263.673,447.4943,408.1571,79.97,0.0,0.3064,5.0953,2.6725,-0.9444,0.9982,-25.041,1.1594,-11.9704,-11.0876,9.3532
2024-05-08,3.5,98.2,121.9,114.1,94.4,121.42,201.0195,263.673,447.4943,408.1571,80.57,0.0,0.3064,5.0953,2.6725,-0.9444,0.9982,-25.041,1.1594,-11.9704,-11.0876,9.3512
2024-05-09,3.5,98.2,121.9,114.1,94.4,121.42,201.0195,263.673,447.4943,408.1571,80.86,0.0,0.3064,5.0953,2.6725,-0.9444,0.9982,-25.041,1.1594,-11.9704,-11.0876,11.4849
2024-05-10,3.5,98.2,121.9,114.1,94.4,121.42,201.0195,263.673,447.4943,408.1571,79.81,0.0,0.3064,5.0953,2.6725,-0.9444,0.9982,-25.041,1.1594,-11.9704,-11.0876,12.7101
2024-05-11,3.5,98.2,121.9,114.1,94.4,121.42,201.0195,263.673,447.4943,408.1571,79.81,0.0,0.3064,5.0953,2.6725,-0.9444,0.9982,-25.041,1.1594,-11.9704,-11.0876,13.9817
2024-05-12,3.5,98.2,121.9,114.1,94.4,121.42,201.0195,263.673,447.4943,408.1571,79.81,0.0,0.3064,5.0953,2.6725,-0.9444,0.9982,-25.041,1.1594,-11.9704,-11.0876,13.9817
2024-05-13,3.5,98.2,121.9,114.1,94.4,121.42,201.0195,263.673,447.4943,408.1571,80.71,0.0,0.3064,5.0953,2.6725,-0.9444,0.9982,-25.041,1.1594,-11.9704,-11.0876,15.2671
2024-05-14,3.5,98.2,121.9,114.1,94.4,121.42,201.0195,263.673,447.4943,408.1571,79.62,0.0,0.3064,5.0953,2.6725,-0.9444,0.9982,-25.041,1.1594,-11.9704,-11.0876,12.0304
2024-05-15,3.5,98.2,121.9,114.1,94.4,121.42,201.0195,263.673,447.4943,408.1571,80.23,0.0,0.3064,5.0953,2.6725,-0.9444,0.9982,-25.041,1.1594,-11.9704,-11.0876,13.2392
2024-05-16,3.5,98.2,121.9,114.1,94.4,121.42,201.0195,263.673,447.4943,408.1571,80.85,0.0,0.3064,5.0953,2.6725,-0.9444,0.9982,-25.041,1.1594,-11.9704,-11.0876,11.0882
2024-05-17,3.5,98.2,121.9,114.1,94.4,121.42,201.0195,263.673,447.4943,408.1571,81.66,0.0,0.3064,5.0953,2.6725,-0.9444,0.9982,-25.041,1.1594,-11.9704,-11.0876,13.7009
2024-05-18,3.5,98.2,121.9,114.1,94.4,121.42,201.0195,263.673,447.4943,408.1571,81.66,0.0,0.3064,5.0953,2.6725,-0.9444,0.9982,-25.041,1.1594,-11.9704,-11.0876,14.0981
2024-05-19,3.5,98.2,121.9,114.1,94.4,121.42,201.0195,263.673,447.4943,408.1571,81.66,0.0,0.3064,5.0953,2.6725,-0.9444,0.9982,-25.041,1.1594,-11.9704,-11.0876,14.0981
2024-05-20,3.5,98.2,121.9,114.1,94.4,121.42,201.0195,263.673,447.4943,408.1571,81.39,0.0,0.3064,5.0953,2.6725,-0.9444,0.9982,-25.041,1.1594,-11.9704,-11.0876,13.7208
2024-05-21,3.5,98.2,121.9,114.1,94.4,121.42,201.0195,263.673,447.4943,408.1571,80.66,0.0,0.3064,5.0953,2.6725,-0.9444,0.9982,-25.041,1.1594,-11.9704,-11.0876,12.3242
2024-05-22,3.5,98.2,121.9,114.1,94.4,121.42,201.0195,263.673,447.4943,408.1571,79.15,0.0,0.3064,5.0953,2.6725,-0.9444,0.9982,-25.041,1.1594,-11.9704,-11.0876,8.6181
2024-05-23,3.5,98.2,121.9,114.1,94.4,121.42,201.0195,263.673,447.4943,408.1571,77.47,0.0,0.3064,5.0953,2.6725,-0.9444,0.9982,-25.041,1.1594,-11.9704,-11.0876,4.1683
2024-05-24,3.5,98.2,121.9,114.1,94.4,121.42,201.0195,263.673,447.4943,408.1571,78.48,0.0,0.3064,5.0953,2.6725,-0.9444,0.9982,-25.041,1.1594,-11.9704,-11.0876,9.4866
2024-05-25,3.5,98.2,121.9,114.1,94.4,121.42,201.0195,263.673,447.4943,408.1571,78.48,0.0,0.3064,5.0953,2.6725,-0.9444,0.9982,-25.041,1.1594,-11.9704,-11.0876,8.4727
2024-05-26,3.5,98.2,121.9,114.1,94.4,121.42,201.0195,263.673,447.4943,408.1571,78.48,0.0,0.3064,5.0953,2.6725,-0.9444,0.9982,-25.041,1.1594,-11.9704,-11.0876,8.4727
2024-05-27,3.5,98.2,121.9,114.1,94.4,121.42,201.0195,263.673,447.4943,408.1571,78.48,0.0,0.3064,5.0953,2.6725,-0.9444,0.9982,-25.041,1.1594,-11.9704,-11.0876,8.4727
2024-05-28,3.5,98.2,121.9,114.1,94.4,121.42,201.0195,263.673,447.4943,408.1571,80.9,0.0,0.3064,5.0953,2.6725,-0.9444,0.9982,-25.041,1.1594,-11.9704,-11.0876,11.8176
2024-05-29,3.5,98.2,121.9,114.1,94.4,121.42,201.0195,263.673,447.4943,408.1571,80.24,0.0,0.3064,5.0953,2.6725,-0.9444,0.9982,-25.041,1.1594,-11.9704,-11.0876,15.5364
2024-05-30,3.5,98.2,121.9,114.1,94.4,121.42,201.0195,263.673,447.4943,408.1571,78.96,0.0,0.3064,5.0953,2.6725,-0.9444,0.9982,-25.041,1.1594,-11.9704,-11.0876,15.9301
2024-05-31,3.5,98.2,121.9,114.1,94.4,121.42,201.0195,263.673,447.4943,408.1571,77.97,0.0,-2.4826,4.8151,2.6448,-2.3785,0.9226,-24.6935,1.4677,-14.9727,-8.9667,11.2427
2024-06-01,3.5,100.7,120.68,113.84,95.4,121.55,191.2409,265.221,430.9715,399.6595,77.97,0.0,0.0,3.7661,2.4109,-1.3444,1.0307,-28.3568,2.0634,-18.1122,-10.8619,8.6538
2024-06-02,3.5,100.7,120.68,113.84,95.4,121.55,191.2409,265.221,430.9715,399.6595,77.97,0.0,0.0,3.7661,2.4109,-1.3444,1.0307,-28.3568,2.0634,-18.1122,-10.8619,8.6538
2024-06-03,3.5,100.7,120.68,113.84,95.4,121.55,191.2409,265.221,430.9715,399.6595,75.26,0.0,0.0,3.7661,2.4109,-1.3444,1.0307,-28.3568,2.0634,-18.1122,-10.8619,4.8774
2024-06-04,3.5,100.7,120.68,113.84,95.4,121.55,191.2409,265.221,430.9715,399.6595,74.27,0.0,0.0,3.7661,2.4109,-1.3444,1.0307,-28.3568,2.0634,-18.1122,-10.8619,2.9526
2024-06-05,3.5,100.7,120.68,113.84,95.4,121.55,191.2409,265.221,430.9715,399.6595,75.08,0.0,0.0,3.7661,2.4109,-1.3444,1.0307,-28.3568,2.0634,-18.1122,-10.8619,4.6995
2024-06-06,3.5,100.7,120.68,113.84,95.4,121.55,191.2409,265.221,430.9715,399.6595,76.52,0.0,0.0,3.7661,2.4109,-1.3444,1.0307,-28.3568,2.0634,-18.1122,-10.8619,5.5157
2024-06-07,3.5,100.7,120.68,113.84,95.4,121.55,191.2409,265.221,430.9715,399.6595,76.53,0.0,0.0,3.7661,2.4109,-1.3444,1.0307,-28.3568,2.0634,-18.1122,-10.8619,7.3653
2024-06-08,3.5,100.7,120.68,113.84,95.4,121.55,191.2409,265.221,430.9715,399.6595,76.53,0.0,0.0,3.7661,2.4109,-1.3444,1.0307,-28.3568,2.0634,-18.1122,-10.8619,9.0792
2024-06-09,3.5,100.7,120.68,113.84,95.4,121.55,191.2409,265.221,430.9715,399.6595,76.53,0.0,0.0,3.7661,2.4109,-1.3444,1.0307,-28.3568,2.0634,-18.1122,-10.8619,9.0792
2024-06-10,3.5,100.7,120.68,113.84,95.4,121.55,191.2409,265.221,430.9715,399.6595,78.75,0.0,0.0,3.7661,2.4109,-1.3444,1.0307,-28.3568,2.0634,-18.1122,-10.8619,12.2434
2024-06-11,3.5,100.7,120.68,113.84,95.4,121.55,191.2409,265.221,430.9715,399.6595,78.88,0.0,0.0,3.7661,2.4109,-1.3444,1.0307,-28.3568,2.0634,-18.1122,-10.8619,17.5909
2024-06-12,3.5,100.7,120.68,113.84,95.4,121.55,191.2409,265.221,430.9715,399.6595,79.56,0.0,0.0,3.7661,2.4109,-1.3444,1.0307,-28.3568,2.0634,-18.1122,-10.8619,14.6563
2024-06-13,3.5,100.7,120.68,113.84,95.4,121.55,191.2409,265.221,430.9715,399.6595,79.61,0.0,0.0,3.7661,2.4109,-1.3444,1.0307,-28.3568,2.0634,-18.1122,-10.8619,16.696
2024-06-14,3.5,100.7,120.68,113.84,95.4,121.55,191.2409,265.221,430.9715,399.6595,79.41,0.0,0.0,3.7661,2.4109,-1.3444,1.0307,-28.3568,2.0634,-18.1122,-10.8619,12.4628
2024-06-15,3.5,100.7,120.68,113.84,95.4,121.55,191.2409,265.221,430.9715,399.6595,79.41,0.0,0.0,3.7661,2.4109,-1.3444,1.0307,-28.3568,2.0634,-18.1122,-10.8619,10.5835
2024-06-16,3.5,100.7,120.68,113.84,95.4,121.55,191.2409,265.221,430.9715,399.6595,79.41,0.0,0.0,3.7661,2.4109,-1.3444,1.0307,-28.3568,2.0634,-18.1122,-10.8619,10.5835
2024-06-17,3.5,100.7,120.68,113.84,95.4,121.55,191.2409,265.221,430.9715,399.6595,81.33,0.0,0.0,3.7661,2.4109,-1.3444,1.0307,-28.3568,2.0634,-18.1122,-10.8619,13.2572
2024-06-18,3.5,100.7,120.68,113.84,95.4,121.55,191.2409,265.221,430.9715,399.6595,82.67,0.0,0.0,3.7661,2.4109,-1.3444,1.0307,-28.3568,2.0634,-18.1122,-10.8619,15.1232
2024-06-19,3.5,100.7,120.68,113.84,95.4,121.55,191.2409,265.221,430.9715,399.6595,82.67,0.0,0.0,3.7661,2.4109,-1.3444,1.0307,-28.3568,2.0634,-18.1122,-10.8619,16.5351
2024-06-20,3.5,100.7,120.68,113.84,95.4,121.55,191.2409,265.221,430.9715,399.6595,83.34,0.0,0.0,3.7661,2.4109,-1.3444,1.0307,-28.3568,2.0634,-18.1122,-10.8619,14.8725
2024-06-21,3.5,100.7,120.68,113.84,95.4,121.55,191.2409,265.221,430.9715,399.6595,81.71,0.0,0.0,3.7661,2.4109,-1.3444,1.0307,-28.3568,2.0634,-18.1122,-10.8619,18.0439
2024-06-22,3.5,100.7,120.68,113.84,95.4,121.55,191.2409,265.221,430.9715,399.6595,81.71,0.0,0.0,3.7661,2.4109,-1.3444,1.0307,-28.3568,2.0634,-18.1122,-10.8619,18.575
2024-06-23,3.5,100.7,120.68,113.84,95.4,121.55,191.2409,265.221,430.9715,399.6595,81.71,0.0,0.0,3.7661,2.4109,-1.3444,1.0307,-28.3568,2.0634,-18.1122,-10.8619,18.575
2024-06-24,3.5,100.7,120.68,113.84,95.4,121.55,191.2409,265.221,430.9715,399.6595,82.63,0.0,0.0,3.7661,2.4109,-1.3444,1.0307,-28.3568,2.0634,-18.1122,-10.8619,19.91
2024-06-25,3.5,100.7,120.68,113.84,95.4,121.55,191.2409,265.221,430.9715,399.6595,81.97,0.0,0.0,3.7661,2.4109,-1.3444,1.0307,-28.3568,2.0634,-18.1122,-10.8619,18.6424
2024-06-26,3.5,100.7,120.68,113.84,95.4,121.55,191.2409,265.221,430.9715,399.6595,82.19,0.0,0.0,3.7661,2.4109,-1.3444,1.0307,-28.3568,2.0634,-18.1122,-10.8619,21.4391
2024-06-27,3.5,100.7,120.68,113.84,95.4,121.55,191.2409,265.221,430.9715,399.6595,83.04,0.0,0.0,3.7661,2.4109,-1.3444,1.0307,-28.3568,2.0634,-18.1122,-10.8619,19.4133
2024-06-28,3.5,100.7,120.68,113.84,95.4,121.55,191.2409,265.221,430.9715,399.6595,82.83,0.0,0.0,3.7661,2.4109,-1.3444,1.0307,-28.3568,2.0634,-18.1122,-10.8619,18.5827
2024-06-29,3.5,100.7,120.68,113.84,95.4,121.55,191.2409,265.221,430.9715,399.6595,82.83,0.0,0.0,3.7661,2.4109,-1.3444,1.0307,-28.3568,2.0634,-18.1122,-10.8619,17.2233
2024-06-30,3.5,100.7,120.68,113.84,95.4,121.55,191.2409,265.221,430.9715,399.6595,82.83,0.0,-2.6112,2.8815,2.2913,0.2101,0.4048,-18.7149,2.2326,-22.3635,-16.68,17.2233
2024-07-01,3.5,103.6,121.54,114.13,96.7,122.23,177.7677,266.343,411.0821,393.9948,84.7,0.0,0.1934,3.6147,2.5519,1.5756,0.9665,-24.4416,2.6651,-25.9464,-17.861,19.8698
2024-07-02,3.5,103.6,121.54,114.13,96.7,122.23,177.7677,266.343,411.0821,393.9948,84.09,0.0,0.1934,3.6147,2.5519,1.5756,0.9665,-24.4416,2.6651,-25.9464,-17.861,20.6283
2024-07-03,3.5,103.6,121.54,114.13,96.7,122.23,177.7677,266.343,411.0821,393.9948,85.19,0.0,0.1934,3.6147,2.5519,1.5756,0.9665,-24.4416,2.6651,-25.9464,-17.861,22.2063
2024-07-04,3.5,103.6,121.54,114.13,96.7,122.23,177.7677,266.343,411.0821,393.9948,85.19,0.0,0.1934,3.6147,2.5519,1.5756,0.9665,-24.4416,2.6651,-25.9464,-17.861,18.6821
2024-07-05,3.5,103.6,121.54,114.13,96.7,122.23,177.7677,266.343,411.0821,393.9948,84.44,0.0,0.1934,3.6147,2.5519,1.5756,0.9665,-24.4416,2.6651,-25.9464,-17.861,17.67
2024-07-06,3.5,103.6,121.54,114.13,96.7,122.23,177.7677,266.343,411.0821,393.9948,84.44,0.0,0.1934,3.6147,2.5519,1.5756,0.9665,-24.4416,2.6651,-25.9464,-17.861,14.2471
2024-07-07,3.5,103.6,121.54,114.13,96.7,122.23,177.7677,266.343,411.0821,393.9948,84.44,0.0,0.1934,3.6147,2.5519,1.5756,0.9665,-24.4416,2.6651,-25.9464,-17.861,14.2471
2024-07-08,3.5,103.6,121.54,114.13,96.7,122.23,177.7677,266.343,411.0821,393.9948,83.63,0.0,0.1934,3.6147,2.5519,1.5756,0.9665,-24.4416,2.6651,-25.9464,-17.861,13.1511
2024-07-09,3.5,103.6,121.54,114.13,96.7,122.23,177.7677,266.343,411.0821,393.9948,82.78,0.0,0.1934,3.6147,2.5519,1.5756,0.9665,-24.4416,2.6651,-25.9464,-17.861,13.3196
2024-07-10,3.5,103.6,121.54,114.13,96.7,122.23,177.7677,266.343,411.0821,393.9948,83.39,0.0,0.1934,3.6147,2.5519,1.5756,0.9665,-24.4416,2.6651,-25.9464,-17.861,11.3797
2024-07-11,3.5,103.6,121.54,114.13,96.7,122.23,177.7677,266.343,411.0821,393.9948,83.92,0.0,0.1934,3.6147,2.5519,1.5756,0.9665,-24.4416,2.6651,-25.9464,-17.861,10.7562
2024-07-12,3.5,103.6,121.54,114.13,96.7,122.23,177.7677,266.343,411.0821,393.9948,83.49,0.0,0.1934,3.6147,2.5519,1.5756,0.9665,-24.4416,2.6651,-25.9464,-17.861,8.6261
2024-07-13,3.5,103.6,121.54,114.13,96.7,122.23,177.7677,266.343,411.0821,393.9948,83.49,0.0,0.1934,3.6147,2.5519,1.5756,0.9665,-24.4416,2.6651,-25.9464,-17.861,10.6707
2024-07-14,3.5,103.6,121.54,114.13,96.7,122.23,177.7677,266.343,411.0821,393.9948,83.49,0.0,0.1934,3.6147,2.5519,1.5756,0.9665,-24.4416,2.6651,-25.9464,-17.861,10.6707
2024-07-15,3.5,103.6,121.54,114.13,96.7,122.23,177.7677,266.343,411.0821,393.9948,83.22,0.0,0.1934,3.6147,2.5519,1.5756,0.9665,-24.4416,2.6651,-25.9464,-17.861,10.3128
2024-07-16,3.5,103.6,121.54,114.13,96.7,122.23,177.7677,266.343,411.0821,393.9948,81.92,0.0,0.1934,3.6147,2.5519,1.5756,0.9665,-24.4416,2.6651,-25.9464,-17.861,10.449
2024-07-17,3.5,103.6,121.54,114.13,96.7,122.23,177.7677,266.343,411.0821,393.9948,84.16,0.0,0.1934,3.6147,2.5519,1.5756,0.9665,-24.4416,2.6651,-25.9464,-17.861,11.0876
2024-07-18,3.5,103.6,121.54,114.13,96.7,122.23,177.7677,266.343,411.0821,393.9948,84.17,0.0,0.1934,3.6147,2.5519,1.5756,0.9665,-24.4416,2.6651,-25.9464,-17.861,11.6313
2024-07-19,3.5,103.6,121.54,114.13,96.7,122.23,177.7677,266.343,411.0821,393.9948,81.43,0.0,0.1934,3.6147,2.5519,1.5756,0.9665,-24.4416,2.6651,-25.9464,-17.861,7.6404
2024-07-20,3.5,103.6,121.54,114.13,96.7,122.23,177.7677,266.343,411.0821,393.9948,81.43,0.0,0.1934,3.6147,2.5519,1.5756,0.9665,-24.4416,2.6651,-25.9464,-17.861,5.6709
2024-07-21,3.5,103.6,121.54,114.13,96.7,122.23,177.7677,266.343,411.0821,393.9948,81.43,0.0,0.1934,3.6147,2.5519,1.5756,0.9665,-24.4416,2.6651,-25.9464,-17.861,5.6709
2024-07-22,3.5,103.6,121.54,114.13,96.7,122.23,177.7677,266.343,411.0821,393.9948,81.25,0.0,0.1934,3.6147,2.5519,1.5756,0.9665,-24.4416,2.6651,-25.9464,-17.861,5.4373
2024-07-23,3.5,103.6,121.54,114.13,96.7,122.23,177.7677,266.343,411.0821,393.9948,78.24,0.0,0.1934,3.6147,2.5519,1.5756,0.9665,-24.4416,2.6651,-25.9464,-17.861,-0.7233
2024-07-24,3.5,103.6,121.54,114.13,96.7,122.23,177.7677,266.343,411.0821,393.9948,78.78,0.0,0.1934,3.6147,2.5519,1.5756,0.9665,-24.4416,2.6651,-25.9464,-17.861,-1.2287
2024-07-25,3.5,103.6,121.54,114.13,96.7,122.23,177.7677,266.343,411.0821,393.9948,79.43,0.0,0.1934,3.6147,2.5519,1.5756,0.9665,-24.4416,2.6651,-25.9464,-17.861,0.4045
2024-07-26,3.5,103.6,121.54,114.13,96.7,122.23,177.7677,266.343,411.0821,393.9948,78.58,0.0,0.1934,3.6147,2.5519,1.5756,0.9665,-24.4416,2.6651,-25.9464,-17.861,-1.9833
2024-07-27,3.5,103.6,121.54,114.13,96.7,122.23,177.7677,266.343,411.0821,393.9948,78.58,0.0,0.1934,3.6147,2.5519,1.5756,0.9665,-24.4416,2.6651,-25.9464,-17.861,-2.4457
2024-07-28,3.5,103.6,121.54,114.13,96.7,122.23,177.7677,266.343,411.0821,393.9948,78.58,0.0,0.1934,3.6147,2.5519,1.5756,0.9665,-24.4416,2.6651,-25.9464,-17.861,-2.4457
2024-07-29,3.5,103.6,121.54,114.13,96.7,122.23,177.7677,266.343,411.0821,393.9948,77.27,0.0,0.1934,3.6147,2.5519,1.5756,0.9665,-24.4416,2.6651,-25.9464,-17.861,-4.072
2024-07-30,3.5,103.6,121.54,114.13,96.7,122.23,177.7677,266.343,411.0821,393.9948,76.17,0.0,0.1934,3.6147,2.5519,1.5756,0.9665,-24.4416,2.6651,-25.9464,-17.861,-6.8826
2024-07-31,3.5,103.6,121.54,114.13,96.7,122.23,177.7677,266.343,411.0821,393.9948,79.36,0.0,0.3876,0.838,1.6477,1.6824,1.075,-14.4014,2.1971,-19.4194,-16.2066,-2.4702
2024-08-01,3.5,100.6,122.99,114.54,94.8,121.71,169.2967,265.932,361.8294,355.4754,77.74,0.0,-2.5194,2.041,2.0128,-0.3155,0.645,-18.4803,2.0394,-29.074,-24.3988,-2.2138
2024-08-02,3.5,100.6,122.99,114.54,94.8,121.71,169.2967,265.932,361.8294,355.4754,74.99,0.0,-2.5194,2.041,2.0128,-0.3155,0.645,-18.4803,2.0394,-29.074,-24.3988,-8.0554
2024-08-03,3.5,100.6,122.99,114.54,94.8,121.71,169.2967,265.932,361.8294,355.4754,74.99,0.0,-2.5194,2.041,2.0128,-0.3155,0.645,-18.4803,2.0394,-29.074,-24.3988,-9.3886
2024-08-04,3.5,100.6,122.99,114.54,94.8,121.71,169.2967,265.932,361.8294,355.4754,74.99,0.0,-2.5194,2.041,2.0128,-0.3155,0.645,-18.4803,2.0394,-29.074,-24.3988,-9.3886
2024-08-05,3.5,100.6,122.99,114.54,94.8,121.71,169.2967,265.932,361.8294,355.4754,74.46,0.0,-2.5194,2.041,2.0128,-0.3155,0.645,-18.4803,2.0394,-29.074,-24.3988,-10.029
2024-08-06,3.5,100.6,122.99,114.54,94.8,121.71,169.2967,265.932,361.8294,355.4754,74.6,0.0,-2.5194,2.041,2.0128,-0.3155,0.645,-18.4803,2.0394,-29.074,-24.3988,-8.9578
2024-08-07,3.5,100.6,122.99,114.54,94.8,121.71,169.2967,265.932,361.8294,355.4754,76.68,0.0,-2.5194,2.041,2.0128,-0.3155,0.645,-18.4803,2.0394,-29.074,-24.3988,-7.5476
2024-08-08,3.5,100.6,122.99,114.54,94.8,121.71,169.2967,265.932,361.8294,355.4754,77.64,0.0,-2.5194,2.041,2.0128,-0.3155,0.645,-18.4803,2.0394,-29.074,-24.3988,-7.9549
2024-08-09,3.5,100.6,122.99,114.54,94.8,121.71,169.2967,265.932,361.8294,355.4754,78.28,0.0,-2.5194,2.041,2.0128,-0.3155,0.645,-18.4803,2.0394,-29.074,-24.3988,-5.4704
2024-08-10,3.5,100.6,122.99,114.54,94.8,121.71,169.2967,265.932,361.8294,355.4754,78.28,0.0,-2.5194,2.041,2.0128,-0.3155,0.645,-18.4803,2.0394,-29.074,-24.3988,-5.8795
2024-08-11,3.5,100.6,122.99,114.54,94.8,121.71,169.2967,265.932,361.8294,355.4754,78.28,0.0,-2.5194,2.041,2.0128,-0.3155,0.645,-18.4803,2.0394,-29.074,-24.3988,-5.8795
2024-08-12,3.5,100.6,122.99,114.54,94.8,121.71,169.2967,265.932,361.8294,355.4754,81.45,0.0,-2.5194,2.041,2.0128,-0.3155,0.645,-18.4803,2.0394,-29.074,-24.3988,-2.0681
2024-08-13,3.5,100.6,122.99,114.54,94.8,121.71,169.2967,265.932,361.8294,355.4754,79.81,0.0,-2.5194,2.041,2.0128,-0.3155,0.645,-18.4803,2.0394,-29.074,-24.3988,-3.2606
2024-08-14,3.5,100.6,122.99,114.54,94.8,121.71,169.2967,265.932,361.8294,355.4754,78.47,0.0,-2.5194,2.041,2.0128,-0.3155,0.645,-18.4803,2.0394,-29.074,-24.3988,-3.1952
2024-08-15,3.5,100.6,122.99,114.54,94.8,121.71,169.2967,265.932,361.8294,355.4754,79.66,0.0,-2.5194,2.041,2.0128,-0.3155,0.645,-18.4803,2.0394,-29.074,-24.3988,0.3275
2024-08-16,3.5,100.6,122.99,114.54,94.8,121.71,169.2967,265.932,361.8294,355.4754,78.05,0.0,-2.5194,2.041,2.0128,-0.3155,0.645,-18.4803,2.0394,-29.074,-24.3988,-2.9591
2024-08-17,3.5,100.6,122.99,114.54,94.8,121.71,169.2967,265.932,361.8294,355.4754,78.05,0.0,-2.5194,2.041,2.0128,-0.3155,0.645,-18.4803,2.0394,-29.074,-24.3988,-3.9385
2024-08-18,3.5,100.6,122.99,114.54,94.8,121.71,169.2967,265.932,361.8294,355.4754,78.05,0.0,-2.5194,2.041,2.0128,-0.3155,0.645,-18.4803,2.0394,-29.074,-24.3988,-3.9385
2024-08-19,3.5,100.6,122.99,114.54,94.8,121.71,169.2967,265.932,361.8294,355.4754,75.82,0.0,-2.5194,2.041,2.0128,-0.3155,0.645,-18.4803,2.0394,-29.074,-24.3988,-6.6831
2024-08-20,3.5,100.6,122.99,114.54,94.8,121.71,169.2967,265.932,361.8294,355.4754,75.27,0.0,-2.5194,2.041,2.0128,-0.3155,0.645,-18.4803,2.0394,-29.074,-24.3988,-6.7402
2024-08-21,3.5,100.6,122.99,114.54,94.8,121.71,169.2967,265.932,361.8294,355.4754,72.76,0.0,-2.5194,2.041,2.0128,-0.3155,0.645,-18.4803,2.0394,-29.074,-24.3988,-9.3333
2024-08-22,3.5,100.6,122.99,114.54,94.8,121.71,169.2967,265.932,361.8294,355.4754,73.72,0.0,-2.5194,2.041,2.0128,-0.3155,0.645,-18.4803,2.0394,-29.074,-24.3988,-6.5771
2024-08-23,3.5,100.6,122.99,114.54,94.8,121.71,169.2967,265.932,361.8294,355.4754,75.82,0.0,-2.5194,2.041,2.0128,-0.3155,0.645,-18.4803,2.0394,-29.074,-24.3988,-4.6529
2024-08-24,3.5,100.6,122.99,114.54,94.8,121.71,169.2967,265.932,361.8294,355.4754,75.82,0.0,-2.5194,2.041,2.0128,-0.3155,0.645,-18.4803,2.0394,-29.074,-24.3988,-5.7786
2024-08-25,3.5,100.6,122.99,114.54,94.8,121.71,169.2967,265.932,361.8294,355.4754,75.82,0.0,-2.5194,2.041,2.0128,-0.3155,0.645,-18.4803,2.0394,-29.074,-24.3988,-5.7786
2024-08-26,3.5,100.6,122.99,114.54,94.8,121.71,169.2967,265.932,361.8294,355.4754,78.4,0.0,-2.5194,2.041,2.0128,-0.3155,0.645,-18.4803,2.0394,-29.074,-24.3988,-2.5724
2024-08-27,3.5,100.6,122.99,114.54,94.8,121.71,169.2967,265.932,361.8294,355.4754,76.5,0.0,-2.5194,2.041,2.0128,-0.3155,0.645,-18.4803,2.0394,-29.074,-24.3988,-5.1457
2024-08-28,3.5,100.6,122.99,114.54,94.8,121.71,169.2967,265.932,361.8294,355.4754,75.49,0.0,-2.5194,2.041,2.0128,-0.3155,0.645,-18.4803,2.0394,-29.074,-24.3988,-6.9633
2024-08-29,3.5,100.6,122.99,114.54,94.8,121.71,169.2967,265.932,361.8294,355.4754,76.9,0.0,-2.5194,2.041,2.0128,-0.3155,0.645,-18.4803,2.0394,-29.074,-24.3988,-5.806
2024-08-30,3.5,100.6,122.99,114.54,94.8,121.71,169.2967,265.932,361.8294,355.4754,74.52,0.0,-2.5194,2.041,2.0128,-0.3155,0.645,-18.4803,2.0394,-29.074,-24.3988,-10.8079
2024-08-31,3.5,100.6,122.99,114.54,94.8,121.71,169.2967,265.932,361.8294,355.4754,74.52,0.0,0.9027,0.4328,1.4976,1.174,0.8201,-24.3697,1.5868,-25.7255,-19.107,-12.8625
2024-09-01,3.5,99.8,124.72,114.65,94.4,121.83,183.6558,267.145,372.0956,354.2881,74.52,0.0,0.1003,1.8455,1.595,0.7471,0.9195,-17.955,2.0502,-23.6181,-19.3772,-12.8625
2024-09-02,3.5,99.8,124.72,114.65,94.4,121.83,183.6558,267.145,372.0956,354.2881,74.52,0.0,0.1003,1.8455,1.595,0.7471,0.9195,-17.955,2.0502,-23.6181,-19.3772,-12.8625
2024-09-03,3.5,99.8,124.72,114.65,94.4,121.83,183.6558,267.145,372.0956,354.2881,71.28,0.0,0.1003,1.8455,1.595,0.7471,0.9195,-17.955,2.0502,-23.6181,-19.3772,-16.6511
2024-09-04,3.5,99.8,124.72,114.65,94.4,121.83,183.6558,267.145,372.0956,354.2881,70.11,0.0,0.1003,1.8455,1.595,0.7471,0.9195,-17.955,2.0502,-23.6181,-19.3772,-19.1722
2024-09-05,3.5,99.8,124.72,114.65,94.4,121.83,183.6558,267.145,372.0956,354.2881,70.09,0.0,0.1003,1.8455,1.595,0.7471,0.9195,-17.955,2.0502,-23.6181,-19.3772,-19.9429
2024-09-06,3.5,99.8,124.72,114.65,94.4,121.83,183.6558,267.145,372.0956,354.2881,68.58,0.0,0.1003,1.8455,1.595,0.7471,0.9195,-17.955,2.0502,-23.6181,-19.3772,-21.0544
2024-09-07,3.5,99.8,124.72,114.65,94.4,121.83,183.6558,267.145,372.0956,354.2881,68.58,0.0,0.1003,1.8455,1.595,0.7471,0.9195,-17.955,2.0502,-23.6181,-19.3772,-21.6318
2024-09-08,3.5,99.8,124.72,114.65,94.4,121.83,183.6558,267.145,372.0956,354.2881,68.58,0.0,0.1003,1.8455,1.595,0.7471,0.9195,-17.955,2.0502,-23.6181,-19.3772,-21.6318
2024-09-09,3.5,99.8,124.72,114.65,94.4,121.83,183.6558,267.145,372.0956,354.2881,69.65,0.0,0.1003,1.8455,1.595,0.7471,0.9195,-17.955,2.0502,-23.6181,-19.3772,-20.4091
2024-09-10,3.5,99.8,124.72,114.65,94.4,121.83,183.6558,267.145,372.0956,354.2881,66.73,0.0,0.1003,1.8455,1.595,0.7471,0.9195,-17.955,2.0502,-23.6181,-19.3772,-23.5624
2024-09-11,3.5,99.8,124.72,114.65,94.4,121.83,183.6558,267.145,372.0956,354.2881,68.25,0.0,0.1003,1.8455,1.595,0.7471,0.9195,-17.955,2.0502,-23.6181,-19.3772,-23.2024
2024-09-12,3.5,99.8,124.72,114.65,94.4,121.83,183.6558,267.145,372.0956,354.2881,69.89,0.0,0.1003,1.8455,1.595,0.7471,0.9195,-17.955,2.0502,-23.6181,-19.3772,-21.1085
2024-09-13,3.5,99.8,124.72,114.65,94.4,121.83,183.6558,267.145,372.0956,354.2881,69.59,0.0,0.1003,1.8455,1.595,0.7471,0.9195,-17.955,2.0502,-23.6181,-19.3772,-22.7893
2024-09-14,3.5,99.8,124.72,114.65,94.4,121.83,183.6558,267.145,372.0956,354.2881,69.59,0.0,0.1003,1.8455,1.595,0.7471,0.9195,-17.955,2.0502,-23.6181,-19.3772,-23.3843
2024-09-15,3.5,99.8,124.72,114.65,94.4,121.83,183.6558,267.145,372.0956,354.2881,69.59,0.0,0.1003,1.8455,1.595,0.7471,0.9195,-17.955,2.0502,-23.6181,-19.3772,-23.3843
2024-09-16,3.5,99.8,124.72,114.65,94.4,121.83,183.6558,267.145,372.0956,354.2881,71.1,0.0,0.1003,1.8455,1.595,0.7471,0.9195,-17.955,2.0502,-23.6181,-19.3772,-21.7219
2024-09-17,3.5,99.8,124.72,114.65,94.4,121.83,183.6558,267.145,372.0956,354.2881,72.16,0.0,0.1003,1.8455,1.595,0.7471,0.9195,-17.955,2.0502,-23.6181,-19.3772,-21.1107
2024-09-18,3.5,99.8,124.72,114.65,94.4,121.83,183.6558,267.145,372.0956,354.2881,71.87,0.0,0.1003,1.8455,1.595,0.7471,0.9195,-17.955,2.0502,-23.6181,-19.3772,-21.1606
2024-09-19,3.5,99.8,124.72,114.65,94.4,121.83,183.6558,267.145,372.0956,354.2881,72.86,0.0,0.1003,1.8455,1.595,0.7471,0.9195,-17.955,2.0502,-23.6181,-19.3772,-18.3184
2024-09-20,3.5,99.8,124.72,114.65,94.4,121.83,183.6558,267.145,372.0956,354.2881,72.72,0.0,0.1003,1.8455,1.595,0.7471,0.9195,-17.955,2.0502,-23.6181,-19.3772,-18.803
2024-09-21,3.5,99.8,124.72,114.65,94.4,121.83,183.6558,267.145,372.0956,354.2881,72.72,0.0,0.1003,1.8455,1.595,0.7471,0.9195,-17.955,2.0502,-23.6181,-19.3772,-19.2
2024-09-22,3.5,99.8,124.72,114.65,94.4,121.83,183.6558,267.145,372.0956,354.2881,72.72,0.0,0.1003,1.8455,1.595,0.7471,0.9195,-17.955,2.0502,-23.6181,-19.3772,-19.2
2024-09-23,3.5,99.8,124.72,114.65,94.4,121.83,183.6558,267.145,372.0956,354.2881,71.33,0.0,0.1003,1.8455,1.595,0.7471,0.9195,-17.955,2.0502,-23.6181,-19.3772,-20.7444
2024-09-24,3.5,99.8,124.72,114.65,94.4,121.83,183.6558,267.145,372.0956,354.2881,72.34,0.0,0.1003,1.8455,1.595,0.7471,0.9195,-17.955,2.0502,-23.6181,-19.3772,-19.3354
2024-09-25,3.5,99.8,124.72,114.65,94.4,121.83,183.6558,267.145,372.0956,354.2881,70.42,0.0,0.1003,1.8455,1.595,0.7471,0.9195,-17.955,2.0502,-23.6181,-19.3772,-22.9793
2024-09-26,3.5,99.8,124.72,114.65,94.4,121.83,183.6558,267.145,372.0956,354.2881,68.28,0.0,0.1003,1.8455,1.595,0.7471,0.9195,-17.955,2.0502,-23.6181,-19.3772,-27.1058
2024-09-27,3.5,99.8,124.72,114.65,94.4,121.83,183.6558,267.145,372.0956,354.2881,68.72,0.0,0.1003,1.8455,1.595,0.7471,0.9195,-17.955,2.0502,-23.6181,-19.3772,-25.0191
2024-09-28,3.5,99.8,124.72,114.65,94.4,121.83,183.6558,267.145,372.0956,354.2881,68.72,0.0,0.1003,1.8455,1.595,0.7471,0.9195,-17.955,2.0502,-23.6181,-19.3772,-24.2922
2024-09-29,3.5,99.8,124.72,114.65,94.4,121.83,183.6558,267.145,372.0956,354.2881,68.72,0.0,0.1003,1.8455,1.595,0.7471,0.9195,-17.955,2.0502,-23.6181,-19.3772,-24.2922
2024-09-30,3.5,99.8,124.72,114.65,94.4,121.83,183.6558,267.145,372.0956,354.2881,68.75,0.0,1.8367,1.5222,1.2183,1.7241,0.7609,-17.2358,2.2154,-21.1547,-19.6223,-24.2591
2024-10-01,3.25,101.6,124.53,114.69,93.1,122.13,189.5879,266.221,368.4914,350.3529,70.41,-7.1429,3.6735,1.3675,1.2536,0.3233,1.009,-14.5625,1.8618,-21.9184,-20.5151,-20.7184
2024-10-02,3.25,101.6,124.53,114.69,93.1,122.13,189.5879,266.221,368.4914,350.3529,70.74,-7.1429,3.6735,1.3675,1.2536,0.3233,1.009,-14.5625,1.8618,-21.9184,-20.5151,-20.7484
2024-10-03,3.25,101.6,124.53,114.69,93.1,122.13,189.5879,266.221,368.4914,350.3529,74.33,-7.1429,3.6735,1.3675,1.2536,0.3233,1.009,-14.5625,1.8618,-21.9184,-20.5151,-11.8477
2024-10-04,3.25,101.6,124.53,114.69,93.1,122.13,189.5879,266.221,368.4914,350.3529,74.93,-7.1429,3.6735,1.3675,1.2536,0.3233,1.009,-14.5625,1.8618,-21.9184,-20.5151,-8.955
2024-10-05,3.25,101.6,124.53,114.69,93.1,122.13,189.5879,266.221,368.4914,350.3529,74.93,-7.1429,3.6735,1.3675,1.2536,0.3233,1.009,-14.5625,1.8618,-21.9184,-20.5151,-9.5376
2024-10-06,3.25,101.6,124.53,114.69,93.1,122.13,189.5879,266.221,368.4914,350.3529,74.93,-7.1429,3.6735,1.3675,1.2536,0.3233,1.009,-14.5625,1.8618,-21.9184,-20.5151,-9.5376
2024-10-07,3.25,101.6,124.53,114.69,93.1,122.13,189.5879,266.221,368.4914,350.3529,77.76,-7.1429,3.6735,1.3675,1.2536,0.3233,1.009,-14.5625,1.8618,-21.9184,-20.5151,-6.121
2024-10-08,3.25,101.6,124.53,114.69,93.1,122.13,189.5879,266.221,368.4914,350.3529,74.26,-7.1429,3.6735,1.3675,1.2536,0.3233,1.009,-14.5625,1.8618,-21.9184,-20.5151,-10.3465
2024-10-09,3.25,101.6,124.53,114.69,93.1,122.13,189.5879,266.221,368.4914,350.3529,73.85,-7.1429,3.6735,1.3675,1.2536,0.3233,1.009,-14.5625,1.8618,-21.9184,-20.5151,-14.0179
2024-10-10,3.25,101.6,124.53,114.69,93.1,122.13,189.5879,266.221,368.4914,350.3529,76.46,-7.1429,3.6735,1.3675,1.2536,0.3233,1.009,-14.5625,1.8618,-21.9184,-20.5151,-8.6499
2024-10-11,3.25,101.6,124.53,114.69,93.1,122.13,189.5879,266.221,368.4914,350.3529,76.11,-7.1429,3.6735,1.3675,1.2536,0.3233,1.009,-14.5625,1.8618,-21.9184,-20.5151,-8.1574
2024-10-12,3.25,101.6,124.53,114.69,93.1,122.13,189.5879,266.221,368.4914,350.3529,76.11,-7.1429,3.6735,1.3675,1.2536,0.3233,1.009,-14.5625,1.8618,-21.9184,-20.5151,-13.1858
2024-10-13,3.25,101.6,124.53,114.69,93.1,122.13,189.5879,266.221,368.4914,350.3529,76.11,-7.1429,3.6735,1.3675,1.2536,0.3233,1.009,-14.5625,1.8618,-21.9184,-20.5151,-13.1858
2024-10-14,3.25,101.6,124.53,114.69,93.1,122.13,189.5879,266.221,368.4914,350.3529,76.11,-7.1429,3.6735,1.3675,1.2536,0.3233,1.009,-14.5625,1.8618,-21.9184,-20.5151,-13.1858
2024-10-15,3.25,101.6,124.53,114.69,93.1,122.13,189.5879,266.221,368.4914,350.3529,71.22,-7.1429,3.6735,1.3675,1.2536,0.3233,1.009,-14.5625,1.8618,-21.9184,-20.5151,-17.8073
2024-10-16,3.25,101.6,124.53,114.69,93.1,122.13,189.5879,266.221,368.4914,350.3529,70.97,-7.1429,3.6735,1.3675,1.2536,0.3233,1.009,-14.5625,1.8618,-21.9184,-20.5151,-18.1052
2024-10-17,3.25,101.6,124.53,114.69,93.1,122.13,189.5879,266.221,368.4914,350.3529,71.26,-7.1429,3.6735,1.3675,1.2536,0.3233,1.009,-14.5625,1.8618,-21.9184,-20.5151,-19.3435
2024-10-18,3.25,101.6,124.53,114.69,93.1,122.13,189.5879,266.221,368.4914,350.3529,69.78,-7.1429,3.6735,1.3675,1.2536,0.3233,1.009,-14.5625,1.8618,-21.9184,-20.5151,-21.9026
2024-10-19,3.25,101.6,124.53,114.69,93.1,122.13,189.5879,266.221,368.4914,350.3529,69.78,-7.1429,3.6735,1.3675,1.2536,0.3233,1.009,-14.5625,1.8618,-21.9184,-20.5151,-21.7011
2024-10-20,3.25,101.6,124.53,114.69,93.1,122.13,189.5879,266.221,368.4914,350.3529,69.78,-7.1429,3.6735,1.3675,1.2536,0.3233,1.009,-14.5625,1.8618,-21.9184,-20.5151,-21.7011
2024-10-21,3.25,101.6,124.53,114.69,93.1,122.13,189.5879,266.221,368.4914,350.3529,71.16,-7.1429,3.6735,1.3675,1.2536,0.3233,1.009,-14.5625,1.8618,-21.9184,-20.5151,-20.1526
2024-10-22,3.25,101.6,124.53,114.69,93.1,122.13,189.5879,266.221,368.4914,350.3529,72.84,-7.1429,3.6735,1.3675,1.2536,0.3233,1.009,-14.5625,1.8618,-21.9184,-20.5151,-14.7971
2024-10-23,3.25,101.6,124.53,114.69,93.1,122.13,189.5879,266.221,368.4914,350.3529,71.37,-7.1429,3.6735,1.3675,1.2536,0.3233,1.009,-14.5625,1.8618,-21.9184,-20.5151,-15.6183
2024-10-24,3.25,101.6,124.53,114.69,93.1,122.13,189.5879,266.221,368.4914,350.3529,70.58,-7.1429,3.6735,1.3675,1.2536,0.3233,1.009,-14.5625,1.8618,-21.9184,-20.5151,-17.997
2024-10-25,3.25,101.6,124.53,114.69,93.1,122.13,189.5879,266.221,368.4914,350.3529,72.02,-7.1429,3.6735,1.3675,1.2536,0.3233,1.009,-14.5625,1.8618,-21.9184,-20.5151,-14.0573
2024-10-26,3.25,101.6,124.53,114.69,93.1,122.13,189.5879,266.221,368.4914,350.3529,72.02,-7.1429,3.6735,1.3675,1.2536,0.3233,1.009,-14.5625,1.8618,-21.9184,-20.5151,-16.2947
2024-10-27,3.25,101.6,124.53,114.69,93.1,122.13,189.5879,266.221,368.4914,350.3529,72.02,-7.1429,3.6735,1.3675,1.2536,0.3233,1.009,-14.5625,1.8618,-21.9184,-20.5151,-16.2947
2024-10-28,3.25,101.6,124.53,114.69,93.1,122.13,189.5879,266.221,368.4914,350.3529,67.65,-7.1429,3.6735,1.3675,1.2536,0.3233,1.009,-14.5625,1.8618,-21.9184,-20.5151,-21.3738
2024-10-29,3.25,101.6,124.53,114.69,93.1,122.13,189.5879,266.221,368.4914,350.3529,67.48,-7.1429,3.6735,1.3675,1.2536,0.3233,1.009,-14.5625,1.8618,-21.9184,-20.5151,-18.7282
2024-10-30,3.25,101.6,124.53,114.69,93.1,122.13,189.5879,266.221,368.4914,350.3529,68.91,-7.1429,3.6735,1.3675,1.2536,0.3233,1.009,-14.5625,1.8618,-21.9184,-20.5151,-15.5928
2024-10-31,3.25,101.6,124.53,114.69,93.1,122.13,189.5879,266.221,368.4914,350.3529,69.58,-7.1429,4.6344,3.9482,1.7838,0.9761,0.8172,-9.3056,2.6062,-25.4592,-29.7483,-14.1518
2024-11-01,3.0,100.6,121.32,114.4,93.4,122.58,201.3083,267.888,365.5167,322.2318,69.81,-14.2857,3.6045,1.2688,1.5264,1.3015,1.1887,-3.6988,3.2487,-26.061,-35.387,-15.9321
2024-11-02,3.0,100.6,121.32,114.4,93.4,122.58,201.3083,267.888,365.5167,322.2318,69.81,-14.2857,3.6045,1.2688,1.5264,1.3015,1.1887,-3.6988,3.2487,-26.061,-35.387,-14.0165
2024-11-03,3.0,100.6,121.32,114.4,93.4,122.58,201.3083,267.888,365.5167,322.2318,69.81,-14.2857,3.6045,1.2688,1.5264,1.3015,1.1887,-3.6988,3.2487,-26.061,-35.387,-14.0165
2024-11-04,3.0,100.6,121.32,114.4,93.4,122.58,201.3083,267.888,365.5167,322.2318,71.83,-14.2857,3.6045,1.2688,1.5264,1.3015,1.1887,-3.6988,3.2487,-26.061,-35.387,-11.5285
2024-11-05,3.0,100.6,121.32,114.4,93.4,122.58,201.3083,267.888,365.5167,322.2318,72.26,-14.2857,3.6045,1.2688,1.5264,1.3015,1.1887,-3.6988,3.2487,-26.061,-35.387,-11.3809
2024-11-06,3.0,100.6,121.32,114.4,93.4,122.58,201.3083,267.888,365.5167,322.2318,71.98,-14.2857,3.6045,1.2688,1.5264,1.3015,1.1887,-3.6988,3.2487,-26.061,-35.387,-7.6706
2024-11-07,3.0,100.6,121.32,114.4,93.4,122.58,201.3083,267.888,365.5167,322.2318,72.69,-14.2857,3.6045,1.2688,1.5264,1.3015,1.1887,-3.6988,3.2487,-26.061,-35.387,-4.1661
2024-11-08,3.0,100.6,121.32,114.4,93.4,122.58,201.3083,267.888,365.5167,322.2318,70.69,-14.2857,3.6045,1.2688,1.5264,1.3015,1.1887,-3.6988,3.2487,-26.061,-35.387,-7.4011
2024-11-09,3.0,100.6,121.32,114.4,93.4,122.58,201.3083,267.888,365.5167,322.2318,70.69,-14.2857,3.6045,1.2688,1.5264,1.3015,1.1887,-3.6988,3.2487,-26.061,-35.387,-7.4011
2024-11-10,3.0,100.6,121.32,114.4,93.4,122.58,201.3083,267.888,365.5167,322.2318,70.69,-14.2857,3.6045,1.2688,1.5264,1.3015,1.1887,-3.6988,3.2487,-26.061,-35.387,-7.4011
2024-11-11,3.0,100.6,121.32,114.4,93.4,122.58,201.3083,267.888,365.5167,322.2318,70.69,-14.2857,3.6045,1.2688,1.5264,1.3015,1.1887,-3.6988,3.2487,-26.061,-35.387,-7.4011
2024-11-12,3.0,100.6,121.32,114.4,93.4,122.58,201.3083,267.888,365.5167,322.2318,68.43,-14.2857,3.6045,1.2688,1.5264,1.3015,1.1887,-3.6988,3.2487,-26.061,-35.387,-13.226
2024-11-13,3.0,100.6,121.32,114.4,93.4,122.58,201.3083,267.888,365.5167,322.2318,68.76,-14.2857,3.6045,1.2688,1.5264,1.3015,1.1887,-3.6988,3.2487,-26.061,-35.387,-12.8517
2024-11-14,3.0,100.6,121.32,114.4,93.4,122.58,201.3083,267.888,365.5167,322.2318,68.99,-14.2857,3.6045,1.2688,1.5264,1.3015,1.1887,-3.6988,3.2487,-26.061,-35.387,-10.5768
2024-11-15,3.0,100.6,121.32,114.4,93.4,122.58,201.3083,267.888,365.5167,322.2318,67.33,-14.2857,3.6045,1.2688,1.5264,1.3015,1.1887,-3.6988,3.2487,-26.061,-35.387,-8.3946
2024-11-16,3.0,100.6,121.32,114.4,93.4,122.58,201.3083,267.888,365.5167,322.2318,67.33,-14.2857,3.6045,1.2688,1.5264,1.3015,1.1887,-3.6988,3.2487,-26.061,-35.387,-11.9524
2024-11-17,3.0,100.6,121.32,114.4,93.4,122.58,201.3083,267.888,365.5167,322.2318,67.33,-14.2857,3.6045,1.2688,1.5264,1.3015,1.1887,-3.6988,3.2487,-26.061,-35.387,-11.9524
2024-11-18,3.0,100.6,121.32,114.4,93.4,122.58,201.3083,267.888,365.5167,322.2318,69.46,-14.2857,3.6045,1.2688,1.5264,1.3015,1.1887,-3.6988,3.2487,-26.061,-35.387,-9.167
2024-11-19,3.0,100.6,121.32,114.4,93.4,122.58,201.3083,267.888,365.5167,322.2318,69.75,-14.2857,3.6045,1.2688,1.5264,1.3015,1.1887,-3.6988,3.2487,-26.061,-35.387,-10.6914
2024-11-20,3.0,100.6,121.32,114.4,93.4,122.58,201.3083,267.888,365.5167,322.2318,69.25,-14.2857,3.6045,1.2688,1.5264,1.3015,1.1887,-3.6988,3.2487,-26.061,-35.387,-11.6146
2024-11-21,3.0,100.6,121.32,114.4,93.4,122.58,201.3083,267.888,365.5167,322.2318,70.39,-14.2857,3.6045,1.2688,1.5264,1.3015,1.1887,-3.6988,3.2487,-26.061,-35.387,-8.3464
2024-11-22,3.0,100.6,121.32,114.4,93.4,122.58,201.3083,267.888,365.5167,322.2318,71.68,-14.2857,3.6045,1.2688,1.5264,1.3015,1.1887,-3.6988,3.2487,-26.061,-35.387,-6.6667
2024-11-23,3.0,100.6,121.32,114.4,93.4,122.58,201.3083,267.888,365.5167,322.2318,71.68,-14.2857,3.6045,1.2688,1.5264,1.3015,1.1887,-3.6988,3.2487,-26.061,-35.387,-4.2095
2024-11-24,3.0,100.6,121.32,114.4,93.4,122.58,201.3083,267.888,365.5167,322.2318,71.68,-14.2857,3.6045,1.2688,1.5264,1.3015,1.1887,-3.6988,3.2487,-26.061,-35.387,-4.2095
2024-11-25,3.0,100.6,121.32,114.4,93.4,122.58,201.3083,267.888,365.5167,322.2318,69.41,-14.2857,3.6045,1.2688,1.5264,1.3015,1.1887,-3.6988,3.2487,-26.061,-35.387,-7.2431
2024-11-26,3.0,100.6,121.32,114.4,93.4,122.58,201.3083,267.888,365.5167,322.2318,69.05,-14.2857,3.6045,1.2688,1.5264,1.3015,1.1887,-3.6988,3.2487,-26.061,-35.387,-7.2656
2024-11-27,3.0,100.6,121.32,114.4,93.4,122.58,201.3083,267.888,365.5167,322.2318,69.03,-14.2857,3.6045,1.2688,1.5264,1.3015,1.1887,-3.6988,3.2487,-26.061,-35.387,-9.2785
2024-11-28,3.0,100.6,121.32,114.4,93.4,122.58,201.3083,267.888,365.5167,322.2318,69.03,-14.2857,3.6045,1.2688,1.5264,1.3015,1.1887,-3.6988,3.2487,-26.061,-35.387,-10.9979
2024-11-29,3.0,100.6,121.32,114.4,93.4,122.58,201.3083,267.888,365.5167,322.2318,68.26,-14.2857,3.6045,1.2688,1.5264,1.3015,1.1887,-3.6988,3.2487,-26.061,-35.387,-9.7806
2024-11-30,3.0,100.6,121.32,114.4,93.4,122.58,201.3083,267.888,365.5167,322.2318,68.26,-14.2857,1.1055,0.6304,1.4814,1.5217,1.1303,-2.9362,3.0374,-24.0858,-29.0616,-7.3813
2024-12-01,3.0,87.9,123.61,114.91,83.6,122.49,202.83,267.755,361.2365,319.991,68.26,-14.2857,-11.6583,2.5299,1.9338,-9.1304,1.056,-2.2025,2.9863,-24.9748,-29.5549,-7.3813
2024-12-02,3.0,87.9,123.61,114.91,83.6,122.49,202.83,267.755,361.2365,319.991,68.35,-14.2857,-11.6583,2.5299,1.9338,-9.1304,1.056,-2.2025,2.9863,-24.9748,-29.5549,-7.2592
2024-12-03,3.0,87.9,123.61,114.91,83.6,122.49,202.83,267.755,361.2365,319.991,70.15,-14.2857,-11.6583,2.5299,1.9338,-9.1304,1.056,-2.2025,2.9863,-24.9748,-29.5549,-3.5474
2024-12-04,3.0,87.9,123.61,114.91,83.6,122.49,202.83,267.755,361.2365,319.991,68.81,-14.2857,-11.6583,2.5299,1.9338,-9.1304,1.056,-2.2025,2.9863,-24.9748,-29.5549,-4.3641
2024-12-05,3.0,87.9,123.61,114.91,83.6,122.49,202.83,267.755,361.2365,319.991,68.58,-14.2857,-11.6583,2.5299,1.9338,-9.1304,1.056,-2.2025,2.9863,-24.9748,-29.5549,-0.5799
2024-12-06,3.0,87.9,123.61,114.91,83.6,122.49,202.83,267.755,361.2365,319.991,68.58,-14.2857,-11.6583,2.5299,1.9338,-9.1304,1.056,-2.2025,2.9863,-24.9748,-29.5549,-0.6087
2024-12-07,3.0,87.9,123.61,114.91,83.6,122.49,202.83,267.755,361.2365,319.991,68.58,-14.2857,-11.6583,2.5299,1.9338,-9.1304,1.056,-2.2025,2.9863,-24.9748,-29.5549,-3.2313
2024-12-08,3.0,87.9,123.61,114.91,83.6,122.49,202.83,267.755,361.2365,319.991,68.58,-14.2857,-11.6583,2.5299,1.9338,-9.1304,1.056,-2.2025,2.9863,-24.9748,-29.5549,-3.2313
2024-12-09,3.0,87.9,123.61,114.91,83.6,122.49,202.83,267.755,361.2365,319.991,68.65,-14.2857,-11.6583,2.5299,1.9338,-9.1304,1.056,-2.2025,2.9863,-24.9748,-29.5549,-3.1325
2024-12-10,3.0,87.9,123.61,114.91,83.6,122.49,202.83,267.755,361.2365,319.991,68.85,-14.2857,-11.6583,2.5299,1.9338,-9.1304,1.056,-2.2025,2.9863,-24.9748,-29.5549,-2.9598
2024-12-11,3.0,87.9,123.61,114.91,83.6,122.49,202.83,267.755,361.2365,319.991,70.57,-14.2857,-11.6583,2.5299,1.9338,-9.1304,1.056,-2.2025,2.9863,-24.9748,-29.5549,3.369
2024-12-12,3.0,87.9,123.61,114.91,83.6,122.49,202.83,267.755,361.2365,319.991,70.25,-14.2857,-11.6583,2.5299,1.9338,-9.1304,1.056,-2.2025,2.9863,-24.9748,-29.5549,1.679
2024-12-13,3.0,87.9,123.61,114.91,83.6,122.49,202.83,267.755,361.2365,319.991,71.54,-14.2857,-11.6583,2.5299,1.9338,-9.1304,1.056,-2.2025,2.9863,-24.9748,-29.5549,0.4634
2024-12-14,3.0,87.9,123.61,114.91,83.6,122.49,202.83,267.755,361.2365,319.991,71.54,-14.2857,-11.6583,2.5299,1.9338,-9.1304,1.056,-2.2025,2.9863,-24.9748,-29.5549,0.6897
2024-12-15,3.0,87.9,123.61,114.91,83.6,122.49,202.83,267.755,361.2365,319.991,71.54,-14.2857,-11.6583,2.5299,1.9338,-9.1304,1.056,-2.2025,2.9863,-24.9748,-29.5549,0.6897
2024-12-16,3.0,87.9,123.61,114.91,83.6,122.49,202.83,267.755,361.2365,319.991,71.03,-14.2857,-11.6583,2.5299,1.9338,-9.1304,1.056,-2.2025,2.9863,-24.9748,-29.5549,-0.0281
2024-12-17,3.0,87.9,123.61,114.91,83.6,122.49,202.83,267.755,361.2365,319.991,70.31,-14.2857,-11.6583,2.5299,1.9338,-9.1304,1.056,-2.2025,2.9863,-24.9748,-29.5549,-2.5637
2024-12-18,3.0,87.9,123.61,114.91,83.6,122.49,202.83,267.755,361.2365,319.991,70.8,-14.2857,-11.6583,2.5299,1.9338,-9.1304,1.056,-2.2025,2.9863,-24.9748,-29.5549,-3.3183
2024-12-19,3.0,87.9,123.61,114.91,83.6,122.49,202.83,267.755,361.2365,319.991,70.1,-14.2857,-11.6583,2.5299,1.9338,-9.1304,1.056,-2.2025,2.9863,-24.9748,-29.5549,-5.1036
2024-12-20,3.0,87.9,123.61,114.91,83.6,122.49,202.83,267.755,361.2365,319.991,69.71,-14.2857,-11.6583,2.5299,1.9338,-9.1304,1.056,-2.2025,2.9863,-24.9748,-29.5549,-5.2725
2024-12-21,3.0,87.9,123.61,114.91,83.6,122.49,202.83,267.755,361.2365,319.991,69.71,-14.2857,-11.6583,2.5299,1.9338,-9.1304,1.056,-2.2025,2.9863,-24.9748,-29.5549,-4.8847
2024-12-22,3.0,87.9,123.61,114.91,83.6,122.49,202.83,267.755,361.2365,319.991,69.71,-14.2857,-11.6583,2.5299,1.9338,-9.1304,1.056,-2.2025,2.9863,-24.9748,-29.5549,-4.8847
2024-12-23,3.0,87.9,123.61,114.91,83.6,122.49,202.83,267.755,361.2365,319.991,69.5,-14.2857,-11.6583,2.5299,1.9338,-9.1304,1.056,-2.2025,2.9863,-24.9748,-29.5549,-5.1712
2024-12-24,3.0,87.9,123.61,114.91,83.6,122.49,202.83,267.755,361.2365,319.991,70.87,-14.2857,-11.6583,2.5299,1.9338,-9.1304,1.056,-2.2025,2.9863,-24.9748,-29.5549,-3.302
2024-12-25,3.0,87.9,123.61,114.91,83.6,122.49,202.83,267.755,361.2365,319.991,70.87,-14.2857,-11.6583,2.5299,1.9338,-9.1304,1.056,-2.2025,2.9863,-24.9748,-29.5549,-6.5533
2024-12-26,3.0,87.9,123.61,114.91,83.6,122.49,202.83,267.755,361.2365,319.991,70.38,-14.2857,-11.6583,2.5299,1.9338,-9.1304,1.056,-2.2025,2.9863,-24.9748,-29.5549,-5.2887
2024-12-27,3.0,87.9,123.61,114.91,83.6,122.49,202.83,267.755,361.2365,319.991,71.28,-14.2857,-11.6583,2.5299,1.9338,-9.1304,1.056,-2.2025,2.9863,-24.9748,-29.5549,-1.0275
2024-12-28,3.0,87.9,123.61,114.91,83.6,122.49,202.83,267.755,361.2365,319.991,71.28,-14.2857,-11.6583,2.5299,1.9338,-9.1304,1.056,-2.2025,2.9863,-24.9748,-29.5549,-0.8485
2024-12-29,3.0,87.9,123.61,114.91,83.6,122.49,202.83,267.755,361.2365,319.991,71.28,-14.2857,-11.6583,2.5299,1.9338,-9.1304,1.056,-2.2025,2.9863,-24.9748,-29.5549,-0.8485
2024-12-30,3.0,87.9,123.61,114.91,83.6,122.49,202.83,267.755,361.2365,319.991,71.73,-14.2857,-11.6583,2.5299,1.9338,-9.1304,1.056,-2.2025,2.9863,-24.9748,-29.5549,-0.2226
2024-12-31,3.0,87.9,123.61,114.91,83.6,122.49,202.83,267.755,361.2365,319.991,72.44,-14.2857,-13.399,1.1538,1.5375,-9.3275,1.1896,2.0487,3.555,-20.191,-20.285,0.7651
2025-01-01,3.0,91.0,125.13,115.71,87.1,122.76,214.3599,268.831,377.853,332.6919,72.44,-14.2857,-10.3448,2.3977,2.2444,-5.5315,1.4126,7.8497,3.9712,-16.5199,-17.121,2.5772
2025-01-02,3.0,91.0,125.13,115.71,87.1,122.76,214.3599,268.831,377.853,332.6919,73.79,-14.2857,-10.3448,2.3977,2.2444,-5.5315,1.4126,7.8497,3.9712,-16.5199,-17.121,1.1237
2025-01-03,3.0,91.0,125.13,115.71,87.1,122.76,214.3599,268.831,377.853,332.6919,74.64,-14.2857,-10.3448,2.3977,2.2444,-5.5315,1.4126,7.8497,3.9712,-16.5199,-17.121,3.1224
2025-01-04,3.0,91.0,125.13,115.71,87.1,122.76,214.3599,268.831,377.853,332.6919,74.64,-14.2857,-10.3448,2.3977,2.2444,-5.5315,1.4126,7.8497,3.9712,-16.5199,-17.121,0.8649
2025-01-05,3.0,91.0,125.13,115.71,87.1,122.76,214.3599,268.831,377.853,332.6919,74.64,-14.2857,-10.3448,2.3977,2.2444,-5.5315,1.4126,7.8497,3.9712,-16.5199,-17.121,0.8649
2025-01-06,3.0,91.0,125.13,115.71,87.1,122.76,214.3599,268.831,377.853,332.6919,74.31,-14.2857,-10.3448,2.3977,2.2444,-5.5315,1.4126,7.8497,3.9712,-16.5199,-17.121,0.4189
2025-01-07,3.0,91.0,125.13,115.71,87.1,122.76,214.3599,268.831,377.853,332.6919,74.99,-14.2857,-10.3448,2.3977,2.2444,-5.5315,1.4126,7.8497,3.9712,-16.5199,-17.121,5.5305
2025-01-08,3.0,91.0,125.13,115.71,87.1,122.76,214.3599,268.831,377.853,332.6919,73.99,-14.2857,-10.3448,2.3977,2.2444,-5.5315,1.4126,7.8497,3.9712,-16.5199,-17.121,2.1538
2025-01-09,3.0,91.0,125.13,115.71,87.1,122.76,214.3599,268.831,377.853,332.6919,73.99,-14.2857,-10.3448,2.3977,2.2444,-5.5315,1.4126,7.8497,3.9712,-16.5199,-17.121,3.3813
2025-01-10,3.0,91.0,125.13,115.71,87.1,122.76,214.3599,268.831,377.853,332.6919,77.27,-14.2857,-10.3448,2.3977,2.2444,-5.5315,1.4126,7.8497,3.9712,-16.5199,-17.121,7.0963
2025-01-11,3.0,91.0,125.13,115.71,87.1,122.76,214.3599,268.831,377.853,332.6919,77.27,-14.2857,-10.3448,2.3977,2.2444,-5.5315,1.4126,7.8497,3.9712,-16.5199,-17.121,5.9364
2025-01-12,3.0,91.0,125.13,115.71,87.1,122.76,214.3599,268.831,377.853,332.6919,77.27,-14.2857,-10.3448,2.3977,2.2444,-5.5315,1.4126,7.8497,3.9712,-16.5199,-17.121,5.9364
2025-01-13,3.0,91.0,125.13,115.71,87.1,122.76,214.3599,268.831,377.853,332.6919,79.57,-14.2857,-10.3448,2.3977,2.2444,-5.5315,1.4126,7.8497,3.9712,-16.5199,-17.121,9.0897
2025-01-14,3.0,91.0,125.13,115.71,87.1,122.76,214.3599,268.831,377.853,332.6919,78.2,-14.2857,-10.3448,2.3977,2.2444,-5.5315,1.4126,7.8497,3.9712,-16.5199,-17.121,7.2114
2025-01-15,3.0,91.0,125.13,115.71,87.1,122.76,214.3599,268.831,377.853,332.6919,80.73,-14.2857,-10.3448,2.3977,2.2444,-5.5315,1.4126,7.8497,3.9712,-16.5199,-17.121,11.1524
2025-01-16,3.0,91.0,125.13,115.71,87.1,122.76,214.3599,268.831,377.853,332.6919,79.35,-14.2857,-10.3448,2.3977,2.2444,-5.5315,1.4126,7.8497,3.9712,-16.5199,-17.121,9.0122
2025-01-17,3.0,91.0,125.13,115.71,87.1,122.76,214.3599,268.831,377.853,332.6919,78.56,-14.2857,-10.3448,2.3977,2.2444,-5.5315,1.4126,7.8497,3.9712,-16.5199,-17.121,5.7051
2025-01-18,3.0,91.0,125.13,115.71,87.1,122.76,214.3599,268.831,377.853,332.6919,78.56,-14.2857,-10.3448,2.3977,2.2444,-5.5315,1.4126,7.8497,3.9712,-16.5199,-17.121,6.6088
2025-01-19,3.0,91.0,125.13,115.71,87.1,122.76,214.3599,268.831,377.853,332.6919,78.56,-14.2857,-10.3448,2.3977,2.2444,-5.5315,1.4126,7.8497,3.9712,-16.5199,-17.121,6.6088
2025-01-20,3.0,91.0,125.13,115.71,87.1,122.76,214.3599,268.831,377.853,332.6919,78.56,-14.2857,-10.3448,2.3977,2.2444,-5.5315,1.4126,7.8497,3.9712,-16.5199,-17.121,6.6088
2025-01-21,3.0,91.0,125.13,115.71,87.1,122.76,214.3599,268.831,377.853,332.6919,76.79,-14.2857,-10.3448,2.3977,2.2444,-5.5315,1.4126,7.8497,3.9712,-16.5199,-17.121,2.033
2025-01-22,3.0,91.0,125.13,115.71,87.1,122.76,214.3599,268.831,377.853,332.6919,76.12,-14.2857,-10.3448,2.3977,2.2444,-5.5315,1.4126,7.8497,3.9712,-16.5199,-17.121,1.8737
2025-01-23,3.0,91.0,125.13,115.71,87.1,122.76,214.3599,268.831,377.853,332.6919,75.03,-14.2857,-10.3448,2.3977,2.2444,-5.5315,1.4126,7.8497,3.9712,-16.5199,-17.121,-0.5962
2025-01-24,3.0,91.0,125.13,115.71,87.1,122.76,214.3599,268.831,377.853,332.6919,74.97,-14.2857,-10.3448,2.3977,2.2444,-5.5315,1.4126,7.8497,3.9712,-16.5199,-17.121,-3.7736
2025-01-25,3.0,91.0,125.13,115.71,87.1,122.76,214.3599,268.831,377.853,332.6919,74.97,-14.2857,-10.3448,2.3977,2.2444,-5.5315,1.4126,7.8497,3.9712,-16.5199,-17.121,-4.4359
2025-01-26,3.0,91.0,125.13,115.71,87.1,122.76,214.3599,268.831,377.853,332.6919,74.97,-14.2857,-10.3448,2.3977,2.2444,-5.5315,1.4126,7.8497,3.9712,-16.5199,-17.121,-4.4359
2025-01-27,3.0,91.0,125.13,115.71,87.1,122.76,214.3599,268.831,377.853,332.6919,73.51,-14.2857,-10.3448,2.3977,2.2444,-5.5315,1.4126,7.8497,3.9712,-16.5199,-17.121,-6.297
2025-01-28,3.0,91.0,125.13,115.71,87.1,122.76,214.3599,268.831,377.853,332.6919,74.15,-14.2857,-10.3448,2.3977,2.2444,-5.5315,1.4126,7.8497,3.9712,-16.5199,-17.121,-4.0129
2025-01-29,3.0,91.0,125.13,115.71,87.1,122.76,214.3599,268.831,377.853,332.6919,72.94,-14.2857,-10.3448,2.3977,2.2444,-5.5315,1.4126,7.8497,3.9712,-16.5199,-17.121,-6.8455
2025-01-30,3.0,91.0,125.13,115.71,87.1,122.76,214.3599,268.831,377.853,332.6919,73.1,-14.2857,-10.3448,2.3977,2.2444,-5.5315,1.4126,7.8497,3.9712,-16.5199,-17.121,-4.1689
2025-01-31,3.0,91.0,125.13,115.71,87.1,122.76,214.3599,268.831,377.853,332.6919,72.84,-14.2857,-10.5211,0.9439,1.6963,-7.4389,1.3289,13.4493,3.4761,-12.0712,-12.3849,-2.0441
2025-02-01,2.75,95.0,126.45,116.08,90.5,123.18,221.2545,270.797,382.084,327.9597,72.84,-21.4286,-6.588,2.0087,2.0214,-3.8257,1.6756,17.0983,4.2329,-11.0867,-13.6312,0.165
2025-02-02,2.75,95.0,126.45,116.08,90.5,123.18,221.2545,270.797,382.084,327.9597,72.84,-21.4286,-6.588,2.0087,2.0214,-3.8257,1.6756,17.0983,4.2329,-11.0867,-13.6312,0.165
2025-02-03,2.75,95.0,126.45,116.08,90.5,123.18,221.2545,270.797,382.084,327.9597,73.52,-21.4286,-6.588,2.0087,2.0214,-3.8257,1.6756,17.0983,4.2329,-11.0867,-13.6312,1.1001
2025-02-04,2.75,95.0,126.45,116.08,90.5,123.18,221.2545,270.797,382.084,327.9597,73.04,-21.4286,-6.588,2.0087,2.0214,-3.8257,1.6756,17.0983,4.2329,-11.0867,-13.6312,-0.2322
2025-02-05,2.75,95.0,126.45,116.08,90.5,123.18,221.2545,270.797,382.084,327.9597,71.39,-21.4286,-6.588,2.0087,2.0214,-3.8257,1.6756,17.0983,4.2329,-11.0867,-13.6312,-3.3049
2025-02-06,2.75,95.0,126.45,116.08,90.5,123.18,221.2545,270.797,382.084,327.9597,70.97,-21.4286,-6.588,2.0087,2.0214,-3.8257,1.6756,17.0983,4.2329,-11.0867,-13.6312,-4.4304
2025-02-07,2.75,95.0,126.45,116.08,90.5,123.18,221.2545,270.797,382.084,327.9597,71.32,-21.4286,-6.588,2.0087,2.0214,-3.8257,1.6756,17.0983,4.2329,-11.0867,-13.6312,-6.978
2025-02-08,2.75,95.0,126.45,116.08,90.5,123.18,221.2545,270.797,382.084,327.9597,71.32,-21.4286,-6.588,2.0087,2.0214,-3.8257,1.6756,17.0983,4.2329,-11.0867,-13.6312,-7.6883
2025-02-09,2.75,95.0,126.45,116.08,90.5,123.18,221.2545,270.797,382.084,327.9597,71.32,-21.4286,-6.588,2.0087,2.0214,-3.8257,1.6756,17.0983,4.2329,-11.0867,-13.6312,-7.6883
2025-02-10,2.75,95.0,126.45,116.08,90.5,123.18,221.2545,270.797,382.084,327.9597,72.73,-21.4286,-6.588,2.0087,2.0214,-3.8257,1.6756,17.0983,4.2329,-11.0867,-13.6312,-5.8633
2025-02-11,2.75,95.0,126.45,116.08,90.5,123.18,221.2545,270.797,382.084,327.9597,73.67,-21.4286,-6.588,2.0087,2.0214,-3.8257,1.6756,17.0983,4.2329,-11.0867,-13.6312,-4.7453
2025-02-12,2.75,95.0,126.45,116.08,90.5,123.18,221.2545,270.797,382.084,327.9597,71.72,-21.4286,-6.588,2.0087,2.0214,-3.8257,1.6756,17.0983,4.2329,-11.0867,-13.6312,-8.3802
2025-02-13,2.75,95.0,126.45,116.08,90.5,123.18,221.2545,270.797,382.084,327.9597,71.66,-21.4286,-6.588,2.0087,2.0214,-3.8257,1.6756,17.0983,4.2329,-11.0867,-13.6312,-7.0437
2025-02-14,2.75,95.0,126.45,116.08,90.5,123.18,221.2545,270.797,382.084,327.9597,71.05,-21.4286,-6.588,2.0087,2.0214,-3.8257,1.6756,17.0983,4.2329,-11.0867,-13.6312,-9.4558
2025-02-15,2.75,95.0,126.45,116.08,90.5,123.18,221.2545,270.797,382.084,327.9597,71.05,-21.4286,-6.588,2.0087,2.0214,-3.8257,1.6756,17.0983,4.2329,-11.0867,-13.6312,-10.7972
2025-02-16,2.75,95.0,126.45,116.08,90.5,123.18,221.2545,270.797,382.084,327.9597,71.05,-21.4286,-6.588,2.0087,2.0214,-3.8257,1.6756,17.0983,4.2329,-11.0867,-13.6312,-10.7972
2025-02-17,2.75,95.0,126.45,116.08,90.5,123.18,221.2545,270.797,382.084,327.9597,71.05,-21.4286,-6.588,2.0087,2.0214,-3.8257,1.6756,17.0983,4.2329,-11.0867,-13.6312,-10.7972
2025-02-18,2.75,95.0,126.45,116.08,90.5,123.18,221.2545,270.797,382.084,327.9597,72.21,-21.4286,-6.588,2.0087,2.0214,-3.8257,1.6756,17.0983,4.2329,-11.0867,-13.6312,-9.3409
2025-02-19,2.75,95.0,126.45,116.08,90.5,123.18,221.2545,270.797,382.084,327.9597,72.58,-21.4286,-6.588,2.0087,2.0214,-3.8257,1.6756,17.0983,4.2329,-11.0867,-13.6312,-7.7998
2025-02-20,2.75,95.0,126.45,116.08,90.5,123.18,221.2545,270.797,382.084,327.9597,72.88,-21.4286,-6.588,2.0087,2.0214,-3.8257,1.6756,17.0983,4.2329,-11.0867,-13.6312,-7.6182
2025-02-21,2.75,95.0,126.45,116.08,90.5,123.18,221.2545,270.797,382.084,327.9597,70.72,-21.4286,-6.588,2.0087,2.0214,-3.8257,1.6756,17.0983,4.2329,-11.0867,-13.6312,-11.2004
2025-02-22,2.75,95.0,126.45,116.08,90.5,123.18,221.2545,270.797,382.084,327.9597,70.72,-21.4286,-6.588,2.0087,2.0214,-3.8257,1.6756,17.0983,4.2329,-11.0867,-13.6312,-8.866
2025-02-23,2.75,95.0,126.45,116.08,90.5,123.18,221.2545,270.797,382.084,327.9597,70.72,-21.4286,-6.588,2.0087,2.0214,-3.8257,1.6756,17.0983,4.2329,-11.0867,-13.6312,-8.866
2025-02-24,2.75,95.0,126.45,116.08,90.5,123.18,221.2545,270.797,382.084,327.9597,71.06,-21.4286,-6.588,2.0087,2.0214,-3.8257,1.6756,17.0983,4.2329,-11.0867,-13.6312,-8.4278
2025-02-25,2.75,95.0,126.45,116.08,90.5,123.18,221.2545,270.797,382.084,327.9597,69.15,-21.4286,-6.588,2.0087,2.0214,-3.8257,1.6756,17.0983,4.2329,-11.0867,-13.6312,-11.9445
2025-02-26,2.75,95.0,126.45,116.08,90.5,123.18,221.2545,270.797,382.084,327.9597,68.87,-21.4286,-6.588,2.0087,2.0214,-3.8257,1.6756,17.0983,4.2329,-11.0867,-13.6312,-13.6967
2025-02-27,2.75,95.0,126.45,116.08,90.5,123.18,221.2545,270.797,382.084,327.9597,70.62,-21.4286,-6.588,2.0087,2.0214,-3.8257,1.6756,17.0983,4.2329,-11.0867,-13.6312,-11.1027
2025-02-28,2.75,95.0,126.45,116.08,90.5,123.18,221.2545,270.797,382.084,327.9597,69.97,-21.4286,-6.588,2.0087,2.0214,-3.8257,1.6756,17.0983,4.2329,-11.0867,-13.6312,-11.6763
2025-03-01,2.75,93.2,127.26,116.29,87.6,123.9,207.7517,270.878,369.3442,325.9167,69.97,-21.4286,-7.2637,2.4473,2.0535,-5.7051,2.3629,9.2124,3.413,-14.8049,-12.2266,-13.5105
2025-03-02,2.75,93.2,127.26,116.29,87.6,123.9,207.7517,270.878,369.3442,325.9167,69.97,-21.4286,-7.2637,2.4473,2.0535,-5.7051,2.3629,9.2124,3.413,-14.8049,-12.2266,-13.5105
2025-03-03,2.75,93.2,127.26,116.29,87.6,123.9,207.7517,270.878,369.3442,325.9167,68.63,-21.4286,-7.2637,2.4473,2.0535,-5.7051,2.3629,9.2124,3.413,-14.8049,-12.2266,-15.1669
2025-03-04,2.75,93.2,127.26,116.29,87.6,123.9,207.7517,270.878,369.3442,325.9167,68.47,-21.4286,-7.2637,2.4473,2.0535,-5.7051,2.3629,9.2124,3.413,-14.8049,-12.2266,-14.058
2025-03-05,2.75,93.2,127.26,116.29,87.6,123.9,207.7517,270.878,369.3442,325.9167,66.58,-21.4286,-7.2637,2.4473,2.0535,-5.7051,2.3629,9.2124,3.413,-14.8049,-12.2266,-15.8387
2025-03-06,2.75,93.2,127.26,116.29,87.6,123.9,207.7517,270.878,369.3442,325.9167,66.62,-21.4286,-7.2637,2.4473,2.0535,-5.7051,2.3629,9.2124,3.413,-14.8049,-12.2266,-16.8082
2025-03-07,2.75,93.2,127.26,116.29,87.6,123.9,207.7517,270.878,369.3442,325.9167,67.29,-21.4286,-7.2637,2.4473,2.0535,-5.7051,2.3629,9.2124,3.413,-14.8049,-12.2266,-15.6873
2025-03-08,2.75,93.2,127.26,116.29,87.6,123.9,207.7517,270.878,369.3442,325.9167,67.29,-21.4286,-7.2637,2.4473,2.0535,-5.7051,2.3629,9.2124,3.413,-14.8049,-12.2266,-14.7796
2025-03-09,2.75,93.2,127.26,116.29,87.6,123.9,207.7517,270.878,369.3442,325.9167,67.29,-21.4286,-7.2637,2.4473,2.0535,-5.7051,2.3629,9.2124,3.413,-14.8049,-12.2266,-14.7796
2025-03-10,2.75,93.2,127.26,116.29,87.6,123.9,207.7517,270.878,369.3442,325.9167,66.31,-21.4286,-7.2637,2.4473,2.0535,-5.7051,2.3629,9.2124,3.413,-14.8049,-12.2266,-16.0208
2025-03-11,2.75,93.2,127.26,116.29,87.6,123.9,207.7517,270.878,369.3442,325.9167,66.52,-21.4286,-7.2637,2.4473,2.0535,-5.7051,2.3629,9.2124,3.413,-14.8049,-12.2266,-15.6587
2025-03-12,2.75,93.2,127.26,116.29,87.6,123.9,207.7517,270.878,369.3442,325.9167,67.65,-21.4286,-7.2637,2.4473,2.0535,-5.7051,2.3629,9.2124,3.413,-14.8049,-12.2266,-13.8326
2025-03-13,2.75,93.2,127.26,116.29,87.6,123.9,207.7517,270.878,369.3442,325.9167,66.82,-21.4286,-7.2637,2.4473,2.0535,-5.7051,2.3629,9.2124,3.413,-14.8049,-12.2266,-17.1687
2025-03-14,2.75,93.2,127.26,116.29,87.6,123.9,207.7517,270.878,369.3442,325.9167,67.43,-21.4286,-7.2637,2.4473,2.0535,-5.7051,2.3629,9.2124,3.413,-14.8049,-12.2266,-17.9284
2025-03-15,2.75,93.2,127.26,116.29,87.6,123.9,207.7517,270.878,369.3442,325.9167,67.43,-21.4286,-7.2637,2.4473,2.0535,-5.7051,2.3629,9.2124,3.413,-14.8049,-12.2266,-17.7081
2025-03-16,2.75,93.2,127.26,116.29,87.6,123.9,207.7517,270.878,369.3442,325.9167,67.43,-21.4286,-7.2637,2.4473,2.0535,-5.7051,2.3629,9.2124,3.413,-14.8049,-12.2266,-17.7081
2025-03-17,2.75,93.2,127.26,116.29,87.6,123.9,207.7517,270.878,369.3442,325.9167,67.84,-21.4286,-7.2637,2.4473,2.0535,-5.7051,2.3629,9.2124,3.413,-14.8049,-12.2266,-17.2077
2025-03-18,2.75,93.2,127.26,116.29,87.6,123.9,207.7517,270.878,369.3442,325.9167,67.49,-21.4286,-7.2637,2.4473,2.0535,-5.7051,2.3629,9.2124,3.413,-14.8049,-12.2266,-19.3475
2025-03-19,2.75,93.2,127.26,116.29,87.6,123.9,207.7517,270.878,369.3442,325.9167,67.4,-21.4286,-7.2637,2.4473,2.0535,-5.7051,2.3629,9.2124,3.413,-14.8049,-12.2266,-20.1327
2025-03-20,2.75,93.2,127.26,116.29,87.6,123.9,207.7517,270.878,369.3442,325.9167,68.55,-21.4286,-7.2637,2.4473,2.0535,-5.7051,2.3629,9.2124,3.413,-14.8049,-12.2266,-17.2001
2025-03-21,2.75,93.2,127.26,116.29,87.6,123.9,207.7517,270.878,369.3442,325.9167,68.52,-21.4286,-7.2637,2.4473,2.0535,-5.7051,2.3629,9.2124,3.413,-14.8049,-12.2266,-16.4288
2025-03-22,2.75,93.2,127.26,116.29,87.6,123.9,207.7517,270.878,369.3442,325.9167,68.52,-21.4286,-7.2637,2.4473,2.0535,-5.7051,2.3629,9.2124,3.413,-14.8049,-12.2266,-15.5117
2025-03-23,2.75,93.2,127.26,116.29,87.6,123.9,207.7517,270.878,369.3442,325.9167,68.52,-21.4286,-7.2637,2.4473,2.0535,-5.7051,2.3629,9.2124,3.413,-14.8049,-12.2266,-15.5117
2025-03-24,2.75,93.2,127.26,116.29,87.6,123.9,207.7517,270.878,369.3442,325.9167,69.46,-21.4286,-7.2637,2.4473,2.0535,-5.7051,2.3629,9.2124,3.413,-14.8049,-12.2266,-14.3527
2025-03-25,2.75,93.2,127.26,116.29,87.6,123.9,207.7517,270.878,369.3442,325.9167,69.48,-21.4286,-7.2637,2.4473,2.0535,-5.7051,2.3629,9.2124,3.413,-14.8049,-12.2266,-15.6898
2025-03-26,2.75,93.2,127.26,116.29,87.6,123.9,207.7517,270.878,369.3442,325.9167,70.05,-21.4286,-7.2637,2.4473,2.0535,-5.7051,2.3629,9.2124,3.413,-14.8049,-12.2266,-14.9982
2025-03-27,2.75,93.2,127.26,116.29,87.6,123.9,207.7517,270.878,369.3442,325.9167,70.3,-21.4286,-7.2637,2.4473,2.0535,-5.7051,2.3629,9.2124,3.413,-14.8049,-12.2266,-14.4248
2025-03-28,2.75,93.2,127.26,116.29,87.6,123.9,207.7517,270.878,369.3442,325.9167,69.74,-21.4286,-7.2637,2.4473,2.0535,-5.7051,2.3629,9.2124,3.413,-14.8049,-12.2266,-16.9366
2025-03-29,2.75,93.2,127.26,116.29,87.6,123.9,207.7517,270.878,369.3442,325.9167,69.74,-21.4286,-7.2637,2.4473,2.0535,-5.7051,2.3629,9.2124,3.413,-14.8049,-12.2266,-16.9366
2025-03-30,2.75,93.2,127.26,116.29,87.6,123.9,207.7517,270.878,369.3442,325.9167,69.74,-21.4286,-7.2637,2.4473,2.0535,-5.7051,2.3629,9.2124,3.413,-14.8049,-12.2266,-16.9366
2025-03-31,2.75,93.2,127.26,116.29,87.6,123.9,207.7517,270.878,369.3442,325.9167,71.87,-21.4286,-7.2637,2.4473,2.0535,-5.7051,2.3629,9.2124,3.413,-14.8049,-12.2266,-14.3997
2025-04-01,2.75,93.6,126.48,116.38,87.9,123.92,215.5691,271.936,378.0662,321.9501,71.61,-21.4286,-6.9583,3.0387,2.0788,-7.571,2.0926,12.9225,3.4009,-11.6507,-13.7401,-15.2945
2025-04-02,2.75,93.6,126.48,116.38,87.9,123.92,215.5691,271.936,378.0662,321.9501,72.12,-21.4286,-6.9583,3.0387,2.0788,-7.571,2.0926,12.9225,3.4009,-11.6507,-13.7401,-16.0908
2025-04-03,2.75,93.6,126.48,116.38,87.9,123.92,215.5691,271.936,378.0662,321.9501,67.43,-21.4286,-6.9583,3.0387,2.0788,-7.571,2.0926,12.9225,3.4009,-11.6507,-13.7401,-21.7931
2025-04-04,2.75,93.6,126.48,116.38,87.9,123.92,215.5691,271.936,378.0662,321.9501,62.42,-21.4286,-6.9583,3.0387,2.0788,-7.571,2.0926,12.9225,3.4009,-11.6507,-13.7401,-28.5567
2025-04-05,2.75,93.6,126.48,116.38,87.9,123.92,215.5691,271.936,378.0662,321.9501,62.42,-21.4286,-6.9583,3.0387,2.0788,-7.571,2.0926,12.9225,3.4009,-11.6507,-13.7401,-28.8174
2025-04-06,2.75,93.6,126.48,116.38,87.9,123.92,215.5691,271.936,378.0662,321.9501,62.42,-21.4286,-6.9583,3.0387,2.0788,-7.571,2.0926,12.9225,3.4009,-11.6507,-13.7401,-28.8174
2025-04-07,2.75,93.6,126.48,116.38,87.9,123.92,215.5691,271.936,378.0662,321.9501,61.05,-21.4286,-6.9583,3.0387,2.0788,-7.571,2.0926,12.9225,3.4009,-11.6507,-13.7401,-30.3797
2025-04-08,2.75,93.6,126.48,116.38,87.9,123.92,215.5691,271.936,378.0662,321.9501,60.04,-21.4286,-6.9583,3.0387,2.0788,-7.571,2.0926,12.9225,3.4009,-11.6507,-13.7401,-31.1784
2025-04-09,2.75,93.6,126.48,116.38,87.9,123.92,215.5691,271.936,378.0662,321.9501,62.63,-21.4286,-6.9583,3.0387,2.0788,-7.571,2.0926,12.9225,3.4009,-11.6507,-13.7401,-27.2083
2025-04-10,2.75,93.6,126.48,116.38,87.9,123.92,215.5691,271.936,378.0662,321.9501,60.57,-21.4286,-6.9583,3.0387,2.0788,-7.571,2.0926,12.9225,3.4009,-11.6507,-13.7401,-30.3633
2025-04-11,2.75,93.6,126.48,116.38,87.9,123.92,215.5691,271.936,378.0662,321.9501,61.91,-21.4286,-6.9583,3.0387,2.0788,-7.571,2.0926,12.9225,3.4009,-11.6507,-13.7401,-27.8354
2025-04-12,2.75,93.6,126.48,116.38,87.9,123.92,215.5691,271.936,378.0662,321.9501,61.91,-21.4286,-6.9583,3.0387,2.0788,-7.571,2.0926,12.9225,3.4009,-11.6507,-13.7401,-28.3946
2025-04-13,2.75,93.6,126.48,116.38,87.9,123.92,215.5691,271.936,378.0662,321.9501,61.91,-21.4286,-6.9583,3.0387,2.0788,-7.571,2.0926,12.9225,3.4009,-11.6507,-13.7401,-28.3946
2025-04-14,2.75,93.6,126.48,116.38,87.9,123.92,215.5691,271.936,378.0662,321.9501,61.99,-21.4286,-6.9583,3.0387,2.0788,-7.571,2.0926,12.9225,3.4009,-11.6507,-13.7401,-28.3021
2025-04-15,2.75,93.6,126.48,116.38,87.9,123.92,215.5691,271.936,378.0662,321.9501,61.74,-21.4286,-6.9583,3.0387,2.0788,-7.571,2.0926,12.9225,3.4009,-11.6507,-13.7401,-28.3842
2025-04-16,2.75,93.6,126.48,116.38,87.9,123.92,215.5691,271.936,378.0662,321.9501,62.88,-21.4286,-6.9583,3.0387,2.0788,-7.571,2.0926,12.9225,3.4009,-11.6507,-13.7401,-27.011
2025-04-17,2.75,93.6,126.48,116.38,87.9,123.92,215.5691,271.936,378.0662,321.9501,65.07,-21.4286,-6.9583,3.0387,2.0788,-7.571,2.0926,12.9225,3.4009,-11.6507,-13.7401,-22.1464
2025-04-18,2.75,93.6,126.48,116.38,87.9,123.92,215.5691,271.936,378.0662,321.9501,65.07,-21.4286,-6.9583,3.0387,2.0788,-7.571,2.0926,12.9225,3.4009,-11.6507,-13.7401,-22.0719
2025-04-19,2.75,93.6,126.48,116.38,87.9,123.92,215.5691,271.936,378.0662,321.9501,65.07,-21.4286,-6.9583,3.0387,2.0788,-7.571,2.0926,12.9225,3.4009,-11.6507,-13.7401,-22.3416
2025-04-20,2.75,93.6,126.48,116.38,87.9,123.92,215.5691,271.936,378.0662,321.9501,65.07,-21.4286,-6.9583,3.0387,2.0788,-7.571,2.0926,12.9225,3.4009,-11.6507,-13.7401,-22.3416
2025-04-21,2.75,93.6,126.48,116.38,87.9,123.92,215.5691,271.936,378.0662,321.9501,63.48,-21.4286,-6.9583,3.0387,2.0788,-7.571,2.0926,12.9225,3.4009,-11.6507,-13.7401,-24.2392
2025-04-22,2.75,93.6,126.48,116.38,87.9,123.92,215.5691,271.936,378.0662,321.9501,64.6,-21.4286,-6.9583,3.0387,2.0788,-7.571,2.0926,12.9225,3.4009,-11.6507,-13.7401,-22.9301
2025-04-23,2.75,93.6,126.48,116.38,87.9,123.92,215.5691,271.936,378.0662,321.9501,62.64,-21.4286,-6.9583,3.0387,2.0788,-7.571,2.0926,12.9225,3.4009,-11.6507,-13.7401,-25.5792
2025-04-24,2.75,93.6,126.48,116.38,87.9,123.92,215.5691,271.936,378.0662,321.9501,63.55,-21.4286,-6.9583,3.0387,2.0788,-7.571,2.0926,12.9225,3.4009,-11.6507,-13.7401,-24.4262
2025-04-25,2.75,93.6,126.48,116.38,87.9,123.92,215.5691,271.936,378.0662,321.9501,63.85,-21.4286,-6.9583,3.0387,2.0788,-7.571,2.0926,12.9225,3.4009,-11.6507,-13.7401,-24.8116
2025-04-26,2.75,93.6,126.48,116.38,87.9,123.92,215.5691,271.936,378.0662,321.9501,63.85,-21.4286,-6.9583,3.0387,2.0788,-7.571,2.0926,12.9225,3.4009,-11.6507,-13.7401,-25.2167
2025-04-27,2.75,93.6,126.48,116.38,87.9,123.92,215.5691,271.936,378.0662,321.9501,63.85,-21.4286,-6.9583,3.0387,2.0788,-7.571,2.0926,12.9225,3.4009,-11.6507,-13.7401,-25.2167
2025-04-28,2.75,93.6,126.48,116.38,87.9,123.92,215.5691,271.936,378.0662,321.9501,63.3,-21.4286,-6.9583,3.0387,2.0788,-7.571,2.0926,12.9225,3.4009,-11.6507,-13.7401,-25.8609
2025-04-29,2.75,93.6,126.48,116.38,87.9,123.92,215.5691,271.936,378.0662,321.9501,61.84,-21.4286,-6.9583,3.0387,2.0788,-7.571,2.0926,12.9225,3.4009,-11.6507,-13.7401,-26.6081
2025-04-30,2.75,93.6,126.48,116.38,87.9,123.92,215.5691,271.936,378.0662,321.9501,59.55,-21.4286,-6.9583,3.0387,2.0788,-7.571,2.0926,12.9225,3.4009,-11.6507,-13.7401,-28.6741
2025-05-01,2.5,101.7,124.78,116.27,92.6,124.87,204.8084,273.336,387.65,318.9781,60.59,-28.5714,3.5642,2.3626,1.9018,-1.9068,2.8414,1.8849,3.6648,-13.3732,-21.8492,-24.9195
2025-05-02,2.5,101.7,124.78,116.27,92.6,124.87,204.8084,273.336,387.65,318.9781,59.67,-28.5714,3.5642,2.3626,1.9018,-1.9068,2.8414,1.8849,3.6648,-13.3732,-21.8492,-25.9586
2025-05-03,2.5,101.7,124.78,116.27,92.6,124.87,204.8084,273.336,387.65,318.9781,59.67,-28.5714,3.5642,2.3626,1.9018,-1.9068,2.8414,1.8849,3.6648,-13.3732,-21.8492,-25.0847
2025-05-04,2.5,101.7,124.78,116.27,92.6,124.87,204.8084,273.336,387.65,318.9781,59.67,-28.5714,3.5642,2.3626,1.9018,-1.9068,2.8414,1.8849,3.6648,-13.3732,-21.8492,-25.0847
2025-05-05,2.5,101.7,124.78,116.27,92.6,124.87,204.8084,273.336,387.65,318.9781,58.5,-28.5714,3.5642,2.3626,1.9018,-1.9068,2.8414,1.8849,3.6648,-13.3732,-21.8492,-26.5537
2025-05-06,2.5,101.7,124.78,116.27,92.6,124.87,204.8084,273.336,387.65,318.9781,60.42,-28.5714,3.5642,2.3626,1.9018,-1.9068,2.8414,1.8849,3.6648,-13.3732,-21.8492,-24.5693
2025-05-07,2.5,101.7,124.78,116.27,92.6,124.87,204.8084,273.336,387.65,318.9781,59.42,-28.5714,3.5642,2.3626,1.9018,-1.9068,2.8414,1.8849,3.6648,-13.3732,-21.8492,-25.6971
2025-05-08,2.5,101.7,124.78,116.27,92.6,124.87,204.8084,273.336,387.65,318.9781,61.25,-28.5714,3.5642,2.3626,1.9018,-1.9068,2.8414,1.8849,3.6648,-13.3732,-21.8492,-23.9791
2025-05-09,2.5,101.7,124.78,116.27,92.6,124.87,204.8084,273.336,387.65,318.9781,62.37,-28.5714,3.5642,2.3626,1.9018,-1.9068,2.8414,1.8849,3.6648,-13.3732,-21.8492,-22.8667
2025-05-10,2.5,101.7,124.78,116.27,92.6,124.87,204.8084,273.336,387.65,318.9781,62.37,-28.5714,3.5642,2.3626,1.9018,-1.9068,2.8414,1.8849,3.6648,-13.3732,-21.8492,-21.8519
2025-05-11,2.5,101.7,124.78,116.27,92.6,124.87,204.8084,273.336,387.65,318.9781,62.37,-28.5714,3.5642,2.3626,1.9018,-1.9068,2.8414,1.8849,3.6648,-13.3732,-21.8492,-21.8519
2025-05-12,2.5,101.7,124.78,116.27,92.6,124.87,204.8084,273.336,387.65,318.9781,63.32,-28.5714,3.5642,2.3626,1.9018,-1.9068,2.8414,1.8849,3.6648,-13.3732,-21.8492,-20.6616
2025-05-13,2.5,101.7,124.78,116.27,92.6,124.87,204.8084,273.336,387.65,318.9781,65.04,-28.5714,3.5642,2.3626,1.9018,-1.9068,2.8414,1.8849,3.6648,-13.3732,-21.8492,-19.4152
2025-05-14,2.5,101.7,124.78,116.27,92.6,124.87,204.8084,273.336,387.65,318.9781,64.48,-28.5714,3.5642,2.3626,1.9018,-1.9068,2.8414,1.8849,3.6648,-13.3732,-21.8492,-19.0153
2025-05-15,2.5,101.7,124.78,116.27,92.6,124.87,204.8084,273.336,387.65,318.9781,63.03,-28.5714,3.5642,2.3626,1.9018,-1.9068,2.8414,1.8849,3.6648,-13.3732,-21.8492,-21.4384
2025-05-16,2.5,101.7,124.78,116.27,92.6,124.87,204.8084,273.336,387.65,318.9781,63.84,-28.5714,3.5642,2.3626,1.9018,-1.9068,2.8414,1.8849,3.6648,-13.3732,-21.8492,-21.039
2025-05-17,2.5,101.7,124.78,116.27,92.6,124.87,204.8084,273.336,387.65,318.9781,63.84,-28.5714,3.5642,2.3626,1.9018,-1.9068,2.8414,1.8849,3.6648,-13.3732,-21.8492,-21.8222
2025-05-18,2.5,101.7,124.78,116.27,92.6,124.87,204.8084,273.336,387.65,318.9781,63.84,-28.5714,3.5642,2.3626,1.9018,-1.9068,2.8414,1.8849,3.6648,-13.3732,-21.8492,-21.8222
2025-05-19,2.5,101.7,124.78,116.27,92.6,124.87,204.8084,273.336,387.65,318.9781,63.98,-28.5714,3.5642,2.3626,1.9018,-1.9068,2.8414,1.8849,3.6648,-13.3732,-21.8492,-21.6507
2025-05-20,2.5,101.7,124.78,116.27,92.6,124.87,204.8084,273.336,387.65,318.9781,63.97,-28.5714,3.5642,2.3626,1.9018,-1.9068,2.8414,1.8849,3.6648,-13.3732,-21.8492,-21.4031
2025-05-21,2.5,101.7,124.78,116.27,92.6,124.87,204.8084,273.336,387.65,318.9781,62.93,-28.5714,3.5642,2.3626,1.9018,-1.9068,2.8414,1.8849,3.6648,-13.3732,-21.8492,-21.9812
2025-05-22,2.5,101.7,124.78,116.27,92.6,124.87,204.8084,273.336,387.65,318.9781,62.55,-28.5714,3.5642,2.3626,1.9018,-1.9068,2.8414,1.8849,3.6648,-13.3732,-21.8492,-20.9728
2025-05-23,2.5,101.7,124.78,116.27,92.6,124.87,204.8084,273.336,387.65,318.9781,62.89,-28.5714,3.5642,2.3626,1.9018,-1.9068,2.8414,1.8849,3.6648,-13.3732,-21.8492,-18.8202
2025-05-24,2.5,101.7,124.78,116.27,92.6,124.87,204.8084,273.336,387.65,318.9781,62.89,-28.5714,3.5642,2.3626,1.9018,-1.9068,2.8414,1.8849,3.6648,-13.3732,-21.8492,-19.8649
2025-05-25,2.5,101.7,124.78,116.27,92.6,124.87,204.8084,273.336,387.65,318.9781,62.89,-28.5714,3.5642,2.3626,1.9018,-1.9068,2.8414,1.8849,3.6648,-13.3732,-21.8492,-19.8649
2025-05-26,2.5,101.7,124.78,116.27,92.6,124.87,204.8084,273.336,387.65,318.9781,62.89,-28.5714,3.5642,2.3626,1.9018,-1.9068,2.8414,1.8849,3.6648,-13.3732,-21.8492,-19.8649
2025-05-27,2.5,101.7,124.78,116.27,92.6,124.87,204.8084,273.336,387.65,318.9781,61.61,-28.5714,3.5642,2.3626,1.9018,-1.9068,2.8414,1.8849,3.6648,-13.3732,-21.8492,-21.4959
2025-05-28,2.5,101.7,124.78,116.27,92.6,124.87,204.8084,273.336,387.65,318.9781,62.54,-28.5714,3.5642,2.3626,1.9018,-1.9068,2.8414,1.8849,3.6648,-13.3732,-21.8492,-22.6947
2025-05-29,2.5,101.7,124.78,116.27,92.6,124.87,204.8084,273.336,387.65,318.9781,61.66,-28.5714,3.5642,2.3626,1.9018,-1.9068,2.8414,1.8849,3.6648,-13.3732,-21.8492,-23.1555
2025-05-30,2.5,101.7,124.78,116.27,92.6,124.87,204.8084,273.336,387.65,318.9781,61.46,-28.5714,3.5642,2.3626,1.9018,-1.9068,2.8414,1.8849,3.6648,-13.3732,-21.8492,-22.1631
2025-05-31,2.5,101.7,124.78,116.27,92.6,124.87,204.8084,273.336,387.65,318.9781,61.46,-28.5714,3.5642,2.3626,1.9018,-1.9068,2.8414,1.8849,3.6648,-13.3732,-21.8492,-21.1748
2025-06-01,2.5,108.6,124.74,116.31,93.2,125.22,195.7191,274.942,383.5207,313.1158,61.46,-28.5714,7.8451,3.3643,2.1697,-2.3061,3.0193,2.3416,3.6652,-11.0102,-21.6544,-21.1748
2025-06-02,2.5,108.6,124.74,116.31,93.2,125.22,195.7191,274.942,383.5207,313.1158,63.27,-28.5714,7.8451,3.3643,2.1697,-2.3061,3.0193,2.3416,3.6652,-11.0102,-21.6544,-18.8534
2025-06-03,2.5,108.6,124.74,116.31,93.2,125.22,195.7191,274.942,383.5207,313.1158,64.1,-28.5714,7.8451,3.3643,2.1697,-2.3061,3.0193,2.3416,3.6652,-11.0102,-21.6544,-14.8286
2025-06-04,2.5,108.6,124.74,116.31,93.2,125.22,195.7191,274.942,383.5207,313.1158,63.57,-28.5714,7.8451,3.3643,2.1697,-2.3061,3.0193,2.3416,3.6652,-11.0102,-21.6544,-14.4069
2025-06-05,2.5,108.6,124.74,116.31,93.2,125.22,195.7191,274.942,383.5207,313.1158,64.06,-28.5714,7.8451,3.3643,2.1697,-2.3061,3.0193,2.3416,3.6652,-11.0102,-21.6544,-14.6777
2025-06-06,2.5,108.6,124.74,116.31,93.2,125.22,195.7191,274.942,383.5207,313.1158,65.3,-28.5714,7.8451,3.3643,2.1697,-2.3061,3.0193,2.3416,3.6652,-11.0102,-21.6544,-14.6628
2025-06-07,2.5,108.6,124.74,116.31,93.2,125.22,195.7191,274.942,383.5207,313.1158,65.3,-28.5714,7.8451,3.3643,2.1697,-2.3061,3.0193,2.3416,3.6652,-11.0102,-21.6544,-14.674
2025-06-08,2.5,108.6,124.74,116.31,93.2,125.22,195.7191,274.942,383.5207,313.1158,65.3,-28.5714,7.8451,3.3643,2.1697,-2.3061,3.0193,2.3416,3.6652,-11.0102,-21.6544,-14.674
2025-06-09,2.5,108.6,124.74,116.31,93.2,125.22,195.7191,274.942,383.5207,313.1158,65.99,-28.5714,7.8451,3.3643,2.1697,-2.3061,3.0193,2.3416,3.6652,-11.0102,-21.6544,-13.7724
2025-06-10,2.5,108.6,124.74,116.31,93.2,125.22,195.7191,274.942,383.5207,313.1158,65.66,-28.5714,7.8451,3.3643,2.1697,-2.3061,3.0193,2.3416,3.6652,-11.0102,-21.6544,-16.6222
2025-06-11,2.5,108.6,124.74,116.31,93.2,125.22,195.7191,274.942,383.5207,313.1158,68.91,-28.5714,7.8451,3.3643,2.1697,-2.3061,3.0193,2.3416,3.6652,-11.0102,-21.6544,-12.6395
2025-06-12,2.5,108.6,124.74,116.31,93.2,125.22,195.7191,274.942,383.5207,313.1158,68.73,-28.5714,7.8451,3.3643,2.1697,-2.3061,3.0193,2.3416,3.6652,-11.0102,-21.6544,-13.6124
2025-06-13,2.5,108.6,124.74,116.31,93.2,125.22,195.7191,274.942,383.5207,313.1158,73.84,-28.5714,7.8451,3.3643,2.1697,-2.3061,3.0193,2.3416,3.6652,-11.0102,-21.6544,-7.2478
2025-06-14,2.5,108.6,124.74,116.31,93.2,125.22,195.7191,274.942,383.5207,313.1158,73.84,-28.5714,7.8451,3.3643,2.1697,-2.3061,3.0193,2.3416,3.6652,-11.0102,-21.6544,-7.0142
2025-06-15,2.5,108.6,124.74,116.31,93.2,125.22,195.7191,274.942,383.5207,313.1158,73.84,-28.5714,7.8451,3.3643,2.1697,-2.3061,3.0193,2.3416,3.6652,-11.0102,-21.6544,-7.0142
2025-06-16,2.5,108.6,124.74,116.31,93.2,125.22,195.7191,274.942,383.5207,313.1158,72.53,-28.5714,7.8451,3.3643,2.1697,-2.3061,3.0193,2.3416,3.6652,-11.0102,-21.6544,-8.6639
2025-06-17,2.5,108.6,124.74,116.31,93.2,125.22,195.7191,274.942,383.5207,313.1158,75.62,-28.5714,7.8451,3.3643,2.1697,-2.3061,3.0193,2.3416,3.6652,-11.0102,-21.6544,-7.0208
2025-06-18,2.5,108.6,124.74,116.31,93.2,125.22,195.7191,274.942,383.5207,313.1158,75.89,-28.5714,7.8451,3.3643,2.1697,-2.3061,3.0193,2.3416,3.6652,-11.0102,-21.6544,-8.2013
2025-06-19,2.5,108.6,124.74,116.31,93.2,125.22,195.7191,274.942,383.5207,313.1158,75.89,-28.5714,7.8451,3.3643,2.1697,-2.3061,3.0193,2.3416,3.6652,-11.0102,-21.6544,-8.2013
2025-06-20,2.5,108.6,124.74,116.31,93.2,125.22,195.7191,274.942,383.5207,313.1158,75.72,-28.5714,7.8451,3.3643,2.1697,-2.3061,3.0193,2.3416,3.6652,-11.0102,-21.6544,-9.1433
2025-06-21,2.5,108.6,124.74,116.31,93.2,125.22,195.7191,274.942,383.5207,313.1158,75.72,-28.5714,7.8451,3.3643,2.1697,-2.3061,3.0193,2.3416,3.6652,-11.0102,-21.6544,-7.3308
2025-06-22,2.5,108.6,124.74,116.31,93.2,125.22,195.7191,274.942,383.5207,313.1158,75.72,-28.5714,7.8451,3.3643,2.1697,-2.3061,3.0193,2.3416,3.6652,-11.0102,-21.6544,-7.3308
2025-06-23,2.5,108.6,124.74,116.31,93.2,125.22,195.7191,274.942,383.5207,313.1158,69.36,-28.5714,7.8451,3.3643,2.1697,-2.3061,3.0193,2.3416,3.6652,-11.0102,-21.6544,-15.1144
2025-06-24,2.5,108.6,124.74,116.31,93.2,125.22,195.7191,274.942,383.5207,313.1158,65.45,-28.5714,7.8451,3.3643,2.1697,-2.3061,3.0193,2.3416,3.6652,-11.0102,-21.6544,-20.7915
2025-06-25,2.5,108.6,124.74,116.31,93.2,125.22,195.7191,274.942,383.5207,313.1158,65.98,-28.5714,7.8451,3.3643,2.1697,-2.3061,3.0193,2.3416,3.6652,-11.0102,-21.6544,-19.5071
2025-06-26,2.5,108.6,124.74,116.31,93.2,125.22,195.7191,274.942,383.5207,313.1158,66.44,-28.5714,7.8451,3.3643,2.1697,-2.3061,3.0193,2.3416,3.6652,-11.0102,-21.6544,-19.1629
2025-06-27,2.5,108.6,124.74,116.31,93.2,125.22,195.7191,274.942,383.5207,313.1158,66.66,-28.5714,7.8451,3.3643,2.1697,-2.3061,3.0193,2.3416,3.6652,-11.0102,-21.6544,-19.7254
2025-06-28,2.5,108.6,124.74,116.31,93.2,125.22,195.7191,274.942,383.5207,313.1158,66.66,-28.5714,7.8451,3.3643,2.1697,-2.3061,3.0193,2.3416,3.6652,-11.0102,-21.6544,-19.5219
2025-06-29,2.5,108.6,124.74,116.31,93.2,125.22,195.7191,274.942,383.5207,313.1158,66.66,-28.5714,7.8451,3.3643,2.1697,-2.3061,3.0193,2.3416,3.6652,-11.0102,-21.6544,-19.5219
2025-06-30,2.5,108.6,124.74,116.31,93.2,125.22,195.7191,274.942,383.5207,313.1158,66.3,-28.5714,7.8451,3.3643,2.1697,-2.3061,3.0193,2.3416,3.6652,-11.0102,-21.6544,-19.9565
2025-07-01,2.5,110.7,125.75,116.52,93.3,125.66,192.4526,275.335,374.7693,245.5437,66.64,-28.5714,6.8533,3.4639,2.0941,-3.516,2.8062,8.2607,3.3761,-8.8335,-37.6784,-21.3223
2025-07-02,2.5,110.7,125.75,116.52,93.3,125.66,192.4526,275.335,374.7693,245.5437,68.66,-28.5714,6.8533,3.4639,2.0941,-3.516,2.8062,8.2607,3.3761,-8.8335,-37.6784,-18.3494
2025-07-03,2.5,110.7,125.75,116.52,93.3,125.66,192.4526,275.335,374.7693,245.5437,68.13,-28.5714,6.8533,3.4639,2.0941,-3.516,2.8062,8.2607,3.3761,-8.8335,-37.6784,-20.0258
2025-07-04,2.5,110.7,125.75,116.52,93.3,125.66,192.4526,275.335,374.7693,245.5437,68.13,-28.5714,6.8533,3.4639,2.0941,-3.516,2.8062,8.2607,3.3761,-8.8335,-37.6784,-20.0258
2025-07-05,2.5,110.7,125.75,116.52,93.3,125.66,192.4526,275.335,374.7693,245.5437,68.13,-28.5714,6.8533,3.4639,2.0941,-3.516,2.8062,8.2607,3.3761,-8.8335,-37.6784,-19.3155
2025-07-06,2.5,110.7,125.75,116.52,93.3,125.66,192.4526,275.335,374.7693,245.5437,68.13,-28.5714,6.8533,3.4639,2.0941,-3.516,2.8062,8.2607,3.3761,-8.8335,-37.6784,-19.3155
2025-07-07,2.5,110.7,125.75,116.52,93.3,125.66,192.4526,275.335,374.7693,245.5437,69.16,-28.5714,6.8533,3.4639,2.0941,-3.516,2.8062,8.2607,3.3761,-8.8335,-37.6784,-18.0957
2025-07-08,2.5,110.7,125.75,116.52,93.3,125.66,192.4526,275.335,374.7693,245.5437,69.55,-28.5714,6.8533,3.4639,2.0941,-3.516,2.8062,8.2607,3.3761,-8.8335,-37.6784,-16.8361
2025-07-09,2.5,110.7,125.75,116.52,93.3,125.66,192.4526,275.335,374.7693,245.5437,69.61,-28.5714,6.8533,3.4639,2.0941,-3.516,2.8062,8.2607,3.3761,-8.8335,-37.6784,-15.9096
2025-07-10,2.5,110.7,125.75,116.52,93.3,125.66,192.4526,275.335,374.7693,245.5437,67.78,-28.5714,6.8533,3.4639,2.0941,-3.516,2.8062,8.2607,3.3761,-8.8335,-37.6784,-18.7193
2025-07-11,2.5,110.7,125.75,116.52,93.3,125.66,192.4526,275.335,374.7693,245.5437,69.63,-28.5714,6.8533,3.4639,2.0941,-3.516,2.8062,8.2607,3.3761,-8.8335,-37.6784,-17.0281
2025-07-12,2.5,110.7,125.75,116.52,93.3,125.66,192.4526,275.335,374.7693,245.5437,69.63,-28.5714,6.8533,3.4639,2.0941,-3.516,2.8062,8.2607,3.3761,-8.8335,-37.6784,-16.6008
2025-07-13,2.5,110.7,125.75,116.52,93.3,125.66,192.4526,275.335,374.7693,245.5437,69.63,-28.5714,6.8533,3.4639,2.0941,-3.516,2.8062,8.2607,3.3761,-8.8335,-37.6784,-16.6008
2025-07-14,2.5,110.7,125.75,116.52,93.3,125.66,192.4526,275.335,374.7693,245.5437,68.19,-28.5714,6.8533,3.4639,2.0941,-3.516,2.8062,8.2607,3.3761,-8.8335,-37.6784,-18.3255
2025-07-15,2.5,110.7,125.75,116.52,93.3,125.66,192.4526,275.335,374.7693,245.5437,67.76,-28.5714,6.8533,3.4639,2.0941,-3.516,2.8062,8.2607,3.3761,-8.8335,-37.6784,-18.5773
2025-07-16,2.5,110.7,125.75,116.52,93.3,125.66,192.4526,275.335,374.7693,245.5437,67.13,-28.5714,6.8533,3.4639,2.0941,-3.516,2.8062,8.2607,3.3761,-8.8335,-37.6784,-18.0542
2025-07-17,2.5,110.7,125.75,116.52,93.3,125.66,192.4526,275.335,374.7693,245.5437,68.76,-28.5714,6.8533,3.4639,2.0941,-3.516,2.8062,8.2607,3.3761,-8.8335,-37.6784,-18.2985
2025-07-18,2.5,110.7,125.75,116.52,93.3,125.66,192.4526,275.335,374.7693,245.5437,68.53,-28.5714,6.8533,3.4639,2.0941,-3.516,2.8062,8.2607,3.3761,-8.8335,-37.6784,-18.5814
2025-07-19,2.5,110.7,125.75,116.52,93.3,125.66,192.4526,275.335,374.7693,245.5437,68.53,-28.5714,6.8533,3.4639,2.0941,-3.516,2.8062,8.2607,3.3761,-8.8335,-37.6784,-15.8418
2025-07-20,2.5,110.7,125.75,116.52,93.3,125.66,192.4526,275.335,374.7693,245.5437,68.53,-28.5714,6.8533,3.4639,2.0941,-3.516,2.8062,8.2607,3.3761,-8.8335,-37.6784,-15.8418
2025-07-21,2.5,110.7,125.75,116.52,93.3,125.66,192.4526,275.335,374.7693,245.5437,68.39,-28.5714,6.8533,3.4639,2.0941,-3.516,2.8062,8.2607,3.3761,-8.8335,-37.6784,-16.0138
2025-07-22,2.5,110.7,125.75,116.52,93.3,125.66,192.4526,275.335,374.7693,245.5437,67.56,-28.5714,6.8533,3.4639,2.0941,-3.516,2.8062,8.2607,3.3761,-8.8335,-37.6784,-16.8492
2025-07-23,2.5,110.7,125.75,116.52,93.3,125.66,192.4526,275.335,374.7693,245.5437,66.05,-28.5714,6.8533,3.4639,2.0941,-3.516,2.8062,8.2607,3.3761,-8.8335,-37.6784,-15.5803
2025-07-24,2.5,110.7,125.75,116.52,93.3,125.66,192.4526,275.335,374.7693,245.5437,67.16,-28.5714,6.8533,3.4639,2.0941,-3.516,2.8062,8.2607,3.3761,-8.8335,-37.6784,-14.7499
2025-07-25,2.5,110.7,125.75,116.52,93.3,125.66,192.4526,275.335,374.7693,245.5437,66.38,-28.5714,6.8533,3.4639,2.0941,-3.516,2.8062,8.2607,3.3761,-8.8335,-37.6784,-16.4296
2025-07-26,2.5,110.7,125.75,116.52,93.3,125.66,192.4526,275.335,374.7693,245.5437,66.38,-28.5714,6.8533,3.4639,2.0941,-3.516,2.8062,8.2607,3.3761,-8.8335,-37.6784,-15.5256
2025-07-27,2.5,110.7,125.75,116.52,93.3,125.66,192.4526,275.335,374.7693,245.5437,66.38,-28.5714,6.8533,3.4639,2.0941,-3.516,2.8062,8.2607,3.3761,-8.8335,-37.6784,-15.5256
2025-07-28,2.5,110.7,125.75,116.52,93.3,125.66,192.4526,275.335,374.7693,245.5437,67.81,-28.5714,6.8533,3.4639,2.0941,-3.516,2.8062,8.2607,3.3761,-8.8335,-37.6784,-13.7058
2025-07-29,2.5,110.7,125.75,116.52,93.3,125.66,192.4526,275.335,374.7693,245.5437,70.27,-28.5714,6.8533,3.4639,2.0941,-3.516,2.8062,8.2607,3.3761,-8.8335,-37.6784,-9.0591
2025-07-30,2.5,110.7,125.75,116.52,93.3,125.66,192.4526,275.335,374.7693,245.5437,71.09,-28.5714,6.8533,3.4639,2.0941,-3.516,2.8062,8.2607,3.3761,-8.8335,-37.6784,-6.6693
2025-07-31,2.5,110.7,125.75,116.52,93.3,125.66,192.4526,275.335,374.7693,245.5437,70.36,-28.5714,6.8533,3.4639,2.0941,-3.516,2.8062,8.2607,3.3761,-8.8335,-37.6784,-11.3407
2025-08-01,2.5,111.2,128.96,116.45,95.0,125.99,183.0247,277.133,372.9628,281.362,68.39,-28.5714,10.5368,4.8541,1.6675,0.211,3.5166,8.1088,4.212,3.077,-20.8491,-12.0273
2025-08-02,2.5,111.2,128.96,116.45,95.0,125.99,183.0247,277.133,372.9628,281.362,68.39,-28.5714,10.5368,4.8541,1.6675,0.211,3.5166,8.1088,4.212,3.077,-20.8491,-8.8012
2025-08-03,2.5,111.2,128.96,116.45,95.0,125.99,183.0247,277.133,372.9628,281.362,68.39,-28.5714,10.5368,4.8541,1.6675,0.211,3.5166,8.1088,4.212,3.077,-20.8491,-8.8012
2025-08-04,2.5,111.2,128.96,116.45,95.0,125.99,183.0247,277.133,372.9628,281.362,67.33,-28.5714,10.5368,4.8541,1.6675,0.211,3.5166,8.1088,4.212,3.077,-20.8491,-10.2147
2025-08-05,2.5,111.2,128.96,116.45,95.0,125.99,183.0247,277.133,372.9628,281.362,66.2,-28.5714,10.5368,4.8541,1.6675,0.211,3.5166,8.1088,4.212,3.077,-20.8491,-11.0932
2025-08-06,2.5,111.2,128.96,116.45,95.0,125.99,183.0247,277.133,372.9628,281.362,65.38,-28.5714,10.5368,4.8541,1.6675,0.211,3.5166,8.1088,4.212,3.077,-20.8491,-12.3592
2025-08-07,2.5,111.2,128.96,116.45,95.0,125.99,183.0247,277.133,372.9628,281.362,64.9,-28.5714,10.5368,4.8541,1.6675,0.211,3.5166,8.1088,4.212,3.077,-20.8491,-15.3625
2025-08-08,2.5,111.2,128.96,116.45,95.0,125.99,183.0247,277.133,372.9628,281.362,64.94,-28.5714,10.5368,4.8541,1.6675,0.211,3.5166,8.1088,4.212,3.077,-20.8491,-16.3575
2025-08-09,2.5,111.2,128.96,116.45,95.0,125.99,183.0247,277.133,372.9628,281.362,64.94,-28.5714,10.5368,4.8541,1.6675,0.211,3.5166,8.1088,4.212,3.077,-20.8491,-17.0414
2025-08-10,2.5,111.2,128.96,116.45,95.0,125.99,183.0247,277.133,372.9628,281.362,64.94,-28.5714,10.5368,4.8541,1.6675,0.211,3.5166,8.1088,4.212,3.077,-20.8491,-17.0414
2025-08-11,2.5,111.2,128.96,116.45,95.0,125.99,183.0247,277.133,372.9628,281.362,65.03,-28.5714,10.5368,4.8541,1.6675,0.211,3.5166,8.1088,4.212,3.077,-20.8491,-16.9264
2025-08-12,2.5,111.2,128.96,116.45,95.0,125.99,183.0247,277.133,372.9628,281.362,64.22,-28.5714,10.5368,4.8541,1.6675,0.211,3.5166,8.1088,4.212,3.077,-20.8491,-21.1541
2025-08-13,2.5,111.2,128.96,116.45,95.0,125.99,183.0247,277.133,372.9628,281.362,63.68,-28.5714,10.5368,4.8541,1.6675,0.211,3.5166,8.1088,4.212,3.077,-20.8491,-20.2105
2025-08-14,2.5,111.2,128.96,116.45,95.0,125.99,183.0247,277.133,372.9628,281.362,64.99,-28.5714,10.5368,4.8541,1.6675,0.211,3.5166,8.1088,4.212,3.077,-20.8491,-17.1785
2025-08-15,2.5,111.2,128.96,116.45,95.0,125.99,183.0247,277.133,372.9628,281.362,63.78,-28.5714,10.5368,4.8541,1.6675,0.211,3.5166,8.1088,4.212,3.077,-20.8491,-19.9347
2025-08-16,2.5,111.2,128.96,116.45,95.0,125.99,183.0247,277.133,372.9628,281.362,63.78,-28.5714,10.5368,4.8541,1.6675,0.211,3.5166,8.1088,4.212,3.077,-20.8491,-18.2832
2025-08-17,2.5,111.2,128.96,116.45,95.0,125.99,183.0247,277.133,372.9628,281.362,63.78,-28.5714,10.5368,4.8541,1.6675,0.211,3.5166,8.1088,4.212,3.077,-20.8491,-18.2832
2025-08-18,2.5,111.2,128.96,116.45,95.0,125.99,183.0247,277.133,372.9628,281.362,64.51,-28.5714,10.5368,4.8541,1.6675,0.211,3.5166,8.1088,4.212,3.077,-20.8491,-17.3479
2025-08-19,2.5,111.2,128.96,116.45,95.0,125.99,183.0247,277.133,372.9628,281.362,63.38,-28.5714,10.5368,4.8541,1.6675,0.211,3.5166,8.1088,4.212,3.077,-20.8491,-16.4073
2025-08-20,2.5,111.2,128.96,116.45,95.0,125.99,183.0247,277.133,372.9628,281.362,64.19,-28.5714,10.5368,4.8541,1.6675,0.211,3.5166,8.1088,4.212,3.077,-20.8491,-14.7203
2025-08-21,2.5,111.2,128.96,116.45,95.0,125.99,183.0247,277.133,372.9628,281.362,64.56,-28.5714,10.5368,4.8541,1.6675,0.211,3.5166,8.1088,4.212,3.077,-20.8491,-11.2699
2025-08-22,2.5,111.2,128.96,116.45,95.0,125.99,183.0247,277.133,372.9628,281.362,64.08,-28.5714,10.5368,4.8541,1.6675,0.211,3.5166,8.1088,4.212,3.077,-20.8491,-13.0765
2025-08-23,2.5,111.2,128.96,116.45,95.0,125.99,183.0247,277.133,372.9628,281.362,64.08,-28.5714,10.5368,4.8541,1.6675,0.211,3.5166,8.1088,4.212,3.077,-20.8491,-15.484
2025-08-24,2.5,111.2,128.96,116.45,95.0,125.99,183.0247,277.133,372.9628,281.362,64.08,-28.5714,10.5368,4.8541,1.6675,0.211,3.5166,8.1088,4.212,3.077,-20.8491,-15.484
2025-08-25,2.5,111.2,128.96,116.45,95.0,125.99,183.0247,277.133,372.9628,281.362,65.18,-28.5714,10.5368,4.8541,1.6675,0.211,3.5166,8.1088,4.212,3.077,-20.8491,-14.0332
2025-08-26,2.5,111.2,128.96,116.45,95.0,125.99,183.0247,277.133,372.9628,281.362,63.6,-28.5714,10.5368,4.8541,1.6675,0.211,3.5166,8.1088,4.212,3.077,-20.8491,-18.8776
2025-08-27,2.5,111.2,128.96,116.45,95.0,125.99,183.0247,277.133,372.9628,281.362,64.49,-28.5714,10.5368,4.8541,1.6675,0.211,3.5166,8.1088,4.212,3.077,-20.8491,-15.6993
2025-08-28,2.5,111.2,128.96,116.45,95.0,125.99,183.0247,277.133,372.9628,281.362,64.96,-28.5714,10.5368,4.8541,1.6675,0.211,3.5166,8.1088,4.212,3.077,-20.8491,-13.9489
2025-08-29,2.5,111.2,128.96,116.45,95.0,125.99,183.0247,277.133,372.9628,281.362,64.36,-28.5714,10.5368,4.8541,1.6675,0.211,3.5166,8.1088,4.212,3.077,-20.8491,-16.3069
2025-08-30,2.5,111.2,128.96,116.45,95.0,125.99,183.0247,277.133,372.9628,281.362,64.36,-28.5714,10.5368,4.8541,1.6675,0.211,3.5166,8.1088,4.212,3.077,-20.8491,-13.6339
2025-08-31,2.5,111.2,128.96,116.45,95.0,125.99,183.0247,277.133,372.9628,281.362,64.36,-28.5714,10.5368,4.8541,1.6675,0.211,3.5166,8.1088,4.212,3.077,-20.8491,-13.6339
2025-09-01,2.5,110.0,128.82,117.06,91.7,125.15,196.1459,279.089,368.5744,325.7359,64.36,-28.5714,10.2204,3.2874,2.102,-2.8602,2.7251,6.8008,4.471,-0.9463,-8.059,-13.6339
2025-09-02,2.5,110.0,128.82,117.06,91.7,125.15,196.1459,279.089,368.5744,325.7359,65.95,-28.5714,10.2204,3.2874,2.102,-2.8602,2.7251,6.8008,4.471,-0.9463,-8.059,-11.5003
2025-09-03,2.5,110.0,128.82,117.06,91.7,125.15,196.1459,279.089,368.5744,325.7359,64.36,-28.5714,10.2204,3.2874,2.102,-2.8602,2.7251,6.8008,4.471,-0.9463,-8.059,-9.7082
2025-09-04,2.5,110.0,128.82,117.06,91.7,125.15,196.1459,279.089,368.5744,325.7359,63.81,-28.5714,10.2204,3.2874,2.102,-2.8602,2.7251,6.8008,4.471,-0.9463,-8.059,-8.9859
2025-09-05,2.5,110.0,128.82,117.06,91.7,125.15,196.1459,279.089,368.5744,325.7359,62.22,-28.5714,10.2204,3.2874,2.102,-2.8602,2.7251,6.8008,4.471,-0.9463,-8.059,-11.2284
2025-09-06,2.5,110.0,128.82,117.06,91.7,125.15,196.1459,279.089,368.5744,325.7359,62.22,-28.5714,10.2204,3.2874,2.102,-2.8602,2.7251,6.8008,4.471,-0.9463,-8.059,-9.2738
2025-09-07,2.5,110.0,128.82,117.06,91.7,125.15,196.1459,279.089,368.5744,325.7359,62.22,-28.5714,10.2204,3.2874,2.102,-2.8602,2.7251,6.8008,4.471,-0.9463,-8.059,-9.2738
2025-09-08,2.5,110.0,128.82,117.06,91.7,125.15,196.1459,279.089,368.5744,325.7359,62.6,-28.5714,10.2204,3.2874,2.102,-2.8602,2.7251,6.8008,4.471,-0.9463,-8.059,-8.7197
2025-09-09,2.5,110.0,128.82,117.06,91.7,125.15,196.1459,279.089,368.5744,325.7359,62.97,-28.5714,10.2204,3.2874,2.102,-2.8602,2.7251,6.8008,4.471,-0.9463,-8.059,-9.5908
2025-09-10,2.5,110.0,128.82,117.06,91.7,125.15,196.1459,279.089,368.5744,325.7359,64.01,-28.5714,10.2204,3.2874,2.102,-2.8602,2.7251,6.8008,4.471,-0.9463,-8.059,-4.0761
2025-09-11,2.5,110.0,128.82,117.06,91.7,125.15,196.1459,279.089,368.5744,325.7359,62.71,-28.5714,10.2204,3.2874,2.102,-2.8602,2.7251,6.8008,4.471,-0.9463,-8.059,-8.1172
2025-09-12,2.5,110.0,128.82,117.06,91.7,125.15,196.1459,279.089,368.5744,325.7359,63.02,-28.5714,10.2204,3.2874,2.102,-2.8602,2.7251,6.8008,4.471,-0.9463,-8.059,-9.8297
2025-09-13,2.5,110.0,128.82,117.06,91.7,125.15,196.1459,279.089,368.5744,325.7359,63.02,-28.5714,10.2204,3.2874,2.102,-2.8602,2.7251,6.8008,4.471,-0.9463,-8.059,-9.441
2025-09-14,2.5,110.0,128.82,117.06,91.7,125.15,196.1459,279.089,368.5744,325.7359,63.02,-28.5714,10.2204,3.2874,2.102,-2.8602,2.7251,6.8008,4.471,-0.9463,-8.059,-9.441
2025-09-15,2.5,110.0,128.82,117.06,91.7,125.15,196.1459,279.089,368.5744,325.7359,63.66,-28.5714,10.2204,3.2874,2.102,-2.8602,2.7251,6.8008,4.471,-0.9463,-8.059,-8.5213
2025-09-16,2.5,110.0,128.82,117.06,91.7,125.15,196.1459,279.089,368.5744,325.7359,64.89,-28.5714,10.2204,3.2874,2.102,-2.8602,2.7251,6.8008,4.471,-0.9463,-8.059,-8.7342
2025-09-17,2.5,110.0,128.82,117.06,91.7,125.15,196.1459,279.089,368.5744,325.7359,64.41,-28.5714,10.2204,3.2874,2.102,-2.8602,2.7251,6.8008,4.471,-0.9463,-8.059,-10.74
2025-09-18,2.5,110.0,128.82,117.06,91.7,125.15,196.1459,279.089,368.5744,325.7359,63.91,-28.5714,10.2204,3.2874,2.102,-2.8602,2.7251,6.8008,4.471,-0.9463,-8.059,-11.0756
2025-09-19,2.5,110.0,128.82,117.06,91.7,125.15,196.1459,279.089,368.5744,325.7359,63.02,-28.5714,10.2204,3.2874,2.102,-2.8602,2.7251,6.8008,4.471,-0.9463,-8.059,-13.5054
2025-09-20,2.5,110.0,128.82,117.06,91.7,125.15,196.1459,279.089,368.5744,325.7359,63.02,-28.5714,10.2204,3.2874,2.102,-2.8602,2.7251,6.8008,4.471,-0.9463,-8.059,-13.3388
2025-09-21,2.5,110.0,128.82,117.06,91.7,125.15,196.1459,279.089,368.5744,325.7359,63.02,-28.5714,10.2204,3.2874,2.102,-2.8602,2.7251,6.8008,4.471,-0.9463,-8.059,-13.3388
2025-09-22,2.5,110.0,128.82,117.06,91.7,125.15,196.1459,279.089,368.5744,325.7359,62.99,-28.5714,10.2204,3.2874,2.102,-2.8602,2.7251,6.8008,4.471,-0.9463,-8.059,-13.3801
2025-09-23,2.5,110.0,128.82,117.06,91.7,125.15,196.1459,279.089,368.5744,325.7359,63.76,-28.5714,10.2204,3.2874,2.102,-2.8602,2.7251,6.8008,4.471,-0.9463,-8.059,-10.6126
2025-09-24,2.5,110.0,128.82,117.06,91.7,125.15,196.1459,279.089,368.5744,325.7359,65.4,-28.5714,10.2204,3.2874,2.102,-2.8602,2.7251,6.8008,4.471,-0.9463,-8.059,-9.5936
2025-09-25,2.5,110.0,128.82,117.06,91.7,125.15,196.1459,279.089,368.5744,325.7359,65.51,-28.5714,10.2204,3.2874,2.102,-2.8602,2.7251,6.8008,4.471,-0.9463,-8.059,-6.9725
2025-09-26,2.5,110.0,128.82,117.06,91.7,125.15,196.1459,279.089,368.5744,325.7359,66.5,-28.5714,10.2204,3.2874,2.102,-2.8602,2.7251,6.8008,4.471,-0.9463,-8.059,-2.6069
2025-09-27,2.5,110.0,128.82,117.06,91.7,125.15,196.1459,279.089,368.5744,325.7359,66.5,-28.5714,10.2204,3.2874,2.102,-2.8602,2.7251,6.8008,4.471,-0.9463,-8.059,-3.2305
2025-09-28,2.5,110.0,128.82,117.06,91.7,125.15,196.1459,279.089,368.5744,325.7359,66.5,-28.5714,10.2204,3.2874,2.102,-2.8602,2.7251,6.8008,4.471,-0.9463,-8.059,-3.2305
2025-09-29,2.5,110.0,128.82,117.06,91.7,125.15,196.1459,279.089,368.5744,325.7359,64.27,-28.5714,10.2204,3.2874,2.102,-2.8602,2.7251,6.8008,4.471,-0.9463,-8.059,-6.4756
2025-09-30,2.5,110.0,128.82,117.06,91.7,125.15,196.1459,279.089,368.5744,325.7359,63.17,-28.5714,10.2204,3.2874,2.102,-2.8602,2.7251,6.8008,4.471,-0.9463,-8.059,-8.1164
2025-10-01,2.5,109.6,128.88,117.42,94.8,125.49,198.0176,275.226,371.5741,297.8137,62.59,-23.0769,7.874,3.4931,2.3803,1.826,2.7512,4.4463,3.3825,0.8366,-14.9961,-11.1064
2025-10-02,2.5,109.6,128.88,117.42,94.8,125.49,198.0176,275.226,371.5741,297.8137,61.28,-23.0769,7.874,3.4931,2.3803,1.826,2.7512,4.4463,3.3825,0.8366,-14.9961,-13.3729
2025-10-03,2.5,109.6,128.88,117.42,94.8,125.49,198.0176,275.226,371.5741,297.8137,61.65,-23.0769,7.874,3.4931,2.3803,1.826,2.7512,4.4463,3.3825,0.8366,-14.9961,-17.0591
2025-10-04,2.5,109.6,128.88,117.42,94.8,125.49,198.0176,275.226,371.5741,297.8137,61.65,-23.0769,7.874,3.4931,2.3803,1.826,2.7512,4.4463,3.3825,0.8366,-14.9961,-17.7232
2025-10-05,2.5,109.6,128.88,117.42,94.8,125.49,198.0176,275.226,371.5741,297.8137,61.65,-23.0769,7.874,3.4931,2.3803,1.826,2.7512,4.4463,3.3825,0.8366,-14.9961,-17.7232
2025-10-06,2.5,109.6,128.88,117.42,94.8,125.49,198.0176,275.226,371.5741,297.8137,62.49,-23.0769,7.874,3.4931,2.3803,1.826,2.7512,4.4463,3.3825,0.8366,-14.9961,-16.6022
2025-10-07,2.5,109.6,128.88,117.42,94.8,125.49,198.0176,275.226,371.5741,297.8137,62.52,-23.0769,7.874,3.4931,2.3803,1.826,2.7512,4.4463,3.3825,0.8366,-14.9961,-19.5988
2025-10-08,2.5,109.6,128.88,117.42,94.8,125.49,198.0176,275.226,371.5741,297.8137,63.37,-23.0769,7.874,3.4931,2.3803,1.826,2.7512,4.4463,3.3825,0.8366,-14.9961,-14.6647
2025-10-09,2.5,109.6,128.88,117.42,94.8,125.49,198.0176,275.226,371.5741,297.8137,62.36,-23.0769,7.874,3.4931,2.3803,1.826,2.7512,4.4463,3.3825,0.8366,-14.9961,-15.5586
2025-10-10,2.5,109.6,128.88,117.42,94.8,125.49,198.0176,275.226,371.5741,297.8137,59.75,-23.0769,7.874,3.4931,2.3803,1.826,2.7512,4.4463,3.3825,0.8366,-14.9961,-21.8546
2025-10-11,2.5,109.6,128.88,117.42,94.8,125.49,198.0176,275.226,371.5741,297.8137,59.75,-23.0769,7.874,3.4931,2.3803,1.826,2.7512,4.4463,3.3825,0.8366,-14.9961,-21.4952
2025-10-12,2.5,109.6,128.88,117.42,94.8,125.49,198.0176,275.226,371.5741,297.8137,59.75,-23.0769,7.874,3.4931,2.3803,1.826,2.7512,4.4463,3.3825,0.8366,-14.9961,-21.4952
2025-10-13,2.5,109.6,128.88,117.42,94.8,125.49,198.0176,275.226,371.5741,297.8137,59.75,-23.0769,7.874,3.4931,2.3803,1.826,2.7512,4.4463,3.3825,0.8366,-14.9961,-21.4952
2025-10-14,2.5,109.6,128.88,117.42,94.8,125.49,198.0176,275.226,371.5741,297.8137,59.52,-23.0769,7.874,3.4931,2.3803,1.826,2.7512,4.4463,3.3825,0.8366,-14.9961,-21.7974
2025-10-15,2.5,109.6,128.88,117.42,94.8,125.49,198.0176,275.226,371.5741,297.8137,59.08,-23.0769,7.874,3.4931,2.3803,1.826,2.7512,4.4463,3.3825,0.8366,-14.9961,-17.0458
2025-10-16,2.5,109.6,128.88,117.42,94.8,125.49,198.0176,275.226,371.5741,297.8137,58.29,-23.0769,7.874,3.4931,2.3803,1.826,2.7512,4.4463,3.3825,0.8366,-14.9961,-17.8667
2025-10-17,2.5,109.6,128.88,117.42,94.8,125.49,198.0176,275.226,371.5741,297.8137,58.3,-23.0769,7.874,3.4931,2.3803,1.826,2.7512,4.4463,3.3825,0.8366,-14.9961,-18.1869
2025-10-18,2.5,109.6,128.88,117.42,94.8,125.49,198.0176,275.226,371.5741,297.8137,58.3,-23.0769,7.874,3.4931,2.3803,1.826,2.7512,4.4463,3.3825,0.8366,-14.9961,-16.4517
2025-10-19,2.5,109.6,128.88,117.42,94.8,125.49,198.0176,275.226,371.5741,297.8137,58.3,-23.0769,7.874,3.4931,2.3803,1.826,2.7512,4.4463,3.3825,0.8366,-14.9961,-16.4517
2025-10-20,2.5,109.6,128.88,117.42,94.8,125.49,198.0176,275.226,371.5741,297.8137,58.34,-23.0769,7.874,3.4931,2.3803,1.826,2.7512,4.4463,3.3825,0.8366,-14.9961,-16.3944
2025-10-21,2.5,109.6,128.88,117.42,94.8,125.49,198.0176,275.226,371.5741,297.8137,58.66,-23.0769,7.874,3.4931,2.3803,1.826,2.7512,4.4463,3.3825,0.8366,-14.9961,-17.566
2025-10-22,2.5,109.6,128.88,117.42,94.8,125.49,198.0176,275.226,371.5741,297.8137,59.3,-23.0769,7.874,3.4931,2.3803,1.826,2.7512,4.4463,3.3825,0.8366,-14.9961,-18.5887
2025-10-23,2.5,109.6,128.88,117.42,94.8,125.49,198.0176,275.226,371.5741,297.8137,62.44,-23.0769,7.874,3.4931,2.3803,1.826,2.7512,4.4463,3.3825,0.8366,-14.9961,-12.5123
2025-10-24,2.5,109.6,128.88,117.42,94.8,125.49,198.0176,275.226,371.5741,297.8137,62.27,-23.0769,7.874,3.4931,2.3803,1.826,2.7512,4.4463,3.3825,0.8366,-14.9961,-11.7739
2025-10-25,2.5,109.6,128.88,117.42,94.8,125.49,198.0176,275.226,371.5741,297.8137,62.27,-23.0769,7.874,3.4931,2.3803,1.826,2.7512,4.4463,3.3825,0.8366,-14.9961,-13.5379
2025-10-26,2.5,109.6,128.88,117.42,94.8,125.49,198.0176,275.226,371.5741,297.8137,62.27,-23.0769,7.874,3.4931,2.3803,1.826,2.7512,4.4463,3.3825,0.8366,-14.9961,-13.5379
2025-10-27,2.5,109.6,128.88,117.42,94.8,125.49,198.0176,275.226,371.5741,297.8137,62.13,-23.0769,7.874,3.4931,2.3803,1.826,2.7512,4.4463,3.3825,0.8366,-14.9961,-13.7323
2025-10-28,2.5,109.6,128.88,117.42,94.8,125.49,198.0176,275.226,371.5741,297.8137,60.97,-23.0769,7.874,3.4931,2.3803,1.826,2.7512,4.4463,3.3825,0.8366,-14.9961,-9.8744
2025-10-29,2.5,109.6,128.88,117.42,94.8,125.49,198.0176,275.226,371.5741,297.8137,61.26,-23.0769,7.874,3.4931,2.3803,1.826,2.7512,4.4463,3.3825,0.8366,-14.9961,-9.2175
2025-10-30,2.5,109.6,128.88,117.42,94.8,125.49,198.0176,275.226,371.5741,297.8137,61.36,-23.0769,7.874,3.4931,2.3803,1.826,2.7512,4.4463,3.3825,0.8366,-14.9961,-10.9563
2025-10-31,2.5,109.6,128.88,117.42,94.8,125.49,198.0176,275.226,371.5741,297.8137,61.75,-23.0769,7.874,3.4931,2.3803,1.826,2.7512,4.4463,3.3825,0.8366,-14.9961,-11.2532
2025-11-01,2.5,112.3,127.08,117.2,94.5,125.66,201.6579,274.436,410.1694,319.0816,61.75,-16.6667,11.6302,4.7478,2.4476,1.1777,2.5126,0.1737,2.4443,12.2163,-0.9776,-11.5456
2025-11-02,2.5,112.3,127.08,117.2,94.5,125.66,201.6579,274.436,410.1694,319.0816,61.75,-16.6667,11.6302,4.7478,2.4476,1.1777,2.5126,0.1737,2.4443,12.2163,-0.9776,-11.5456
2025-11-03,2.5,112.3,127.08,117.2,94.5,125.66,201.6579,274.436,410.1694,319.0816,61.79,-16.6667,11.6302,4.7478,2.4476,1.1777,2.5126,0.1737,2.4443,12.2163,-0.9776,-11.4883
2025-11-04,2.5,112.3,127.08,117.2,94.5,125.66,201.6579,274.436,410.1694,319.0816,61.38,-16.6667,11.6302,4.7478,2.4476,1.1777,2.5126,0.1737,2.4443,12.2163,-0.9776,-14.5482
2025-11-05,2.5,112.3,127.08,117.2,94.5,125.66,201.6579,274.436,410.1694,319.0816,60.4,-16.6667,11.6302,4.7478,2.4476,1.1777,2.5126,0.1737,2.4443,12.2163,-0.9776,-16.413
2025-11-06,2.5,112.3,127.08,117.2,94.5,125.66,201.6579,274.436,410.1694,319.0816,60.24,-16.6667,11.6302,4.7478,2.4476,1.1777,2.5126,0.1737,2.4443,12.2163,-0.9776,-16.3101
2025-11-07,2.5,112.3,127.08,117.2,94.5,125.66,201.6579,274.436,410.1694,319.0816,60.54,-16.6667,11.6302,4.7478,2.4476,1.1777,2.5126,0.1737,2.4443,12.2163,-0.9776,-16.7148
2025-11-08,2.5,112.3,127.08,117.2,94.5,125.66,201.6579,274.436,410.1694,319.0816,60.54,-16.6667,11.6302,4.7478,2.4476,1.1777,2.5126,0.1737,2.4443,12.2163,-0.9776,-14.3585
2025-11-09,2.5,112.3,127.08,117.2,94.5,125.66,201.6579,274.436,410.1694,319.0816,60.54,-16.6667,11.6302,4.7478,2.4476,1.1777,2.5126,0.1737,2.4443,12.2163,-0.9776,-14.3585
2025-11-10,2.5,112.3,127.08,117.2,94.5,125.66,201.6579,274.436,410.1694,319.0816,60.94,-16.6667,11.6302,4.7478,2.4476,1.1777,2.5126,0.1737,2.4443,12.2163,-0.9776,-13.7926
2025-11-11,2.5,112.3,127.08,117.2,94.5,125.66,201.6579,274.436,410.1694,319.0816,60.94,-16.6667,11.6302,4.7478,2.4476,1.1777,2.5126,0.1737,2.4443,12.2163,-0.9776,-13.7926
2025-11-12,2.5,112.3,127.08,117.2,94.5,125.66,201.6579,274.436,410.1694,319.0816,59.3,-16.6667,11.6302,4.7478,2.4476,1.1777,2.5126,0.1737,2.4443,12.2163,-0.9776,-13.3421
2025-11-13,2.5,112.3,127.08,117.2,94.5,125.66,201.6579,274.436,410.1694,319.0816,59.54,-16.6667,11.6302,4.7478,2.4476,1.1777,2.5126,0.1737,2.4443,12.2163,-0.9776,-13.409
2025-11-14,2.5,112.3,127.08,117.2,94.5,125.66,201.6579,274.436,410.1694,319.0816,60.87,-16.6667,11.6302,4.7478,2.4476,1.1777,2.5126,0.1737,2.4443,12.2163,-0.9776,-11.7698
2025-11-15,2.5,112.3,127.08,117.2,94.5,125.66,201.6579,274.436,410.1694,319.0816,60.87,-16.6667,11.6302,4.7478,2.4476,1.1777,2.5126,0.1737,2.4443,12.2163,-0.9776,-9.5945
2025-11-16,2.5,112.3,127.08,117.2,94.5,125.66,201.6579,274.436,410.1694,319.0816,60.87,-16.6667,11.6302,4.7478,2.4476,1.1777,2.5126,0.1737,2.4443,12.2163,-0.9776,-9.5945
2025-11-17,2.5,112.3,127.08,117.2,94.5,125.66,201.6579,274.436,410.1694,319.0816,60.66,-16.6667,11.6302,4.7478,2.4476,1.1777,2.5126,0.1737,2.4443,12.2163,-0.9776,-9.9064
2025-11-18,2.5,112.3,127.08,117.2,94.5,125.66,201.6579,274.436,410.1694,319.0816,61.51,-16.6667,11.6302,4.7478,2.4476,1.1777,2.5126,0.1737,2.4443,12.2163,-0.9776,-11.4454
2025-11-19,2.5,112.3,127.08,117.2,94.5,125.66,201.6579,274.436,410.1694,319.0816,60.27,-16.6667,11.6302,4.7478,2.4476,1.1777,2.5126,0.1737,2.4443,12.2163,-0.9776,-13.5914
2025-11-20,2.5,112.3,127.08,117.2,94.5,125.66,201.6579,274.436,410.1694,319.0816,60.07,-16.6667,11.6302,4.7478,2.4476,1.1777,2.5126,0.1737,2.4443,12.2163,-0.9776,-13.2563
2025-11-21,2.5,112.3,127.08,117.2,94.5,125.66,201.6579,274.436,410.1694,319.0816,58.86,-16.6667,11.6302,4.7478,2.4476,1.1777,2.5126,0.1737,2.4443,12.2163,-0.9776,-16.3802
2025-11-22,2.5,112.3,127.08,117.2,94.5,125.66,201.6579,274.436,410.1694,319.0816,58.86,-16.6667,11.6302,4.7478,2.4476,1.1777,2.5126,0.1737,2.4443,12.2163,-0.9776,-17.885
2025-11-23,2.5,112.3,127.08,117.2,94.5,125.66,201.6579,274.436,410.1694,319.0816,58.86,-16.6667,11.6302,4.7478,2.4476,1.1777,2.5126,0.1737,2.4443,12.2163,-0.9776,-17.885
2025-11-24,2.5,112.3,127.08,117.2,94.5,125.66,201.6579,274.436,410.1694,319.0816,59.11,-16.6667,11.6302,4.7478,2.4476,1.1777,2.5126,0.1737,2.4443,12.2163,-0.9776,-17.5363
2025-11-25,2.5,112.3,127.08,117.2,94.5,125.66,201.6579,274.436,410.1694,319.0816,58.25,-16.6667,11.6302,4.7478,2.4476,1.1777,2.5126,0.1737,2.4443,12.2163,-0.9776,-16.0784
2025-11-26,2.5,112.3,127.08,117.2,94.5,125.66,201.6579,274.436,410.1694,319.0816,58.81,-16.6667,11.6302,4.7478,2.4476,1.1777,2.5126,0.1737,2.4443,12.2163,-0.9776,-14.8298
2025-11-27,2.5,112.3,127.08,117.2,94.5,125.66,201.6579,274.436,410.1694,319.0816,58.81,-16.6667,11.6302,4.7478,2.4476,1.1777,2.5126,0.1737,2.4443,12.2163,-0.9776,-14.8052
2025-11-28,2.5,112.3,127.08,117.2,94.5,125.66,201.6579,274.436,410.1694,319.0816,58.58,-16.6667,11.6302,4.7478,2.4476,1.1777,2.5126,0.1737,2.4443,12.2163,-0.9776,-15.1383
2025-11-29,2.5,112.3,127.08,117.2,94.5,125.66,201.6579,274.436,410.1694,319.0816,58.58,-16.6667,11.6302,4.7478,2.4476,1.1777,2.5126,0.1737,2.4443,12.2163,-0.9776,-14.1811
2025-11-30,2.5,112.3,127.08,117.2,94.5,125.66,201.6579,274.436,410.1694,319.0816,58.58,-16.6667,11.6302,4.7478,2.4476,1.1777,2.5126,0.1737,2.4443,12.2163,-0.9776,-14.1811
2025-12-01,2.5,109.8,128.01,117.57,93.5,125.87,205.3151,273.059,391.5499,305.5506,59.47,-16.6667,24.9147,3.5596,2.3149,11.8421,2.7594,1.2252,1.9809,8.3916,-4.5127,-12.8772
2025-12-02,2.5,109.8,128.01,117.57,93.5,125.87,205.3151,273.059,391.5499,305.5506,58.81,-16.6667,24.9147,3.5596,2.3149,11.8421,2.7594,1.2252,1.9809,8.3916,-4.5127,-13.9576
2025-12-03,2.5,109.8,128.01,117.57,93.5,125.87,205.3151,273.059,391.5499,305.5506,59.09,-16.6667,24.9147,3.5596,2.3149,11.8421,2.7594,1.2252,1.9809,8.3916,-4.5127,-15.7662
2025-12-04,2.5,109.8,128.01,117.57,93.5,125.87,205.3151,273.059,391.5499,305.5506,59.82,-16.6667,24.9147,3.5596,2.3149,11.8421,2.7594,1.2252,1.9809,8.3916,-4.5127,-13.065
2025-12-05,2.5,109.8,128.01,117.57,93.5,125.87,205.3151,273.059,391.5499,305.5506,60.23,-16.6667,24.9147,3.5596,2.3149,11.8421,2.7594,1.2252,1.9809,8.3916,-4.5127,-12.1756
2025-12-06,2.5,109.8,128.01,117.57,93.5,125.87,205.3151,273.059,391.5499,305.5506,60.23,-16.6667,24.9147,3.5596,2.3149,11.8421,2.7594,1.2252,1.9809,8.3916,-4.5127,-12.1756
2025-12-07,2.5,109.8,128.01,117.57,93.5,125.87,205.3151,273.059,391.5499,305.5506,60.23,-16.6667,24.9147,3.5596,2.3149,11.8421,2.7594,1.2252,1.9809,8.3916,-4.5127,-12.1756
2025-12-08,2.5,109.8,128.01,117.57,93.5,125.87,205.3151,273.059,391.5499,305.5506,59.04,-16.6667,24.9147,3.5596,2.3149,11.8421,2.7594,1.2252,1.9809,8.3916,-4.5127,-13.9108
2025-12-09,2.5,109.8,128.01,117.57,93.5,125.87,205.3151,273.059,391.5499,305.5506,58.4,-16.6667,24.9147,3.5596,2.3149,11.8421,2.7594,1.2252,1.9809,8.3916,-4.5127,-14.9308
2025-12-10,2.5,109.8,128.01,117.57,93.5,125.87,205.3151,273.059,391.5499,305.5506,58.67,-16.6667,24.9147,3.5596,2.3149,11.8421,2.7594,1.2252,1.9809,8.3916,-4.5127,-14.7858
2025-12-11,2.5,109.8,128.01,117.57,93.5,125.87,205.3151,273.059,391.5499,305.5506,57.76,-16.6667,24.9147,3.5596,2.3149,11.8421,2.7594,1.2252,1.9809,8.3916,-4.5127,-18.1522
2025-12-12,2.5,109.8,128.01,117.57,93.5,125.87,205.3151,273.059,391.5499,305.5506,57.61,-16.6667,24.9147,3.5596,2.3149,11.8421,2.7594,1.2252,1.9809,8.3916,-4.5127,-17.9929
2025-12-13,2.5,109.8,128.01,117.57,93.5,125.87,205.3151,273.059,391.5499,305.5506,57.61,-16.6667,24.9147,3.5596,2.3149,11.8421,2.7594,1.2252,1.9809,8.3916,-4.5127,-19.4716
2025-12-14,2.5,109.8,128.01,117.57,93.5,125.87,205.3151,273.059,391.5499,305.5506,57.61,-16.6667,24.9147,3.5596,2.3149,11.8421,2.7594,1.2252,1.9809,8.3916,-4.5127,-19.4716
2025-12-15,2.5,109.8,128.01,117.57,93.5,125.87,205.3151,273.059,391.5499,305.5506,56.97,-16.6667,24.9147,3.5596,2.3149,11.8421,2.7594,1.2252,1.9809,8.3916,-4.5127,-20.3662
2025-12-16,2.5,109.8,128.01,117.57,93.5,125.87,205.3151,273.059,391.5499,305.5506,55.44,-16.6667,24.9147,3.5596,2.3149,11.8421,2.7594,1.2252,1.9809,8.3916,-4.5127,-21.9485
2025-12-17,2.5,109.8,128.01,117.57,93.5,125.87,205.3151,273.059,391.5499,305.5506,56.07,-16.6667,24.9147,3.5596,2.3149,11.8421,2.7594,1.2252,1.9809,8.3916,-4.5127,-20.2532
2025-12-18,2.5,109.8,128.01,117.57,93.5,125.87,205.3151,273.059,391.5499,305.5506,56.22,-16.6667,24.9147,3.5596,2.3149,11.8421,2.7594,1.2252,1.9809,8.3916,-4.5127,-20.5932
2025-12-19,2.5,109.8,128.01,117.57,93.5,125.87,205.3151,273.059,391.5499,305.5506,56.8,-16.6667,24.9147,3.5596,2.3149,11.8421,2.7594,1.2252,1.9809,8.3916,-4.5127,-18.9729
2025-12-20,2.5,109.8,128.01,117.57,93.5,125.87,205.3151,273.059,391.5499,305.5506,56.8,-16.6667,24.9147,3.5596,2.3149,11.8421,2.7594,1.2252,1.9809,8.3916,-4.5127,-18.5196
2025-12-21,2.5,109.8,128.01,117.57,93.5,125.87,205.3151,273.059,391.5499,305.5506,56.8,-16.6667,24.9147,3.5596,2.3149,11.8421,2.7594,1.2252,1.9809,8.3916,-4.5127,-18.5196
2025-12-22,2.5,109.8,128.01,117.57,93.5,125.87,205.3151,273.059,391.5499,305.5506,58.18,-16.6667,24.9147,3.5596,2.3149,11.8421,2.7594,1.2252,1.9809,8.3916,-4.5127,-16.54
2025-12-23,2.5,109.8,128.01,117.57,93.5,125.87,205.3151,273.059,391.5499,305.5506,58.55,-16.6667,24.9147,3.5596,2.3149,11.8421,2.7594,1.2252,1.9809,8.3916,-4.5127,-15.7554
2025-12-24,2.5,109.8,128.01,117.57,93.5,125.87,205.3151,273.059,391.5499,305.5506,58.72,-16.6667,24.9147,3.5596,2.3149,11.8421,2.7594,1.2252,1.9809,8.3916,-4.5127,-17.1441
2025-12-25,2.5,109.8,128.01,117.57,93.5,125.87,205.3151,273.059,391.5499,305.5506,58.72,-16.6667,24.9147,3.5596,2.3149,11.8421,2.7594,1.2252,1.9809,8.3916,-4.5127,-17.1441
2025-12-26,2.5,109.8,128.01,117.57,93.5,125.87,205.3151,273.059,391.5499,305.5506,56.6,-16.6667,24.9147,3.5596,2.3149,11.8421,2.7594,1.2252,1.9809,8.3916,-4.5127,-19.5794
2025-12-27,2.5,109.8,128.01,117.57,93.5,125.87,205.3151,273.059,391.5499,305.5506,56.6,-16.6667,24.9147,3.5596,2.3149,11.8421,2.7594,1.2252,1.9809,8.3916,-4.5127,-20.5948
2025-12-28,2.5,109.8,128.01,117.57,93.5,125.87,205.3151,273.059,391.5499,305.5506,56.6,-16.6667,24.9147,3.5596,2.3149,11.8421,2.7594,1.2252,1.9809,8.3916,-4.5127,-20.5948
2025-12-29,2.5,109.8,128.01,117.57,93.5,125.87,205.3151,273.059,391.5499,305.5506,57.89,-16.6667,24.9147,3.5596,2.3149,11.8421,2.7594,1.2252,1.9809,8.3916,-4.5127,-18.7851
2025-12-30,2.5,109.8,128.01,117.57,93.5,125.87,205.3151,273.059,391.5499,305.5506,57.79,-16.6667,24.9147,3.5596,2.3149,11.8421,2.7594,1.2252,1.9809,8.3916,-4.5127,-19.434
2025-12-31,2.5,109.8,128.01,117.57,93.5,125.87,205.3151,273.059,391.5499,305.5506,57.26,-16.6667,24.9147,3.5596,2.3149,11.8421,2.7594,1.2252,1.9809,8.3916,-4.5127,-20.9553
2026-01-01,2.5,110.8,128.75,118.03,94.0,125.44,203.8978,273.433,383.2414,286.1949,57.26,-16.6667,21.7582,2.893,2.005,7.9219,2.1831,-4.8806,1.7119,1.426,-13.976,-20.9553
2026-01-02,2.5,110.8,128.75,118.03,94.0,125.44,203.8978,273.433,383.2414,286.1949,57.21,-16.6667,21.7582,2.893,2.005,7.9219,2.1831,-4.8806,1.7119,1.426,-13.976,-22.4692
2026-01-03,2.5,110.8,128.75,118.03,94.0,125.44,203.8978,273.433,383.2414,286.1949,57.21,-16.6667,21.7582,2.893,2.005,7.9219,2.1831,-4.8806,1.7119,1.426,-13.976,-23.3521
2026-01-04,2.5,110.8,128.75,118.03,94.0,125.44,203.8978,273.433,383.2414,286.1949,57.21,-16.6667,21.7582,2.893,2.005,7.9219,2.1831,-4.8806,1.7119,1.426,-13.976,-23.3521
2026-01-05,2.5,110.8,128.75,118.03,94.0,125.44,203.8978,273.433,383.2414,286.1949,58.1,-16.6667,21.7582,2.893,2.005,7.9219,2.1831,-4.8806,1.7119,1.426,-13.976,-22.1597
2026-01-06,2.5,110.8,128.75,118.03,94.0,125.44,203.8978,273.433,383.2414,286.1949,56.97,-16.6667,21.7582,2.893,2.005,7.9219,2.1831,-4.8806,1.7119,1.426,-13.976,-23.3347
2026-01-07,2.5,110.8,128.75,118.03,94.0,125.44,203.8978,273.433,383.2414,286.1949,56.01,-16.6667,21.7582,2.893,2.005,7.9219,2.1831,-4.8806,1.7119,1.426,-13.976,-25.31
2026-01-08,2.5,110.8,128.75,118.03,94.0,125.44,203.8978,273.433,383.2414,286.1949,57.74,-16.6667,21.7582,2.893,2.005,7.9219,2.1831,-4.8806,1.7119,1.426,-13.976,-21.9624
2026-01-09,2.5,110.8,128.75,118.03,94.0,125.44,203.8978,273.433,383.2414,286.1949,58.96,-16.6667,21.7582,2.893,2.005,7.9219,2.1831,-4.8806,1.7119,1.426,-13.976,-20.3136
2026-01-10,2.5,110.8,128.75,118.03,94.0,125.44,203.8978,273.433,383.2414,286.1949,58.96,-16.6667,21.7582,2.893,2.005,7.9219,2.1831,-4.8806,1.7119,1.426,-13.976,-23.6961
2026-01-11,2.5,110.8,128.75,118.03,94.0,125.44,203.8978,273.433,383.2414,286.1949,58.96,-16.6667,21.7582,2.893,2.005,7.9219,2.1831,-4.8806,1.7119,1.426,-13.976,-23.6961
2026-01-12,2.5,110.8,128.75,118.03,94.0,125.44,203.8978,273.433,383.2414,286.1949,59.39,-16.6667,21.7582,2.893,2.005,7.9219,2.1831,-4.8806,1.7119,1.426,-13.976,-23.1396
2026-01-13,2.5,110.8,128.75,118.03,94.0,125.44,203.8978,273.433,383.2414,286.1949,60.85,-16.6667,21.7582,2.893,2.005,7.9219,2.1831,-4.8806,1.7119,1.426,-13.976,-23.5265
2026-01-14,2.5,110.8,128.75,118.03,94.0,125.44,203.8978,273.433,383.2414,286.1949,61.84,-16.6667,21.7582,2.893,2.005,7.9219,2.1831,-4.8806,1.7119,1.426,-13.976,-20.9207
2026-01-15,2.5,110.8,128.75,118.03,94.0,125.44,203.8978,273.433,383.2414,286.1949,59.13,-16.6667,21.7582,2.893,2.005,7.9219,2.1831,-4.8806,1.7119,1.426,-13.976,-26.7559
2026-01-16,2.5,110.8,128.75,118.03,94.0,125.44,203.8978,273.433,383.2414,286.1949,59.4,-16.6667,21.7582,2.893,2.005,7.9219,2.1831,-4.8806,1.7119,1.426,-13.976,-25.1418
2026-01-17,2.5,110.8,128.75,118.03,94.0,125.44,203.8978,273.433,383.2414,286.1949,59.4,-16.6667,21.7582,2.893,2.005,7.9219,2.1831,-4.8806,1.7119,1.426,-13.976,-24.389
2026-01-18,2.5,110.8,128.75,118.03,94.0,125.44,203.8978,273.433,383.2414,286.1949,59.4,-16.6667,21.7582,2.893,2.005,7.9219,2.1831,-4.8806,1.7119,1.426,-13.976,-24.389
2026-01-19,2.5,110.8,128.75,118.03,94.0,125.44,203.8978,273.433,383.2414,286.1949,59.4,-16.6667,21.7582,2.893,2.005,7.9219,2.1831,-4.8806,1.7119,1.426,-13.976,-24.389
2026-01-20,2.5,110.8,128.75,118.03,94.0,125.44,203.8978,273.433,383.2414,286.1949,60.3,-16.6667,21.7582,2.893,2.005,7.9219,2.1831,-4.8806,1.7119,1.426,-13.976,-23.2434
2026-01-21,2.5,110.8,128.75,118.03,94.0,125.44,203.8978,273.433,383.2414,286.1949,60.38,-16.6667,21.7582,2.893,2.005,7.9219,2.1831,-4.8806,1.7119,1.426,-13.976,-21.37
2026-01-22,2.5,110.8,128.75,118.03,94.0,125.44,203.8978,273.433,383.2414,286.1949,59.24,-16.6667,21.7582,2.893,2.005,7.9219,2.1831,-4.8806,1.7119,1.426,-13.976,-22.1755
2026-01-23,2.5,110.8,128.75,118.03,94.0,125.44,203.8978,273.433,383.2414,286.1949,60.7,-16.6667,21.7582,2.893,2.005,7.9219,2.1831,-4.8806,1.7119,1.426,-13.976,-19.099
2026-01-24,2.5,110.8,128.75,118.03,94.0,125.44,203.8978,273.433,383.2414,286.1949,60.7,-16.6667,21.7582,2.893,2.005,7.9219,2.1831,-4.8806,1.7119,1.426,-13.976,-19.0343
2026-01-25,2.5,110.8,128.75,118.03,94.0,125.44,203.8978,273.433,383.2414,286.1949,60.7,-16.6667,21.7582,2.893,2.005,7.9219,2.1831,-4.8806,1.7119,1.426,-13.976,-19.0343
2026-01-26,2.5,110.8,128.75,118.03,94.0,125.44,203.8978,273.433,383.2414,286.1949,60.46,-16.6667,21.7582,2.893,2.005,7.9219,2.1831,-4.8806,1.7119,1.426,-13.976,-19.3544
2026-01-27,2.5,110.8,128.75,118.03,94.0,125.44,203.8978,273.433,383.2414,286.1949,62.04,-16.6667,21.7582,2.893,2.005,7.9219,2.1831,-4.8806,1.7119,1.426,-13.976,-15.6033
2026-01-28,2.5,110.8,128.75,118.03,94.0,125.44,203.8978,273.433,383.2414,286.1949,62.75,-16.6667,21.7582,2.893,2.005,7.9219,2.1831,-4.8806,1.7119,1.426,-13.976,-15.3742
2026-01-29,2.5,110.8,128.75,118.03,94.0,125.44,203.8978,273.433,383.2414,286.1949,64.77,-16.6667,21.7582,2.893,2.005,7.9219,2.1831,-4.8806,1.7119,1.426,-13.976,-11.201
2026-01-30,2.5,110.8,128.75,118.03,94.0,125.44,203.8978,273.433,383.2414,286.1949,64.5,-16.6667,21.7582,2.893,2.005,7.9219,2.1831,-4.8806,1.7119,1.426,-13.976,-11.7647
2026-01-31,2.5,110.8,128.75,118.03,94.0,125.44,203.8978,273.433,383.2414,286.1949,64.5,-16.6667,21.7582,2.893,2.005,7.9219,2.1831,-4.8806,1.7119,1.426,-13.976,-11.4498
2026-02-01,2.5,112.1,129.12,118.4,98.8,125.71,210.6355,273.946,409.4792,287.7816,64.5,-9.0909,18.0,2.1115,1.9986,9.1713,2.0539,-4.7995,1.1629,7.17,-12.2509,-11.4498
2026-02-02,2.5,112.1,129.12,118.4,98.8,125.71,210.6355,273.946,409.4792,287.7816,61.6,-9.0909,18.0,2.1115,1.9986,9.1713,2.0539,-4.7995,1.1629,7.17,-12.2509,-15.4311
2026-02-03,2.5,112.1,129.12,118.4,98.8,125.71,210.6355,273.946,409.4792,287.7816,62.62,-9.0909,18.0,2.1115,1.9986,9.1713,2.0539,-4.7995,1.1629,7.17,-12.2509,-14.8259
2026-02-04,2.5,112.1,129.12,118.4,98.8,125.71,210.6355,273.946,409.4792,287.7816,64.56,-9.0909,18.0,2.1115,1.9986,9.1713,2.0539,-4.7995,1.1629,7.17,-12.2509,-11.6101
2026-02-05,2.5,112.1,129.12,118.4,98.8,125.71,210.6355,273.946,409.4792,287.7816,62.9,-9.0909,18.0,2.1115,1.9986,9.1713,2.0539,-4.7995,1.1629,7.17,-12.2509,-11.8924
2026-02-06,2.5,112.1,129.12,118.4,98.8,125.71,210.6355,273.946,409.4792,287.7816,63.77,-9.0909,18.0,2.1115,1.9986,9.1713,2.0539,-4.7995,1.1629,7.17,-12.2509,-10.1451
2026-02-07,2.5,112.1,129.12,118.4,98.8,125.71,210.6355,273.946,409.4792,287.7816,63.77,-9.0909,18.0,2.1115,1.9986,9.1713,2.0539,-4.7995,1.1629,7.17,-12.2509,-10.5861
2026-02-08,2.5,112.1,129.12,118.4,98.8,125.71,210.6355,273.946,409.4792,287.7816,63.77,-9.0909,18.0,2.1115,1.9986,9.1713,2.0539,-4.7995,1.1629,7.17,-12.2509,-10.5861
2026-02-09,2.5,112.1,129.12,118.4,98.8,125.71,210.6355,273.946,409.4792,287.7816,64.53,-9.0909,18.0,2.1115,1.9986,9.1713,2.0539,-4.7995,1.1629,7.17,-12.2509,-9.5205
2026-02-10,2.5,112.1,129.12,118.4,98.8,125.71,210.6355,273.946,409.4792,287.7816,64.2,-9.0909,18.0,2.1115,1.9986,9.1713,2.0539,-4.7995,1.1629,7.17,-12.2509,-11.7283
2026-02-11,2.5,112.1,129.12,118.4,98.8,125.71,210.6355,273.946,409.4792,287.7816,64.8,-9.0909,18.0,2.1115,1.9986,9.1713,2.0539,-4.7995,1.1629,7.17,-12.2509,-12.0402
2026-02-12,2.5,112.1,129.12,118.4,98.8,125.71,210.6355,273.946,409.4792,287.7816,63.08,-9.0909,18.0,2.1115,1.9986,9.1713,2.0539,-4.7995,1.1629,7.17,-12.2509,-12.0468
2026-02-13,2.5,112.1,129.12,118.4,98.8,125.71,210.6355,273.946,409.4792,287.7816,63.05,-9.0909,18.0,2.1115,1.9986,9.1713,2.0539,-4.7995,1.1629,7.17,-12.2509,-12.0151
2026-02-14,2.5,112.1,129.12,118.4,98.8,125.71,210.6355,273.946,409.4792,287.7816,63.05,-9.0909,18.0,2.1115,1.9986,9.1713,2.0539,-4.7995,1.1629,7.17,-12.2509,-11.2597
2026-02-15,2.5,112.1,129.12,118.4,98.8,125.71,210.6355,273.946,409.4792,287.7816,63.05,-9.0909,18.0,2.1115,1.9986,9.1713,2.0539,-4.7995,1.1629,7.17,-12.2509,-11.2597
2026-02-16,2.5,112.1,129.12,118.4,98.8,125.71,210.6355,273.946,409.4792,287.7816,63.05,-9.0909,18.0,2.1115,1.9986,9.1713,2.0539,-4.7995,1.1629,7.17,-12.2509,-11.2597
2026-02-17,2.5,112.1,129.12,118.4,98.8,125.71,210.6355,273.946,409.4792,287.7816,62.53,-9.0909,18.0,2.1115,1.9986,9.1713,2.0539,-4.7995,1.1629,7.17,-12.2509,-11.9916
2026-02-18,2.5,112.1,129.12,118.4,98.8,125.71,210.6355,273.946,409.4792,287.7816,65.33,-9.0909,18.0,2.1115,1.9986,9.1713,2.0539,-4.7995,1.1629,7.17,-12.2509,-9.5278
2026-02-19,2.5,112.1,129.12,118.4,98.8,125.71,210.6355,273.946,409.4792,287.7816,66.66,-9.0909,18.0,2.1115,1.9986,9.1713,2.0539,-4.7995,1.1629,7.17,-12.2509,-8.1565
2026-02-20,2.5,112.1,129.12,118.4,98.8,125.71,210.6355,273.946,409.4792,287.7816,66.69,-9.0909,18.0,2.1115,1.9986,9.1713,2.0539,-4.7995,1.1629,7.17,-12.2509,-8.4934
2026-02-21,2.5,112.1,129.12,118.4,98.8,125.71,210.6355,273.946,409.4792,287.7816,66.69,-9.0909,18.0,2.1115,1.9986,9.1713,2.0539,-4.7995,1.1629,7.17,-12.2509,-5.6985
2026-02-22,2.5,112.1,129.12,118.4,98.8,125.71,210.6355,273.946,409.4792,287.7816,66.69,-9.0909,18.0,2.1115,1.9986,9.1713,2.0539,-4.7995,1.1629,7.17,-12.2509,-5.6985
2026-02-23,2.5,112.1,129.12,118.4,98.8,125.71,210.6355,273.946,409.4792,287.7816,66.36,-9.0909,18.0,2.1115,1.9986,9.1713,2.0539,-4.7995,1.1629,7.17,-12.2509,-6.1652
2026-02-24,2.5,112.1,129.12,118.4,98.8,125.71,210.6355,273.946,409.4792,287.7816,65.62,-9.0909,18.0,2.1115,1.9986,9.1713,2.0539,-4.7995,1.1629,7.17,-12.2509,-7.6555
2026-02-25,2.5,112.1,129.12,118.4,98.8,125.71,210.6355,273.946,409.4792,287.7816,65.3,-9.0909,18.0,2.1115,1.9986,9.1713,2.0539,-4.7995,1.1629,7.17,-12.2509,-5.5676
2026-02-26,2.5,112.1,129.12,118.4,98.8,125.71,210.6355,273.946,409.4792,287.7816,65.1,-9.0909,18.0,2.1115,1.9986,9.1713,2.0539,-4.7995,1.1629,7.17,-12.2509,-5.4741
2026-02-27,2.5,112.1,129.12,118.4,98.8,125.71,210.6355,273.946,409.4792,287.7816,66.96,-9.0909,18.0,2.1115,1.9986,9.1713,2.0539,-4.7995,1.1629,7.17,-12.2509,-5.1827
2026-02-28,2.5,112.1,129.12,118.4,98.8,125.71,210.6355,273.946,409.4792,287.7816,66.96,-9.0909,18.0,2.1115,1.9986,9.1713,2.0539,-4.7995,1.1629,7.17,-12.2509,-4.3018
2026-03-01,2.5,107.0,127.91,118.8,94.0,125.58,213.3041,275.462,426.5981,312.4267,66.96,-9.0909,14.8069,0.5108,2.1584,7.3059,1.3559,2.6726,1.6923,15.5015,-4.1391,-4.3018
2026-03-02,2.5,107.0,127.91,118.8,94.0,125.58,213.3041,275.462,426.5981,312.4267,71.13,-9.0909,14.8069,0.5108,2.1584,7.3059,1.3559,2.6726,1.6923,15.5015,-4.1391,1.6579
2026-03-03,2.5,107.0,127.91,118.8,94.0,125.58,213.3041,275.462,426.5981,312.4267,74.48,-9.0909,14.8069,0.5108,2.1584,7.3059,1.3559,2.6726,1.6923,15.5015,-4.1391,8.524
2026-03-04,2.5,107.0,127.91,118.8,94.0,125.58,213.3041,275.462,426.5981,312.4267,74.58,-9.0909,14.8069,0.5108,2.1584,7.3059,1.3559,2.6726,1.6923,15.5015,-4.1391,8.9236
2026-03-05,2.5,107.0,127.91,118.8,94.0,125.58,213.3041,275.462,426.5981,312.4267,80.88,-9.0909,14.8069,0.5108,2.1584,7.3059,1.3559,2.6726,1.6923,15.5015,-4.1391,21.4779
2026-03-06,2.5,107.0,127.91,118.8,94.0,125.58,213.3041,275.462,426.5981,312.4267,90.77,-9.0909,14.8069,0.5108,2.1584,7.3059,1.3559,2.6726,1.6923,15.5015,-4.1391,36.2504
2026-03-07,2.5,107.0,127.91,118.8,94.0,125.58,213.3041,275.462,426.5981,312.4267,90.77,-9.0909,14.8069,0.5108,2.1584,7.3059,1.3559,2.6726,1.6923,15.5015,-4.1391,34.8937
2026-03-08,2.5,107.0,127.91,118.8,94.0,125.58,213.3041,275.462,426.5981,312.4267,90.77,-9.0909,14.8069,0.5108,2.1584,7.3059,1.3559,2.6726,1.6923,15.5015,-4.1391,34.8937
2026-03-09,2.5,107.0,127.91,118.8,94.0,125.58,213.3041,275.462,426.5981,312.4267,94.65,-9.0909,14.8069,0.5108,2.1584,7.3059,1.3559,2.6726,1.6923,15.5015,-4.1391,40.6598
2026-03-10,2.5,107.0,127.91,118.8,94.0,125.58,213.3041,275.462,426.5981,312.4267,83.71,-9.0909,14.8069,0.5108,2.1584,7.3059,1.3559,2.6726,1.6923,15.5015,-4.1391,26.2404
2026-03-11,2.5,107.0,127.91,118.8,94.0,125.58,213.3041,275.462,426.5981,312.4267,86.8,-9.0909,14.8069,0.5108,2.1584,7.3059,1.3559,2.6726,1.6923,15.5015,-4.1391,30.4871
2026-03-12,2.5,107.0,127.91,118.8,94.0,125.58,213.3041,275.462,426.5981,312.4267,95.61,-9.0909,14.8069,0.5108,2.1584,7.3059,1.3559,2.6726,1.6923,15.5015,-4.1391,41.3304
2026-03-13,2.5,107.0,127.91,118.8,94.0,125.58,213.3041,275.462,426.5981,312.4267,98.48,-9.0909,14.8069,0.5108,2.1584,7.3059,1.3559,2.6726,1.6923,15.5015,-4.1391,47.381
2026-03-14,2.5,107.0,127.91,118.8,94.0,125.58,213.3041,275.462,426.5981,312.4267,98.48,-9.0909,14.8069,0.5108,2.1584,7.3059,1.3559,2.6726,1.6923,15.5015,-4.1391,46.0478
2026-03-15,2.5,107.0,127.91,118.8,94.0,125.58,213.3041,275.462,426.5981,312.4267,98.48,-9.0909,14.8069,0.5108,2.1584,7.3059,1.3559,2.6726,1.6923,15.5015,-4.1391,46.0478
2026-03-16,2.5,107.0,127.91,118.8,94.0,125.58,213.3041,275.462,426.5981,312.4267,93.39,-9.0909,14.8069,0.5108,2.1584,7.3059,1.3559,2.6726,1.6923,15.5015,-4.1391,38.4992
2026-03-17,2.5,107.0,127.91,118.8,94.0,125.58,213.3041,275.462,426.5981,312.4267,96.01,-9.0909,14.8069,0.5108,2.1584,7.3059,1.3559,2.6726,1.6923,15.5015,-4.1391,41.5242
2026-03-18,2.5,107.0,127.91,118.8,94.0,125.58,213.3041,275.462,426.5981,312.4267,96.12,-9.0909,14.8069,0.5108,2.1584,7.3059,1.3559,2.6726,1.6923,15.5015,-4.1391,42.4211
2026-03-19,2.5,107.0,127.91,118.8,94.0,125.58,213.3041,275.462,426.5981,312.4267,96.11,-9.0909,14.8069,0.5108,2.1584,7.3059,1.3559,2.6726,1.6923,15.5015,-4.1391,42.5964
2026-03-20,2.5,107.0,127.91,118.8,94.0,125.58,213.3041,275.462,426.5981,312.4267,98.71,-9.0909,14.8069,0.5108,2.1584,7.3059,1.3559,2.6726,1.6923,15.5015,-4.1391,43.9971
2026-03-21,2.5,107.0,127.91,118.8,94.0,125.58,213.3041,275.462,426.5981,312.4267,98.71,-9.0909,14.8069,0.5108,2.1584,7.3059,1.3559,2.6726,1.6923,15.5015,-4.1391,44.0601
2026-03-22,2.5,107.0,127.91,118.8,94.0,125.58,213.3041,275.462,426.5981,312.4267,98.71,-9.0909,14.8069,0.5108,2.1584,7.3059,1.3559,2.6726,1.6923,15.5015,-4.1391,44.0601
2026-03-23,2.5,107.0,127.91,118.8,94.0,125.58,213.3041,275.462,426.5981,312.4267,89.33,-9.0909,14.8069,0.5108,2.1584,7.3059,1.3559,2.6726,1.6923,15.5015,-4.1391,30.3707
2026-03-24,2.5,107.0,127.91,118.8,94.0,125.58,213.3041,275.462,426.5981,312.4267,93.18,-9.0909,14.8069,0.5108,2.1584,7.3059,1.3559,2.6726,1.6923,15.5015,-4.1391,34.1492
2026-03-25,2.5,107.0,127.91,118.8,94.0,125.58,213.3041,275.462,426.5981,312.4267,91.51,-9.0909,14.8069,0.5108,2.1584,7.3059,1.3559,2.6726,1.6923,15.5015,-4.1391,31.707
2026-03-26,2.5,107.0,127.91,118.8,94.0,125.58,213.3041,275.462,426.5981,312.4267,96.18,-9.0909,14.8069,0.5108,2.1584,7.3059,1.3559,2.6726,1.6923,15.5015,-4.1391,37.3019
2026-03-27,2.5,107.0,127.91,118.8,94.0,125.58,213.3041,275.462,426.5981,312.4267,101.26,-9.0909,14.8069,0.5108,2.1584,7.3059,1.3559,2.6726,1.6923,15.5015,-4.1391,44.0398
2026-03-28,2.5,107.0,127.91,118.8,94.0,125.58,213.3041,275.462,426.5981,312.4267,101.26,-9.0909,14.8069,0.5108,2.1584,7.3059,1.3559,2.6726,1.6923,15.5015,-4.1391,45.1964
2026-03-29,2.5,107.0,127.91,118.8,94.0,125.58,213.3041,275.462,426.5981,312.4267,101.26,-9.0909,14.8069,0.5108,2.1584,7.3059,1.3559,2.6726,1.6923,15.5015,-4.1391,45.1964
2026-03-30,2.5,107.0,127.91,118.8,94.0,125.58,213.3041,275.462,426.5981,312.4267,104.69,-9.0909,14.8069,0.5108,2.1584,7.3059,1.3559,2.6726,1.6923,15.5015,-4.1391,50.1147
2026-03-31,2.5,107.0,127.91,118.8,94.0,125.58,213.3041,275.462,426.5981,312.4267,102.86,-9.0909,14.8069,0.5108,2.1584,7.3059,1.3559,2.6726,1.6923,15.5015,-4.1391,43.1195
2026-04-01,2.5,99.2,126.84,119.37,91.7,125.72,214.524,277.643,425.2925,317.1432,101.9,-9.0909,5.9829,0.2846,2.5692,4.3231,1.4526,-0.4848,2.0987,12.4915,-1.493,42.2986
2026-04-02,2.5,99.2,126.84,119.37,91.7,125.72,214.524,277.643,425.2925,317.1432,113.23,-9.0909,5.9829,0.2846,2.5692,4.3231,1.4526,-0.4848,2.0987,12.4915,-1.493,57.0022
2026-04-03,2.5,99.2,126.84,119.37,91.7,125.72,214.524,277.643,425.2925,317.1432,113.23,-9.0909,5.9829,0.2846,2.5692,4.3231,1.4526,-0.4848,2.0987,12.4915,-1.493,67.9223
2026-04-04,2.5,99.2,126.84,119.37,91.7,125.72,214.524,277.643,425.2925,317.1432,113.23,-9.0909,5.9829,0.2846,2.5692,4.3231,1.4526,-0.4848,2.0987,12.4915,-1.493,81.4002
2026-04-05,2.5,99.2,126.84,119.37,91.7,125.72,214.524,277.643,425.2925,317.1432,113.23,-9.0909,5.9829,0.2846,2.5692,4.3231,1.4526,-0.4848,2.0987,12.4915,-1.493,81.4002
2026-04-06,2.5,99.2,126.84,119.37,91.7,125.72,214.524,277.643,425.2925,317.1432,114.01,-9.0909,5.9829,0.2846,2.5692,4.3231,1.4526,-0.4848,2.0987,12.4915,-1.493,82.6498
2026-04-07,2.5,99.2,126.84,119.37,91.7,125.72,214.524,277.643,425.2925,317.1432,114.58,-9.0909,5.9829,0.2846,2.5692,4.3231,1.4526,-0.4848,2.0987,12.4915,-1.493,87.6822
2026-04-08,2.5,99.2,126.84,119.37,91.7,125.72,214.524,277.643,425.2925,317.1432,96.17,-9.0909,5.9829,0.2846,2.5692,4.3231,1.4526,-0.4848,2.0987,12.4915,-1.493,60.1765
2026-04-09,2.5,99.2,126.84,119.37,91.7,125.72,214.524,277.643,425.2925,317.1432,99.62,-9.0909,5.9829,0.2846,2.5692,4.3231,1.4526,-0.4848,2.0987,12.4915,-1.493,59.0612
2026-04-10,2.5,99.2,126.84,119.37,91.7,125.72,214.524,277.643,425.2925,317.1432,98.34,-9.0909,5.9829,0.2846,2.5692,4.3231,1.4526,-0.4848,2.0987,12.4915,-1.493,62.3576
2026-04-11,2.5,99.2,126.84,119.37,91.7,125.72,214.524,277.643,425.2925,317.1432,98.34,-9.0909,5.9829,0.2846,2.5692,4.3231,1.4526,-0.4848,2.0987,12.4915,-1.493,58.8435
2026-04-12,2.5,99.2,126.84,119.37,91.7,125.72,214.524,277.643,425.2925,317.1432,98.34,-9.0909,5.9829,0.2846,2.5692,4.3231,1.4526,-0.4848,2.0987,12.4915,-1.493,58.8435
2026-04-13,2.5,99.2,126.84,119.37,91.7,125.72,214.524,277.643,425.2925,317.1432,100.72,-9.0909,5.9829,0.2846,2.5692,4.3231,1.4526,-0.4848,2.0987,12.4915,-1.493,62.6878
2026-04-14,2.5,99.2,126.84,119.37,91.7,125.72,214.524,277.643,425.2925,317.1432,93.07,-9.0909,5.9829,0.2846,2.5692,4.3231,1.4526,-0.4848,2.0987,12.4915,-1.493,50.1371
2026-04-15,2.5,99.2,126.84,119.37,91.7,125.72,214.524,277.643,425.2925,317.1432,93.04,-9.0909,5.9829,0.2846,2.5692,4.3231,1.4526,-0.4848,2.0987,12.4915,-1.493,50.6965
2026-04-16,2.5,99.2,126.84,119.37,91.7,125.72,214.524,277.643,425.2925,317.1432,96.46,-9.0909,5.9829,0.2846,2.5692,4.3231,1.4526,-0.4848,2.0987,12.4915,-1.493,53.4033
2026-04-17,2.5,99.2,126.84,119.37,91.7,125.72,214.524,277.643,425.2925,317.1432,85.91,-9.0909,5.9829,0.2846,2.5692,4.3231,1.4526,-0.4848,2.0987,12.4915,-1.493,32.027
2026-04-18,2.5,99.2,126.84,119.37,91.7,125.72,214.524,277.643,425.2925,317.1432,85.91,-9.0909,5.9829,0.2846,2.5692,4.3231,1.4526,-0.4848,2.0987,12.4915,-1.493,32.027
2026-04-19,2.5,99.2,126.84,119.37,91.7,125.72,214.524,277.643,425.2925,317.1432,85.91,-9.0909,5.9829,0.2846,2.5692,4.3231,1.4526,-0.4848,2.0987,12.4915,-1.493,32.027
2026-04-20,2.5,99.2,126.84,119.37,91.7,125.72,214.524,277.643,425.2925,317.1432,91.06,-9.0909,5.9829,0.2846,2.5692,4.3231,1.4526,-0.4848,2.0987,12.4915,-1.493,39.9416
2026-04-21,2.5,99.2,126.84,119.37,91.7,125.72,214.524,277.643,425.2925,317.1432,93.64,-9.0909,5.9829,0.2846,2.5692,4.3231,1.4526,-0.4848,2.0987,12.4915,-1.493,47.511
2026-04-22,2.5,99.2,126.84,119.37,91.7,125.72,214.524,277.643,425.2925,317.1432,94.76,-9.0909,5.9829,0.2846,2.5692,4.3231,1.4526,-0.4848,2.0987,12.4915,-1.493,46.6873
2026-04-23,2.5,99.2,126.84,119.37,91.7,125.72,214.524,277.643,425.2925,317.1432,99.27,-9.0909,5.9829,0.2846,2.5692,4.3231,1.4526,-0.4848,2.0987,12.4915,-1.493,58.477
2026-04-24,2.5,99.2,126.84,119.37,91.7,125.72,214.524,277.643,425.2925,317.1432,98.42,-9.0909,5.9829,0.2846,2.5692,4.3231,1.4526,-0.4848,2.0987,12.4915,-1.493,54.8702
2026-04-25,2.5,99.2,126.84,119.37,91.7,125.72,214.524,277.643,425.2925,317.1432,98.42,-9.0909,5.9829,0.2846,2.5692,4.3231,1.4526,-0.4848,2.0987,12.4915,-1.493,54.1425
2026-04-26,2.5,99.2,126.84,119.37,91.7,125.72,214.524,277.643,425.2925,317.1432,98.42,-9.0909,5.9829,0.2846,2.5692,4.3231,1.4526,-0.4848,2.0987,12.4915,-1.493,54.1425
2026-04-27,2.5,99.2,126.84,119.37,91.7,125.72,214.524,277.643,425.2925,317.1432,99.89,-9.0909,5.9829,0.2846,2.5692,4.3231,1.4526,-0.4848,2.0987,12.4915,-1.493,56.4448
2026-04-28,2.5,99.2,126.84,119.37,91.7,125.72,214.524,277.643,425.2925,317.1432,103.45,-9.0909,5.9829,0.2846,2.5692,4.3231,1.4526,-0.4848,2.0987,12.4915,-1.493,63.4281
2026-04-29,2.5,99.2,126.84,119.37,91.7,125.72,214.524,277.643,425.2925,317.1432,110.47,-9.0909,5.9829,0.2846,2.5692,4.3231,1.4526,-0.4848,2.0987,12.4915,-1.493,78.6384
2026-04-30,2.5,99.2,126.84,119.37,91.7,125.72,214.524,277.643,425.2925,317.1432,108.64,-9.0909,5.9829,0.2846,2.5692,4.3231,1.4526,-0.4848,2.0987,12.4915,-1.493,82.4349
2026-05-01,2.5,106.1,126.79,119.92,97.5,125.72,215.6206,278.497,439.1496,322.0874,105.38,0.0,4.3265,1.6108,3.1392,5.2916,0.6807,5.2792,1.8882,13.2851,0.9748,73.9231
2026-05-02,2.5,106.1,126.79,119.92,97.5,125.72,215.6206,278.497,439.1496,322.0874,105.38,0.0,4.3265,1.6108,3.1392,5.2916,0.6807,5.2792,1.8882,13.2851,0.9748,76.6047
2026-05-03,2.5,106.1,126.79,119.92,97.5,125.72,215.6206,278.497,439.1496,322.0874,105.38,0.0,4.3265,1.6108,3.1392,5.2916,0.6807,5.2792,1.8882,13.2851,0.9748,76.6047
2026-05-04,2.5,106.1,126.79,119.92,97.5,125.72,215.6206,278.497,439.1496,322.0874,109.76,0.0,4.3265,1.6108,3.1392,5.2916,0.6807,5.2792,1.8882,13.2851,0.9748,83.945
2026-05-05,2.5,106.1,126.79,119.92,97.5,125.72,215.6206,278.497,439.1496,322.0874,105.66,0.0,4.3265,1.6108,3.1392,5.2916,0.6807,5.2792,1.8882,13.2851,0.9748,80.6154
2026-05-06,2.5,106.1,126.79,119.92,97.5,125.72,215.6206,278.497,439.1496,322.0874,98.75,0.0,4.3265,1.6108,3.1392,5.2916,0.6807,5.2792,1.8882,13.2851,0.9748,63.4393
2026-05-07,2.5,106.1,126.79,119.92,97.5,125.72,215.6206,278.497,439.1496,322.0874,98.38,0.0,4.3265,1.6108,3.1392,5.2916,0.6807,5.2792,1.8882,13.2851,0.9748,65.5671
2026-05-08,2.5,106.1,126.79,119.92,97.5,125.72,215.6206,278.497,439.1496,322.0874,98.87,0.0,4.3265,1.6108,3.1392,5.2916,0.6807,5.2792,1.8882,13.2851,0.9748,61.4204
2026-05-09,2.5,106.1,126.79,119.92,97.5,125.72,215.6206,278.497,439.1496,322.0874,98.87,0.0,4.3265,1.6108,3.1392,5.2916,0.6807,5.2792,1.8882,13.2851,0.9748,58.5217
2026-05-10,2.5,106.1,126.79,119.92,97.5,125.72,215.6206,278.497,439.1496,322.0874,98.87,0.0,4.3265,1.6108,3.1392,5.2916,0.6807,5.2792,1.8882,13.2851,0.9748,58.5217
2026-05-11,2.5,106.1,126.79,119.92,97.5,125.72,215.6206,278.497,439.1496,322.0874,101.56,0.0,4.3265,1.6108,3.1392,5.2916,0.6807,5.2792,1.8882,13.2851,0.9748,62.8347
2026-05-12,2.5,106.1,126.79,119.92,97.5,125.72,215.6206,278.497,439.1496,322.0874,105.78,0.0,4.3265,1.6108,3.1392,5.2916,0.6807,5.2792,1.8882,13.2851,0.9748,67.0562
2026-05-13,2.5,106.1,126.79,119.92,97.5,125.72,215.6206,278.497,439.1496,322.0874,104.52,0.0,4.3265,1.6108,3.1392,5.2916,0.6807,5.2792,1.8882,13.2851,0.9748,60.7011
2026-05-14,2.5,106.1,126.79,119.92,97.5,125.72,215.6206,278.497,439.1496,322.0874,104.66,0.0,4.3265,1.6108,3.1392,5.2916,0.6807,5.2792,1.8882,13.2851,0.9748,62.3139
2026-05-15,2.5,106.1,126.79,119.92,97.5,125.72,215.6206,278.497,439.1496,322.0874,108.99,0.0,4.3265,1.6108,3.1392,5.2916,0.6807,5.2792,1.8882,13.2851,0.9748,72.9177
2026-05-16,2.5,106.1,126.79,119.92,97.5,125.72,215.6206,278.497,439.1496,322.0874,108.99,0.0,4.3265,1.6108,3.1392,5.2916,0.6807,5.2792,1.8882,13.2851,0.9748,70.7237
2026-05-17,2.5,106.1,126.79,119.92,97.5,125.72,215.6206,278.497,439.1496,322.0874,108.99,0.0,4.3265,1.6108,3.1392,5.2916,0.6807,5.2792,1.8882,13.2851,0.9748,70.7237
2026-05-18,2.5,106.1,126.79,119.92,97.5,125.72,215.6206,278.497,439.1496,322.0874,112.25,0.0,4.3265,1.6108,3.1392,5.2916,0.6807,5.2792,1.8882,13.2851,0.9748,75.8302
2026-05-19,2.5,106.1,126.79,119.92,97.5,125.72,215.6206,278.497,439.1496,322.0874,112.09,0.0,4.3265,1.6108,3.1392,5.2916,0.6807,5.2792,1.8882,13.2851,0.9748,75.1954
2026-05-20,2.5,106.1,126.79,119.92,97.5,125.72,215.6206,278.497,439.1496,322.0874,101.69,0.0,4.3265,1.6108,3.1392,5.2916,0.6807,5.2792,1.8882,13.2851,0.9748,58.9651
2026-05-21,2.5,106.1,126.79,119.92,97.5,125.72,215.6206,278.497,439.1496,322.0874,100.2,0.0,4.3265,1.6108,3.1392,5.2916,0.6807,5.2792,1.8882,13.2851,0.9748,59.2245
2026-05-22,2.5,106.1,126.79,119.92,97.5,125.72,215.6206,278.497,439.1496,322.0874,100.35,0.0,4.3265,1.6108,3.1392,5.2916,0.6807,5.2792,1.8882,13.2851,0.9748,60.4317
2026-05-23,2.5,106.1,126.79,119.92,97.5,125.72,215.6206,278.497,439.1496,322.0874,100.35,0.0,4.3265,1.6108,3.1392,5.2916,0.6807,5.2792,1.8882,13.2851,0.9748,59.5643
2026-05-24,2.5,106.1,126.79,119.92,97.5,125.72,215.6206,278.497,439.1496,322.0874,100.35,0.0,4.3265,1.6108,3.1392,5.2916,0.6807,5.2792,1.8882,13.2851,0.9748,59.5643
2026-05-25,2.5,106.1,126.79,119.92,97.5,125.72,215.6206,278.497,439.1496,322.0874,100.35,0.0,4.3265,1.6108,3.1392,5.2916,0.6807,5.2792,1.8882,13.2851,0.9748,59.5643
2026-05-26,2.5,106.1,126.79,119.92,97.5,125.72,215.6206,278.497,439.1496,322.0874,97.63,0.0,4.3265,1.6108,3.1392,5.2916,0.6807,5.2792,1.8882,13.2851,0.9748,55.2393
2026-05-27,2.5,106.1,126.79,119.92,97.5,125.72,215.6206,278.497,439.1496,322.0874,92.35,0.0,4.3265,1.6108,3.1392,5.2916,0.6807,5.2792,1.8882,13.2851,0.9748,49.8945
2026-05-28,2.5,106.1,126.79,119.92,97.5,125.72,215.6206,278.497,439.1496,322.0874,92.65,0.0,4.3265,1.6108,3.1392,5.2916,0.6807,5.2792,1.8882,13.2851,0.9748,48.1452
2026-05-29,2.5,106.1,126.79,119.92,97.5,125.72,215.6206,278.497,439.1496,322.0874,91.16,0.0,4.3265,1.6108,3.1392,5.2916,0.6807,5.2792,1.8882,13.2851,0.9748,47.843
2026-05-30,2.5,106.1,126.79,119.92,97.5,125.72,215.6206,278.497,439.1496,322.0874,91.16,0.0,4.3265,1.6108,3.1392,5.2916,0.6807,5.2792,1.8882,13.2851,0.9748,48.3241
2026-05-31,2.5,106.1,126.79,119.92,97.5,125.72,215.6206,278.497,439.1496,322.0874,91.16,0.0,4.3265,1.6108,3.1392,5.2916,0.6807,5.2792,1.8882,13.2851,0.9748,48.3241
2026-06-01,2.5,106.1,126.79,119.92,97.5,125.72,215.6206,278.497,439.1496,322.0874,95.96,0.0,-2.302,1.6434,3.1038,4.6137,0.3993,10.1684,1.293,14.5048,2.8653,56.1341
2026-06-02,2.5,106.1,126.79,119.92,97.5,125.72,215.6206,278.497,439.1496,322.0874,97.47,0.0,-2.302,1.6434,3.1038,4.6137,0.3993,10.1684,1.293,14.5048,2.8653,54.0541
2026-06-03,2.5,106.1,126.79,119.92,97.5,125.72,215.6206,278.497,439.1496,322.0874,99.76,0.0,-2.302,1.6434,3.1038,4.6137,0.3993,10.1684,1.293,14.5048,2.8653,55.6318
2026-06-04,2.5,106.1,126.79,119.92,97.5,125.72,215.6206,278.497,439.1496,322.0874,96.83,0.0,-2.302,1.6434,3.1038,4.6137,0.3993,10.1684,1.293,14.5048,2.8653,52.3203
2026-06-05,2.5,106.1,126.79,119.92,97.5,125.72,215.6206,278.497,439.1496,322.0874,94.32,0.0,-2.302,1.6434,3.1038,4.6137,0.3993,10.1684,1.293,14.5048,2.8653,47.237
2026-06-06,2.5,106.1,126.79,119.92,97.5,125.72,215.6206,278.497,439.1496,322.0874,94.32,0.0,-2.302,1.6434,3.1038,4.6137,0.3993,10.1684,1.293,14.5048,2.8653,44.441
2026-06-07,2.5,106.1,126.79,119.92,97.5,125.72,215.6206,278.497,439.1496,322.0874,94.32,0.0,-2.302,1.6434,3.1038,4.6137,0.3993,10.1684,1.293,14.5048,2.8653,44.441
2026-06-08,2.5,106.1,126.79,119.92,97.5,125.72,215.6206,278.497,439.1496,322.0874,95.0,0.0,-2.302,1.6434,3.1038,4.6137,0.3993,10.1684,1.293,14.5048,2.8653,45.4824
2026-06-09,2.5,106.1,126.79,119.92,97.5,125.72,215.6206,278.497,439.1496,322.0874,95.0,0.0,-2.302,1.6434,3.1038,4.6137,0.3993,10.1684,1.293,14.5048,2.8653,43.9612
2026-06-10,2.5,106.1,126.79,119.92,97.5,125.72,215.6206,278.497,439.1496,322.0874,95.0,0.0,-2.302,1.6434,3.1038,4.6137,0.3993,10.1684,1.293,14.5048,2.8653,44.6847
2026-06-11,2.5,106.1,126.79,119.92,97.5,125.72,215.6206,278.497,439.1496,322.0874,95.0,0.0,-2.302,1.6434,3.1038,4.6137,0.3993,10.1684,1.293,14.5048,2.8653,37.861
2026-06-12,2.5,106.1,126.79,119.92,97.5,125.72,215.6206,278.497,439.1496,322.0874,95.0,0.0,-2.302,1.6434,3.1038,4.6137,0.3993,10.1684,1.293,14.5048,2.8653,38.222
2026-06-13,2.5,106.1,126.79,119.92,97.5,125.72,215.6206,278.497,439.1496,322.0874,95.0,0.0,-2.302,1.6434,3.1038,4.6137,0.3993,10.1684,1.293,14.5048,2.8653,28.6566
2026-06-14,2.5,106.1,126.79,119.92,97.5,125.72,215.6206,278.497,439.1496,322.0874,95.0,0.0,-2.302,1.6434,3.1038,4.6137,0.3993,10.1684,1.293,14.5048,2.8653,28.6566
2026-06-15,2.5,106.1,126.79,119.92,97.5,125.72,215.6206,278.497,439.1496,322.0874,95.0,0.0,-2.302,1.6434,3.1038,4.6137,0.3993,10.1684,1.293,14.5048,2.8653,28.6566
2026-06-16,2.5,106.1,126.79,119.92,97.5,125.72,215.6206,278.497,439.1496,322.0874,95.0,0.0,-2.302,1.6434,3.1038,4.6137,0.3993,10.1684,1.293,14.5048,2.8653,30.9803
2026-06-17,2.5,106.1,126.79,119.92,97.5,125.72,215.6206,278.497,439.1496,322.0874,95.0,0.0,-2.302,1.6434,3.1038,4.6137,0.3993,10.1684,1.293,14.5048,2.8653,25.6281
