date,country,indicator_id,indicator_name,value,unit,freq,source
2019-01-01,KR,kr_base_rate,한국은행 기준금리,1.75,연%,M,ECOS
2019-01-01,KR,kr_ccsi,소비자심리지수(CCSI),98.3,p (장기평균=100),M,ECOS
2019-01-01,KR,kr_cpi_food,소비자물가지수 — 식료품 및 비주류음료,95.789,2020=100,M,ECOS
2019-01-01,KR,kr_cpi_total,소비자물가지수 — 총지수,98.884,2020=100,M,ECOS
2019-01-01,KR,kr_esi,"경제심리지수(ESI, 원계열)",92.6,p,M,ECOS
2019-01-01,KR,kr_ppi_food,생산자물가지수 — 음식료품,98.7,2020=100,M,ECOS
2019-01-01,US,us_corn,Global Price of Corn (사료비 proxy),166.8462414965987,USD/metric ton,M,FRED
2019-01-01,US,us_food_ppi,PPI: Processed Foods and Feeds,206.2,Index 1982=100,M,FRED
2019-01-01,US,us_soybean,Global Price of Soybeans (사료비),333.77714625,USD/metric ton,M,FRED
2019-01-01,US,us_soybean_meal,"Global Price of Soybean Meal (대두박, 사료 직접 투입재)",344.7294903473333,USD/metric ton,M,FRED
2019-01-02,US,us_wti,"WTI Crude Oil (Cushing, OK)",46.31,USD/barrel,D,FRED
2019-01-03,US,us_wti,"WTI Crude Oil (Cushing, OK)",46.92,USD/barrel,D,FRED
2019-01-04,US,us_wti,"WTI Crude Oil (Cushing, OK)",47.76,USD/barrel,D,FRED
2019-01-07,US,us_wti,"WTI Crude Oil (Cushing, OK)",48.27,USD/barrel,D,FRED
2019-01-08,US,us_wti,"WTI Crude Oil (Cushing, OK)",49.58,USD/barrel,D,FRED
2019-01-09,US,us_wti,"WTI Crude Oil (Cushing, OK)",52.19,USD/barrel,D,FRED
2019-01-10,US,us_wti,"WTI Crude Oil (Cushing, OK)",52.42,USD/barrel,D,FRED
2019-01-11,US,us_wti,"WTI Crude Oil (Cushing, OK)",51.44,USD/barrel,D,FRED
2019-01-14,US,us_wti,"WTI Crude Oil (Cushing, OK)",50.31,USD/barrel,D,FRED
2019-01-15,US,us_wti,"WTI Crude Oil (Cushing, OK)",51.8,USD/barrel,D,FRED
2019-01-16,US,us_wti,"WTI Crude Oil (Cushing, OK)",52.08,USD/barrel,D,FRED
2019-01-17,US,us_wti,"WTI Crude Oil (Cushing, OK)",51.83,USD/barrel,D,FRED
2019-01-18,US,us_wti,"WTI Crude Oil (Cushing, OK)",53.6,USD/barrel,D,FRED
2019-01-22,US,us_wti,"WTI Crude Oil (Cushing, OK)",52.59,USD/barrel,D,FRED
2019-01-23,US,us_wti,"WTI Crude Oil (Cushing, OK)",52.44,USD/barrel,D,FRED
2019-01-24,US,us_wti,"WTI Crude Oil (Cushing, OK)",52.94,USD/barrel,D,FRED
2019-01-25,US,us_wti,"WTI Crude Oil (Cushing, OK)",53.53,USD/barrel,D,FRED
2019-01-28,US,us_wti,"WTI Crude Oil (Cushing, OK)",51.79,USD/barrel,D,FRED
2019-01-29,US,us_wti,"WTI Crude Oil (Cushing, OK)",53.07,USD/barrel,D,FRED
2019-01-30,US,us_wti,"WTI Crude Oil (Cushing, OK)",54.18,USD/barrel,D,FRED
2019-01-31,US,us_wti,"WTI Crude Oil (Cushing, OK)",53.84,USD/barrel,D,FRED
2019-02-01,KR,kr_base_rate,한국은행 기준금리,1.75,연%,M,ECOS
2019-02-01,KR,kr_ccsi,소비자심리지수(CCSI),100.4,p (장기평균=100),M,ECOS
2019-02-01,KR,kr_cpi_food,소비자물가지수 — 식료품 및 비주류음료,96.441,2020=100,M,ECOS
2019-02-01,KR,kr_cpi_total,소비자물가지수 — 총지수,99.311,2020=100,M,ECOS
2019-02-01,KR,kr_esi,"경제심리지수(ESI, 원계열)",98.1,p,M,ECOS
2019-02-01,KR,kr_ppi_food,생산자물가지수 — 음식료품,98.69,2020=100,M,ECOS
2019-02-01,US,us_corn,Global Price of Corn (사료비 proxy),169.6562834586467,USD/metric ton,M,FRED
2019-02-01,US,us_food_ppi,PPI: Processed Foods and Feeds,206.7,Index 1982=100,M,FRED
2019-02-01,US,us_soybean,Global Price of Soybeans (사료비),334.5030415263158,USD/metric ton,M,FRED
2019-02-01,US,us_soybean_meal,"Global Price of Soybean Meal (대두박, 사료 직접 투입재)",338.0440689461579,USD/metric ton,M,FRED
2019-02-01,US,us_wti,"WTI Crude Oil (Cushing, OK)",55.29,USD/barrel,D,FRED
2019-02-04,US,us_wti,"WTI Crude Oil (Cushing, OK)",54.57,USD/barrel,D,FRED
2019-02-05,US,us_wti,"WTI Crude Oil (Cushing, OK)",53.69,USD/barrel,D,FRED
2019-02-06,US,us_wti,"WTI Crude Oil (Cushing, OK)",53.94,USD/barrel,D,FRED
2019-02-07,US,us_wti,"WTI Crude Oil (Cushing, OK)",52.68,USD/barrel,D,FRED
2019-02-08,US,us_wti,"WTI Crude Oil (Cushing, OK)",52.75,USD/barrel,D,FRED
2019-02-11,US,us_wti,"WTI Crude Oil (Cushing, OK)",52.43,USD/barrel,D,FRED
2019-02-12,US,us_wti,"WTI Crude Oil (Cushing, OK)",53.14,USD/barrel,D,FRED
2019-02-13,US,us_wti,"WTI Crude Oil (Cushing, OK)",53.84,USD/barrel,D,FRED
2019-02-14,US,us_wti,"WTI Crude Oil (Cushing, OK)",54.4,USD/barrel,D,FRED
2019-02-15,US,us_wti,"WTI Crude Oil (Cushing, OK)",55.58,USD/barrel,D,FRED
2019-02-19,US,us_wti,"WTI Crude Oil (Cushing, OK)",56.12,USD/barrel,D,FRED
2019-02-20,US,us_wti,"WTI Crude Oil (Cushing, OK)",56.9,USD/barrel,D,FRED
2019-02-21,US,us_wti,"WTI Crude Oil (Cushing, OK)",56.95,USD/barrel,D,FRED
2019-02-22,US,us_wti,"WTI Crude Oil (Cushing, OK)",57.01,USD/barrel,D,FRED
2019-02-25,US,us_wti,"WTI Crude Oil (Cushing, OK)",55.32,USD/barrel,D,FRED
2019-02-26,US,us_wti,"WTI Crude Oil (Cushing, OK)",55.4,USD/barrel,D,FRED
2019-02-27,US,us_wti,"WTI Crude Oil (Cushing, OK)",56.92,USD/barrel,D,FRED
2019-02-28,US,us_wti,"WTI Crude Oil (Cushing, OK)",57.21,USD/barrel,D,FRED
2019-03-01,KR,kr_base_rate,한국은행 기준금리,1.75,연%,M,ECOS
2019-03-01,KR,kr_ccsi,소비자심리지수(CCSI),100.7,p (장기평균=100),M,ECOS
2019-03-01,KR,kr_cpi_food,소비자물가지수 — 식료품 및 비주류음료,95.508,2020=100,M,ECOS
2019-03-01,KR,kr_cpi_total,소비자물가지수 — 총지수,99.121,2020=100,M,ECOS
2019-03-01,KR,kr_esi,"경제심리지수(ESI, 원계열)",97.2,p,M,ECOS
2019-03-01,KR,kr_ppi_food,생산자물가지수 — 음식료품,98.67,2020=100,M,ECOS
2019-03-01,US,us_corn,Global Price of Corn (사료비 proxy),166.3213319727891,USD/metric ton,M,FRED
2019-03-01,US,us_food_ppi,PPI: Processed Foods and Feeds,207.5,Index 1982=100,M,FRED
2019-03-01,US,us_soybean,Global Price of Soybeans (사료비),329.23667475,USD/metric ton,M,FRED
2019-03-01,US,us_soybean_meal,"Global Price of Soybean Meal (대두박, 사료 직접 투입재)",337.6169578470952,USD/metric ton,M,FRED
2019-03-01,US,us_wti,"WTI Crude Oil (Cushing, OK)",55.76,USD/barrel,D,FRED
2019-03-04,US,us_wti,"WTI Crude Oil (Cushing, OK)",56.6,USD/barrel,D,FRED
2019-03-05,US,us_wti,"WTI Crude Oil (Cushing, OK)",56.55,USD/barrel,D,FRED
2019-03-06,US,us_wti,"WTI Crude Oil (Cushing, OK)",56.22,USD/barrel,D,FRED
2019-03-07,US,us_wti,"WTI Crude Oil (Cushing, OK)",56.6,USD/barrel,D,FRED
2019-03-08,US,us_wti,"WTI Crude Oil (Cushing, OK)",55.77,USD/barrel,D,FRED
2019-03-11,US,us_wti,"WTI Crude Oil (Cushing, OK)",56.79,USD/barrel,D,FRED
2019-03-12,US,us_wti,"WTI Crude Oil (Cushing, OK)",56.89,USD/barrel,D,FRED
2019-03-13,US,us_wti,"WTI Crude Oil (Cushing, OK)",58.27,USD/barrel,D,FRED
2019-03-14,US,us_wti,"WTI Crude Oil (Cushing, OK)",58.59,USD/barrel,D,FRED
2019-03-15,US,us_wti,"WTI Crude Oil (Cushing, OK)",58.51,USD/barrel,D,FRED
2019-03-18,US,us_wti,"WTI Crude Oil (Cushing, OK)",59.09,USD/barrel,D,FRED
2019-03-19,US,us_wti,"WTI Crude Oil (Cushing, OK)",59.12,USD/barrel,D,FRED
2019-03-20,US,us_wti,"WTI Crude Oil (Cushing, OK)",60.12,USD/barrel,D,FRED
2019-03-21,US,us_wti,"WTI Crude Oil (Cushing, OK)",59.98,USD/barrel,D,FRED
2019-03-22,US,us_wti,"WTI Crude Oil (Cushing, OK)",58.87,USD/barrel,D,FRED
2019-03-25,US,us_wti,"WTI Crude Oil (Cushing, OK)",58.71,USD/barrel,D,FRED
2019-03-26,US,us_wti,"WTI Crude Oil (Cushing, OK)",59.87,USD/barrel,D,FRED
2019-03-27,US,us_wti,"WTI Crude Oil (Cushing, OK)",59.39,USD/barrel,D,FRED
2019-03-28,US,us_wti,"WTI Crude Oil (Cushing, OK)",59.29,USD/barrel,D,FRED
2019-03-29,US,us_wti,"WTI Crude Oil (Cushing, OK)",60.19,USD/barrel,D,FRED
2019-04-01,KR,kr_base_rate,한국은행 기준금리,1.75,연%,M,ECOS
2019-04-01,KR,kr_ccsi,소비자심리지수(CCSI),102.6,p (장기평균=100),M,ECOS
2019-04-01,KR,kr_cpi_food,소비자물가지수 — 식료품 및 비주류음료,96.318,2020=100,M,ECOS
2019-04-01,KR,kr_cpi_total,소비자물가지수 — 총지수,99.481,2020=100,M,ECOS
2019-04-01,KR,kr_esi,"경제심리지수(ESI, 원계열)",98.5,p,M,ECOS
2019-04-01,KR,kr_ppi_food,생산자물가지수 — 음식료품,99.13,2020=100,M,ECOS
2019-04-01,US,us_corn,Global Price of Corn (사료비 proxy),161.6533865646259,USD/metric ton,M,FRED
2019-04-01,US,us_food_ppi,PPI: Processed Foods and Feeds,209.1,Index 1982=100,M,FRED
2019-04-01,US,us_soybean,Global Price of Soybeans (사료비),324.254404,USD/metric ton,M,FRED
2019-04-01,US,us_soybean_meal,"Global Price of Soybean Meal (대두박, 사료 직접 투입재)",337.0972968009524,USD/metric ton,M,FRED
2019-04-01,US,us_wti,"WTI Crude Oil (Cushing, OK)",61.59,USD/barrel,D,FRED
2019-04-02,US,us_wti,"WTI Crude Oil (Cushing, OK)",62.53,USD/barrel,D,FRED
2019-04-03,US,us_wti,"WTI Crude Oil (Cushing, OK)",62.46,USD/barrel,D,FRED
2019-04-04,US,us_wti,"WTI Crude Oil (Cushing, OK)",62.12,USD/barrel,D,FRED
2019-04-05,US,us_wti,"WTI Crude Oil (Cushing, OK)",63.1,USD/barrel,D,FRED
2019-04-08,US,us_wti,"WTI Crude Oil (Cushing, OK)",64.37,USD/barrel,D,FRED
2019-04-09,US,us_wti,"WTI Crude Oil (Cushing, OK)",64.05,USD/barrel,D,FRED
2019-04-10,US,us_wti,"WTI Crude Oil (Cushing, OK)",64.62,USD/barrel,D,FRED
2019-04-11,US,us_wti,"WTI Crude Oil (Cushing, OK)",63.61,USD/barrel,D,FRED
2019-04-12,US,us_wti,"WTI Crude Oil (Cushing, OK)",63.86,USD/barrel,D,FRED
2019-04-15,US,us_wti,"WTI Crude Oil (Cushing, OK)",63.43,USD/barrel,D,FRED
2019-04-16,US,us_wti,"WTI Crude Oil (Cushing, OK)",64.01,USD/barrel,D,FRED
2019-04-17,US,us_wti,"WTI Crude Oil (Cushing, OK)",63.74,USD/barrel,D,FRED
2019-04-18,US,us_wti,"WTI Crude Oil (Cushing, OK)",64.02,USD/barrel,D,FRED
2019-04-22,US,us_wti,"WTI Crude Oil (Cushing, OK)",65.66,USD/barrel,D,FRED
2019-04-23,US,us_wti,"WTI Crude Oil (Cushing, OK)",66.24,USD/barrel,D,FRED
2019-04-24,US,us_wti,"WTI Crude Oil (Cushing, OK)",65.96,USD/barrel,D,FRED
2019-04-25,US,us_wti,"WTI Crude Oil (Cushing, OK)",65.23,USD/barrel,D,FRED
2019-04-26,US,us_wti,"WTI Crude Oil (Cushing, OK)",63.29,USD/barrel,D,FRED
2019-04-29,US,us_wti,"WTI Crude Oil (Cushing, OK)",63.39,USD/barrel,D,FRED
2019-04-30,US,us_wti,"WTI Crude Oil (Cushing, OK)",63.83,USD/barrel,D,FRED
2019-05-01,KR,kr_base_rate,한국은행 기준금리,1.75,연%,M,ECOS
2019-05-01,KR,kr_ccsi,소비자심리지수(CCSI),98.7,p (장기평균=100),M,ECOS
2019-05-01,KR,kr_cpi_food,소비자물가지수 — 식료품 및 비주류음료,95.816,2020=100,M,ECOS
2019-05-01,KR,kr_cpi_total,소비자물가지수 — 총지수,99.652,2020=100,M,ECOS
2019-05-01,KR,kr_esi,"경제심리지수(ESI, 원계열)",94.8,p,M,ECOS
2019-05-01,KR,kr_ppi_food,생산자물가지수 — 음식료품,99.19,2020=100,M,ECOS
2019-05-01,US,us_corn,Global Price of Corn (사료비 proxy),171.1801535714285,USD/metric ton,M,FRED
2019-05-01,US,us_food_ppi,PPI: Processed Foods and Feeds,209.6,Index 1982=100,M,FRED
2019-05-01,US,us_soybean,Global Price of Soybeans (사료비),305.3109190568182,USD/metric ton,M,FRED
2019-05-01,US,us_soybean_meal,"Global Price of Soybean Meal (대두박, 사료 직접 투입재)",328.8595478206364,USD/metric ton,M,FRED
2019-05-01,US,us_wti,"WTI Crude Oil (Cushing, OK)",63.55,USD/barrel,D,FRED
2019-05-02,US,us_wti,"WTI Crude Oil (Cushing, OK)",61.75,USD/barrel,D,FRED
2019-05-03,US,us_wti,"WTI Crude Oil (Cushing, OK)",61.98,USD/barrel,D,FRED
2019-05-06,US,us_wti,"WTI Crude Oil (Cushing, OK)",62.3,USD/barrel,D,FRED
2019-05-07,US,us_wti,"WTI Crude Oil (Cushing, OK)",61.41,USD/barrel,D,FRED
2019-05-08,US,us_wti,"WTI Crude Oil (Cushing, OK)",62.13,USD/barrel,D,FRED
2019-05-09,US,us_wti,"WTI Crude Oil (Cushing, OK)",61.58,USD/barrel,D,FRED
2019-05-10,US,us_wti,"WTI Crude Oil (Cushing, OK)",61.65,USD/barrel,D,FRED
2019-05-13,US,us_wti,"WTI Crude Oil (Cushing, OK)",60.97,USD/barrel,D,FRED
2019-05-14,US,us_wti,"WTI Crude Oil (Cushing, OK)",61.82,USD/barrel,D,FRED
2019-05-15,US,us_wti,"WTI Crude Oil (Cushing, OK)",62.03,USD/barrel,D,FRED
2019-05-16,US,us_wti,"WTI Crude Oil (Cushing, OK)",62.93,USD/barrel,D,FRED
2019-05-17,US,us_wti,"WTI Crude Oil (Cushing, OK)",62.77,USD/barrel,D,FRED
2019-05-20,US,us_wti,"WTI Crude Oil (Cushing, OK)",63.12,USD/barrel,D,FRED
2019-05-21,US,us_wti,"WTI Crude Oil (Cushing, OK)",63.02,USD/barrel,D,FRED
2019-05-22,US,us_wti,"WTI Crude Oil (Cushing, OK)",61.42,USD/barrel,D,FRED
2019-05-23,US,us_wti,"WTI Crude Oil (Cushing, OK)",57.65,USD/barrel,D,FRED
2019-05-24,US,us_wti,"WTI Crude Oil (Cushing, OK)",58.4,USD/barrel,D,FRED
2019-05-28,US,us_wti,"WTI Crude Oil (Cushing, OK)",58.91,USD/barrel,D,FRED
2019-05-29,US,us_wti,"WTI Crude Oil (Cushing, OK)",58.84,USD/barrel,D,FRED
2019-05-30,US,us_wti,"WTI Crude Oil (Cushing, OK)",56.47,USD/barrel,D,FRED
2019-05-31,US,us_wti,"WTI Crude Oil (Cushing, OK)",53.49,USD/barrel,D,FRED
2019-06-01,KR,kr_base_rate,한국은행 기준금리,1.75,연%,M,ECOS
2019-06-01,KR,kr_ccsi,소비자심리지수(CCSI),98.4,p (장기평균=100),M,ECOS
2019-06-01,KR,kr_cpi_food,소비자물가지수 — 식료품 및 비주류음료,94.768,2020=100,M,ECOS
2019-06-01,KR,kr_cpi_total,소비자물가지수 — 총지수,99.491,2020=100,M,ECOS
2019-06-01,KR,kr_esi,"경제심리지수(ESI, 원계열)",95.4,p,M,ECOS
2019-06-01,KR,kr_ppi_food,생산자물가지수 — 음식료품,99.24,2020=100,M,ECOS
2019-06-01,US,us_corn,Global Price of Corn (사료비 proxy),195.1679223214286,USD/metric ton,M,FRED
2019-06-01,US,us_food_ppi,PPI: Processed Foods and Feeds,209.7,Index 1982=100,M,FRED
2019-06-01,US,us_soybean,Global Price of Soybeans (사료비),326.6147493,USD/metric ton,M,FRED
2019-06-01,US,us_soybean_meal,"Global Price of Soybean Meal (대두박, 사료 직접 투입재)",350.18776851735,USD/metric ton,M,FRED
2019-06-03,US,us_wti,"WTI Crude Oil (Cushing, OK)",53.25,USD/barrel,D,FRED
2019-06-04,US,us_wti,"WTI Crude Oil (Cushing, OK)",53.5,USD/barrel,D,FRED
2019-06-05,US,us_wti,"WTI Crude Oil (Cushing, OK)",51.57,USD/barrel,D,FRED
2019-06-06,US,us_wti,"WTI Crude Oil (Cushing, OK)",52.59,USD/barrel,D,FRED
2019-06-07,US,us_wti,"WTI Crude Oil (Cushing, OK)",53.95,USD/barrel,D,FRED
2019-06-10,US,us_wti,"WTI Crude Oil (Cushing, OK)",53.33,USD/barrel,D,FRED
2019-06-11,US,us_wti,"WTI Crude Oil (Cushing, OK)",53.3,USD/barrel,D,FRED
2019-06-12,US,us_wti,"WTI Crude Oil (Cushing, OK)",51.13,USD/barrel,D,FRED
2019-06-13,US,us_wti,"WTI Crude Oil (Cushing, OK)",52.38,USD/barrel,D,FRED
2019-06-14,US,us_wti,"WTI Crude Oil (Cushing, OK)",52.47,USD/barrel,D,FRED
2019-06-17,US,us_wti,"WTI Crude Oil (Cushing, OK)",51.94,USD/barrel,D,FRED
2019-06-18,US,us_wti,"WTI Crude Oil (Cushing, OK)",53.86,USD/barrel,D,FRED
2019-06-19,US,us_wti,"WTI Crude Oil (Cushing, OK)",53.74,USD/barrel,D,FRED
2019-06-20,US,us_wti,"WTI Crude Oil (Cushing, OK)",56.88,USD/barrel,D,FRED
2019-06-21,US,us_wti,"WTI Crude Oil (Cushing, OK)",57.35,USD/barrel,D,FRED
2019-06-24,US,us_wti,"WTI Crude Oil (Cushing, OK)",57.73,USD/barrel,D,FRED
2019-06-25,US,us_wti,"WTI Crude Oil (Cushing, OK)",57.63,USD/barrel,D,FRED
2019-06-26,US,us_wti,"WTI Crude Oil (Cushing, OK)",59.17,USD/barrel,D,FRED
2019-06-27,US,us_wti,"WTI Crude Oil (Cushing, OK)",59.18,USD/barrel,D,FRED
2019-06-28,US,us_wti,"WTI Crude Oil (Cushing, OK)",58.2,USD/barrel,D,FRED
2019-07-01,KR,kr_base_rate,한국은행 기준금리,1.5,연%,M,ECOS
2019-07-01,KR,kr_ccsi,소비자심리지수(CCSI),96.7,p (장기평균=100),M,ECOS
2019-07-01,KR,kr_cpi_food,소비자물가지수 — 식료품 및 비주류음료,93.923,2020=100,M,ECOS
2019-07-01,KR,kr_cpi_total,소비자물가지수 — 총지수,99.187,2020=100,M,ECOS
2019-07-01,KR,kr_esi,"경제심리지수(ESI, 원계열)",92.6,p,M,ECOS
2019-07-01,KR,kr_ppi_food,생산자물가지수 — 음식료품,99.16,2020=100,M,ECOS
2019-07-01,US,us_corn,Global Price of Corn (사료비 proxy),189.4863732142856,USD/metric ton,M,FRED
2019-07-01,US,us_food_ppi,PPI: Processed Foods and Feeds,209.5,Index 1982=100,M,FRED
2019-07-01,US,us_soybean,Global Price of Soybeans (사료비),325.4698490113636,USD/metric ton,M,FRED
2019-07-01,US,us_soybean_meal,"Global Price of Soybean Meal (대두박, 사료 직접 투입재)",337.7431748780455,USD/metric ton,M,FRED
2019-07-01,US,us_wti,"WTI Crude Oil (Cushing, OK)",58.91,USD/barrel,D,FRED
2019-07-02,US,us_wti,"WTI Crude Oil (Cushing, OK)",56.0,USD/barrel,D,FRED
2019-07-03,US,us_wti,"WTI Crude Oil (Cushing, OK)",57.06,USD/barrel,D,FRED
2019-07-08,US,us_wti,"WTI Crude Oil (Cushing, OK)",57.35,USD/barrel,D,FRED
2019-07-09,US,us_wti,"WTI Crude Oil (Cushing, OK)",57.57,USD/barrel,D,FRED
2019-07-10,US,us_wti,"WTI Crude Oil (Cushing, OK)",60.28,USD/barrel,D,FRED
2019-07-11,US,us_wti,"WTI Crude Oil (Cushing, OK)",59.93,USD/barrel,D,FRED
2019-07-12,US,us_wti,"WTI Crude Oil (Cushing, OK)",59.99,USD/barrel,D,FRED
2019-07-15,US,us_wti,"WTI Crude Oil (Cushing, OK)",59.3,USD/barrel,D,FRED
2019-07-16,US,us_wti,"WTI Crude Oil (Cushing, OK)",57.44,USD/barrel,D,FRED
2019-07-17,US,us_wti,"WTI Crude Oil (Cushing, OK)",56.5,USD/barrel,D,FRED
2019-07-18,US,us_wti,"WTI Crude Oil (Cushing, OK)",55.08,USD/barrel,D,FRED
2019-07-19,US,us_wti,"WTI Crude Oil (Cushing, OK)",55.42,USD/barrel,D,FRED
2019-07-22,US,us_wti,"WTI Crude Oil (Cushing, OK)",55.87,USD/barrel,D,FRED
2019-07-23,US,us_wti,"WTI Crude Oil (Cushing, OK)",56.58,USD/barrel,D,FRED
2019-07-24,US,us_wti,"WTI Crude Oil (Cushing, OK)",55.9,USD/barrel,D,FRED
2019-07-25,US,us_wti,"WTI Crude Oil (Cushing, OK)",55.88,USD/barrel,D,FRED
2019-07-26,US,us_wti,"WTI Crude Oil (Cushing, OK)",56.04,USD/barrel,D,FRED
2019-07-29,US,us_wti,"WTI Crude Oil (Cushing, OK)",56.85,USD/barrel,D,FRED
2019-07-30,US,us_wti,"WTI Crude Oil (Cushing, OK)",58.04,USD/barrel,D,FRED
2019-07-31,US,us_wti,"WTI Crude Oil (Cushing, OK)",58.53,USD/barrel,D,FRED
2019-08-01,KR,kr_base_rate,한국은행 기준금리,1.5,연%,M,ECOS
2019-08-01,KR,kr_ccsi,소비자심리지수(CCSI),93.1,p (장기평균=100),M,ECOS
2019-08-01,KR,kr_cpi_food,소비자물가지수 — 식료품 및 비주류음료,94.821,2020=100,M,ECOS
2019-08-01,KR,kr_cpi_total,소비자물가지수 — 총지수,99.425,2020=100,M,ECOS
2019-08-01,KR,kr_esi,"경제심리지수(ESI, 원계열)",91.8,p,M,ECOS
2019-08-01,KR,kr_ppi_food,생산자물가지수 — 음식료품,99.36,2020=100,M,ECOS
2019-08-01,US,us_corn,Global Price of Corn (사료비 proxy),163.6286142857145,USD/metric ton,M,FRED
2019-08-01,US,us_food_ppi,PPI: Processed Foods and Feeds,209.5,Index 1982=100,M,FRED
2019-08-01,US,us_soybean,Global Price of Soybeans (사료비),314.6262820909091,USD/metric ton,M,FRED
2019-08-01,US,us_soybean_meal,"Global Price of Soybean Meal (대두박, 사료 직접 투입재)",323.3580122825455,USD/metric ton,M,FRED
2019-08-01,US,us_wti,"WTI Crude Oil (Cushing, OK)",53.64,USD/barrel,D,FRED
2019-08-02,US,us_wti,"WTI Crude Oil (Cushing, OK)",55.67,USD/barrel,D,FRED
2019-08-05,US,us_wti,"WTI Crude Oil (Cushing, OK)",54.63,USD/barrel,D,FRED
2019-08-06,US,us_wti,"WTI Crude Oil (Cushing, OK)",53.6,USD/barrel,D,FRED
2019-08-07,US,us_wti,"WTI Crude Oil (Cushing, OK)",51.14,USD/barrel,D,FRED
2019-08-08,US,us_wti,"WTI Crude Oil (Cushing, OK)",52.6,USD/barrel,D,FRED
2019-08-09,US,us_wti,"WTI Crude Oil (Cushing, OK)",54.41,USD/barrel,D,FRED
2019-08-12,US,us_wti,"WTI Crude Oil (Cushing, OK)",54.98,USD/barrel,D,FRED
2019-08-13,US,us_wti,"WTI Crude Oil (Cushing, OK)",57.05,USD/barrel,D,FRED
2019-08-14,US,us_wti,"WTI Crude Oil (Cushing, OK)",55.16,USD/barrel,D,FRED
2019-08-15,US,us_wti,"WTI Crude Oil (Cushing, OK)",54.51,USD/barrel,D,FRED
2019-08-16,US,us_wti,"WTI Crude Oil (Cushing, OK)",54.83,USD/barrel,D,FRED
2019-08-19,US,us_wti,"WTI Crude Oil (Cushing, OK)",56.24,USD/barrel,D,FRED
2019-08-20,US,us_wti,"WTI Crude Oil (Cushing, OK)",56.18,USD/barrel,D,FRED
2019-08-21,US,us_wti,"WTI Crude Oil (Cushing, OK)",55.65,USD/barrel,D,FRED
2019-08-22,US,us_wti,"WTI Crude Oil (Cushing, OK)",55.33,USD/barrel,D,FRED
2019-08-23,US,us_wti,"WTI Crude Oil (Cushing, OK)",54.08,USD/barrel,D,FRED
2019-08-26,US,us_wti,"WTI Crude Oil (Cushing, OK)",53.54,USD/barrel,D,FRED
2019-08-27,US,us_wti,"WTI Crude Oil (Cushing, OK)",54.99,USD/barrel,D,FRED
2019-08-28,US,us_wti,"WTI Crude Oil (Cushing, OK)",55.76,USD/barrel,D,FRED
2019-08-29,US,us_wti,"WTI Crude Oil (Cushing, OK)",56.67,USD/barrel,D,FRED
2019-08-30,US,us_wti,"WTI Crude Oil (Cushing, OK)",55.07,USD/barrel,D,FRED
2019-09-01,KR,kr_base_rate,한국은행 기준금리,1.5,연%,M,ECOS
2019-09-01,KR,kr_ccsi,소비자심리지수(CCSI),97.8,p (장기평균=100),M,ECOS
2019-09-01,KR,kr_cpi_food,소비자물가지수 — 식료품 및 비주류음료,97.304,2020=100,M,ECOS
2019-09-01,KR,kr_cpi_total,소비자물가지수 — 총지수,99.794,2020=100,M,ECOS
2019-09-01,KR,kr_esi,"경제심리지수(ESI, 원계열)",94.8,p,M,ECOS
2019-09-01,KR,kr_ppi_food,생산자물가지수 — 음식료품,99.44,2020=100,M,ECOS
2019-09-01,US,us_corn,Global Price of Corn (사료비 proxy),157.3744366071428,USD/metric ton,M,FRED
2019-09-01,US,us_food_ppi,PPI: Processed Foods and Feeds,209.9,Index 1982=100,M,FRED
2019-09-01,US,us_soybean,Global Price of Soybeans (사료비),322.453525275,USD/metric ton,M,FRED
2019-09-01,US,us_soybean_meal,"Global Price of Soybean Meal (대두박, 사료 직접 투입재)",322.16701501715,USD/metric ton,M,FRED
2019-09-03,US,us_wti,"WTI Crude Oil (Cushing, OK)",53.91,USD/barrel,D,FRED
2019-09-04,US,us_wti,"WTI Crude Oil (Cushing, OK)",56.22,USD/barrel,D,FRED
2019-09-05,US,us_wti,"WTI Crude Oil (Cushing, OK)",56.33,USD/barrel,D,FRED
2019-09-06,US,us_wti,"WTI Crude Oil (Cushing, OK)",56.45,USD/barrel,D,FRED
2019-09-09,US,us_wti,"WTI Crude Oil (Cushing, OK)",57.88,USD/barrel,D,FRED
2019-09-10,US,us_wti,"WTI Crude Oil (Cushing, OK)",57.37,USD/barrel,D,FRED
2019-09-11,US,us_wti,"WTI Crude Oil (Cushing, OK)",55.66,USD/barrel,D,FRED
2019-09-12,US,us_wti,"WTI Crude Oil (Cushing, OK)",55.13,USD/barrel,D,FRED
2019-09-13,US,us_wti,"WTI Crude Oil (Cushing, OK)",54.76,USD/barrel,D,FRED
2019-09-16,US,us_wti,"WTI Crude Oil (Cushing, OK)",63.1,USD/barrel,D,FRED
2019-09-17,US,us_wti,"WTI Crude Oil (Cushing, OK)",59.26,USD/barrel,D,FRED
2019-09-18,US,us_wti,"WTI Crude Oil (Cushing, OK)",58.19,USD/barrel,D,FRED
2019-09-19,US,us_wti,"WTI Crude Oil (Cushing, OK)",58.19,USD/barrel,D,FRED
2019-09-20,US,us_wti,"WTI Crude Oil (Cushing, OK)",57.92,USD/barrel,D,FRED
2019-09-23,US,us_wti,"WTI Crude Oil (Cushing, OK)",58.69,USD/barrel,D,FRED
2019-09-24,US,us_wti,"WTI Crude Oil (Cushing, OK)",57.22,USD/barrel,D,FRED
2019-09-25,US,us_wti,"WTI Crude Oil (Cushing, OK)",56.38,USD/barrel,D,FRED
2019-09-26,US,us_wti,"WTI Crude Oil (Cushing, OK)",56.24,USD/barrel,D,FRED
2019-09-27,US,us_wti,"WTI Crude Oil (Cushing, OK)",55.95,USD/barrel,D,FRED
2019-09-30,US,us_wti,"WTI Crude Oil (Cushing, OK)",54.09,USD/barrel,D,FRED
2019-10-01,KR,kr_base_rate,한국은행 기준금리,1.25,연%,M,ECOS
2019-10-01,KR,kr_ccsi,소비자심리지수(CCSI),99.5,p (장기평균=100),M,ECOS
2019-10-01,KR,kr_cpi_food,소비자물가지수 — 식료품 및 비주류음료,97.497,2020=100,M,ECOS
2019-10-01,KR,kr_cpi_total,소비자물가지수 — 총지수,100.041,2020=100,M,ECOS
2019-10-01,KR,kr_esi,"경제심리지수(ESI, 원계열)",93.8,p,M,ECOS
2019-10-01,KR,kr_ppi_food,생산자물가지수 — 음식료품,99.33,2020=100,M,ECOS
2019-10-01,US,us_corn,Global Price of Corn (사료비 proxy),167.2977940993788,USD/metric ton,M,FRED
2019-10-01,US,us_food_ppi,PPI: Processed Foods and Feeds,209.7,Index 1982=100,M,FRED
2019-10-01,US,us_soybean,Global Price of Soybeans (사료비),339.8712372391304,USD/metric ton,M,FRED
2019-10-01,US,us_soybean_meal,"Global Price of Soybean Meal (대두박, 사료 직접 투입재)",335.3374784756087,USD/metric ton,M,FRED
2019-10-01,US,us_wti,"WTI Crude Oil (Cushing, OK)",53.6,USD/barrel,D,FRED
2019-10-02,US,us_wti,"WTI Crude Oil (Cushing, OK)",52.67,USD/barrel,D,FRED
2019-10-03,US,us_wti,"WTI Crude Oil (Cushing, OK)",52.41,USD/barrel,D,FRED
2019-10-04,US,us_wti,"WTI Crude Oil (Cushing, OK)",52.84,USD/barrel,D,FRED
2019-10-07,US,us_wti,"WTI Crude Oil (Cushing, OK)",52.76,USD/barrel,D,FRED
2019-10-08,US,us_wti,"WTI Crude Oil (Cushing, OK)",52.64,USD/barrel,D,FRED
2019-10-09,US,us_wti,"WTI Crude Oil (Cushing, OK)",52.63,USD/barrel,D,FRED
2019-10-10,US,us_wti,"WTI Crude Oil (Cushing, OK)",53.57,USD/barrel,D,FRED
2019-10-11,US,us_wti,"WTI Crude Oil (Cushing, OK)",54.76,USD/barrel,D,FRED
2019-10-14,US,us_wti,"WTI Crude Oil (Cushing, OK)",53.57,USD/barrel,D,FRED
2019-10-15,US,us_wti,"WTI Crude Oil (Cushing, OK)",52.81,USD/barrel,D,FRED
2019-10-16,US,us_wti,"WTI Crude Oil (Cushing, OK)",53.42,USD/barrel,D,FRED
2019-10-17,US,us_wti,"WTI Crude Oil (Cushing, OK)",53.89,USD/barrel,D,FRED
2019-10-18,US,us_wti,"WTI Crude Oil (Cushing, OK)",53.75,USD/barrel,D,FRED
2019-10-21,US,us_wti,"WTI Crude Oil (Cushing, OK)",53.28,USD/barrel,D,FRED
2019-10-22,US,us_wti,"WTI Crude Oil (Cushing, OK)",54.21,USD/barrel,D,FRED
2019-10-23,US,us_wti,"WTI Crude Oil (Cushing, OK)",55.9,USD/barrel,D,FRED
2019-10-24,US,us_wti,"WTI Crude Oil (Cushing, OK)",56.11,USD/barrel,D,FRED
2019-10-25,US,us_wti,"WTI Crude Oil (Cushing, OK)",56.52,USD/barrel,D,FRED
2019-10-28,US,us_wti,"WTI Crude Oil (Cushing, OK)",55.6,USD/barrel,D,FRED
2019-10-29,US,us_wti,"WTI Crude Oil (Cushing, OK)",55.34,USD/barrel,D,FRED
2019-10-30,US,us_wti,"WTI Crude Oil (Cushing, OK)",54.85,USD/barrel,D,FRED
2019-10-31,US,us_wti,"WTI Crude Oil (Cushing, OK)",54.02,USD/barrel,D,FRED
2019-11-01,KR,kr_base_rate,한국은행 기준금리,1.25,연%,M,ECOS
2019-11-01,KR,kr_ccsi,소비자심리지수(CCSI),101.9,p (장기평균=100),M,ECOS
2019-11-01,KR,kr_cpi_food,소비자물가지수 — 식료품 및 비주류음료,94.988,2020=100,M,ECOS
2019-11-01,KR,kr_cpi_total,소비자물가지수 — 총지수,99.481,2020=100,M,ECOS
2019-11-01,KR,kr_esi,"경제심리지수(ESI, 원계열)",95.1,p,M,ECOS
2019-11-01,KR,kr_ppi_food,생산자물가지수 — 음식료품,99.29,2020=100,M,ECOS
2019-11-01,US,us_corn,Global Price of Corn (사료비 proxy),166.3617855263158,USD/metric ton,M,FRED
2019-11-01,US,us_food_ppi,PPI: Processed Foods and Feeds,211.1,Index 1982=100,M,FRED
2019-11-01,US,us_soybean,Global Price of Soybeans (사료비),332.9576305125,USD/metric ton,M,FRED
2019-11-01,US,us_soybean_meal,"Global Price of Soybean Meal (대두박, 사료 직접 투입재)",331.59177671765,USD/metric ton,M,FRED
2019-11-01,US,us_wti,"WTI Crude Oil (Cushing, OK)",56.04,USD/barrel,D,FRED
2019-11-04,US,us_wti,"WTI Crude Oil (Cushing, OK)",56.33,USD/barrel,D,FRED
2019-11-05,US,us_wti,"WTI Crude Oil (Cushing, OK)",57.04,USD/barrel,D,FRED
2019-11-06,US,us_wti,"WTI Crude Oil (Cushing, OK)",56.15,USD/barrel,D,FRED
2019-11-07,US,us_wti,"WTI Crude Oil (Cushing, OK)",56.91,USD/barrel,D,FRED
2019-11-08,US,us_wti,"WTI Crude Oil (Cushing, OK)",57.02,USD/barrel,D,FRED
2019-11-12,US,us_wti,"WTI Crude Oil (Cushing, OK)",56.67,USD/barrel,D,FRED
2019-11-13,US,us_wti,"WTI Crude Oil (Cushing, OK)",56.88,USD/barrel,D,FRED
2019-11-14,US,us_wti,"WTI Crude Oil (Cushing, OK)",56.57,USD/barrel,D,FRED
2019-11-15,US,us_wti,"WTI Crude Oil (Cushing, OK)",57.54,USD/barrel,D,FRED
2019-11-18,US,us_wti,"WTI Crude Oil (Cushing, OK)",56.82,USD/barrel,D,FRED
2019-11-19,US,us_wti,"WTI Crude Oil (Cushing, OK)",54.93,USD/barrel,D,FRED
2019-11-20,US,us_wti,"WTI Crude Oil (Cushing, OK)",56.71,USD/barrel,D,FRED
2019-11-21,US,us_wti,"WTI Crude Oil (Cushing, OK)",58.36,USD/barrel,D,FRED
2019-11-22,US,us_wti,"WTI Crude Oil (Cushing, OK)",57.68,USD/barrel,D,FRED
2019-11-25,US,us_wti,"WTI Crude Oil (Cushing, OK)",57.79,USD/barrel,D,FRED
2019-11-26,US,us_wti,"WTI Crude Oil (Cushing, OK)",58.25,USD/barrel,D,FRED
2019-11-27,US,us_wti,"WTI Crude Oil (Cushing, OK)",58.12,USD/barrel,D,FRED
2019-11-29,US,us_wti,"WTI Crude Oil (Cushing, OK)",58.12,USD/barrel,D,FRED
2019-12-01,KR,kr_base_rate,한국은행 기준금리,1.25,연%,M,ECOS
2019-12-01,KR,kr_ccsi,소비자심리지수(CCSI),101.4,p (장기평균=100),M,ECOS
2019-12-01,KR,kr_cpi_food,소비자물가지수 — 식료품 및 비주류음료,95.974,2020=100,M,ECOS
2019-12-01,KR,kr_cpi_total,소비자물가지수 — 총지수,99.719,2020=100,M,ECOS
2019-12-01,KR,kr_esi,"경제심리지수(ESI, 원계열)",95.7,p,M,ECOS
2019-12-01,KR,kr_ppi_food,생산자물가지수 — 음식료품,99.31,2020=100,M,ECOS
2019-12-01,US,us_corn,Global Price of Corn (사료비 proxy),167.0590173214286,USD/metric ton,M,FRED
2019-12-01,US,us_food_ppi,PPI: Processed Foods and Feeds,211.1,Index 1982=100,M,FRED
2019-12-01,US,us_soybean,Global Price of Soybeans (사료비),334.94944525,USD/metric ton,M,FRED
2019-12-01,US,us_soybean_meal,"Global Price of Soybean Meal (대두박, 사료 직접 투입재)",327.9953548412381,USD/metric ton,M,FRED
2019-12-02,US,us_wti,"WTI Crude Oil (Cushing, OK)",55.97,USD/barrel,D,FRED
2019-12-03,US,us_wti,"WTI Crude Oil (Cushing, OK)",56.15,USD/barrel,D,FRED
2019-12-04,US,us_wti,"WTI Crude Oil (Cushing, OK)",58.46,USD/barrel,D,FRED
2019-12-05,US,us_wti,"WTI Crude Oil (Cushing, OK)",58.42,USD/barrel,D,FRED
2019-12-06,US,us_wti,"WTI Crude Oil (Cushing, OK)",59.2,USD/barrel,D,FRED
2019-12-09,US,us_wti,"WTI Crude Oil (Cushing, OK)",58.99,USD/barrel,D,FRED
2019-12-10,US,us_wti,"WTI Crude Oil (Cushing, OK)",59.22,USD/barrel,D,FRED
2019-12-11,US,us_wti,"WTI Crude Oil (Cushing, OK)",58.74,USD/barrel,D,FRED
2019-12-12,US,us_wti,"WTI Crude Oil (Cushing, OK)",59.18,USD/barrel,D,FRED
2019-12-13,US,us_wti,"WTI Crude Oil (Cushing, OK)",60.11,USD/barrel,D,FRED
2019-12-16,US,us_wti,"WTI Crude Oil (Cushing, OK)",60.21,USD/barrel,D,FRED
2019-12-17,US,us_wti,"WTI Crude Oil (Cushing, OK)",60.88,USD/barrel,D,FRED
2019-12-18,US,us_wti,"WTI Crude Oil (Cushing, OK)",60.93,USD/barrel,D,FRED
2019-12-19,US,us_wti,"WTI Crude Oil (Cushing, OK)",61.3,USD/barrel,D,FRED
2019-12-20,US,us_wti,"WTI Crude Oil (Cushing, OK)",60.43,USD/barrel,D,FRED
2019-12-23,US,us_wti,"WTI Crude Oil (Cushing, OK)",60.51,USD/barrel,D,FRED
2019-12-24,US,us_wti,"WTI Crude Oil (Cushing, OK)",61.17,USD/barrel,D,FRED
2019-12-26,US,us_wti,"WTI Crude Oil (Cushing, OK)",61.72,USD/barrel,D,FRED
2019-12-27,US,us_wti,"WTI Crude Oil (Cushing, OK)",61.76,USD/barrel,D,FRED
2019-12-30,US,us_wti,"WTI Crude Oil (Cushing, OK)",61.66,USD/barrel,D,FRED
2019-12-31,US,us_wti,"WTI Crude Oil (Cushing, OK)",61.14,USD/barrel,D,FRED
2020-01-01,KR,kr_base_rate,한국은행 기준금리,1.25,연%,M,ECOS
2020-01-01,KR,kr_ccsi,소비자심리지수(CCSI),105.2,p (장기평균=100),M,ECOS
2020-01-01,KR,kr_cpi_food,소비자물가지수 — 식료품 및 비주류음료,97.16,2020=100,M,ECOS
2020-01-01,KR,kr_cpi_total,소비자물가지수 — 총지수,100.09,2020=100,M,ECOS
2020-01-01,KR,kr_esi,"경제심리지수(ESI, 원계열)",98.4,p,M,ECOS
2020-01-01,KR,kr_ppi_food,생산자물가지수 — 음식료품,99.48,2020=100,M,ECOS
2020-01-01,US,us_corn,Global Price of Corn (사료비 proxy),171.8141352040817,USD/metric ton,M,FRED
2020-01-01,US,us_food_ppi,PPI: Processed Foods and Feeds,210.7,Index 1982=100,M,FRED
2020-01-01,US,us_soybean,Global Price of Soybeans (사료비),337.079705,USD/metric ton,M,FRED
2020-01-01,US,us_soybean_meal,"Global Price of Soybean Meal (대두박, 사료 직접 투입재)",327.9796075368095,USD/metric ton,M,FRED
2020-01-02,US,us_wti,"WTI Crude Oil (Cushing, OK)",61.17,USD/barrel,D,FRED
2020-01-03,US,us_wti,"WTI Crude Oil (Cushing, OK)",63.0,USD/barrel,D,FRED
2020-01-06,US,us_wti,"WTI Crude Oil (Cushing, OK)",63.27,USD/barrel,D,FRED
2020-01-07,US,us_wti,"WTI Crude Oil (Cushing, OK)",62.7,USD/barrel,D,FRED
2020-01-08,US,us_wti,"WTI Crude Oil (Cushing, OK)",59.65,USD/barrel,D,FRED
2020-01-09,US,us_wti,"WTI Crude Oil (Cushing, OK)",59.56,USD/barrel,D,FRED
2020-01-10,US,us_wti,"WTI Crude Oil (Cushing, OK)",59.02,USD/barrel,D,FRED
2020-01-13,US,us_wti,"WTI Crude Oil (Cushing, OK)",58.17,USD/barrel,D,FRED
2020-01-14,US,us_wti,"WTI Crude Oil (Cushing, OK)",58.34,USD/barrel,D,FRED
2020-01-15,US,us_wti,"WTI Crude Oil (Cushing, OK)",57.86,USD/barrel,D,FRED
2020-01-16,US,us_wti,"WTI Crude Oil (Cushing, OK)",58.52,USD/barrel,D,FRED
2020-01-17,US,us_wti,"WTI Crude Oil (Cushing, OK)",58.55,USD/barrel,D,FRED
2020-01-21,US,us_wti,"WTI Crude Oil (Cushing, OK)",58.25,USD/barrel,D,FRED
2020-01-22,US,us_wti,"WTI Crude Oil (Cushing, OK)",56.76,USD/barrel,D,FRED
2020-01-23,US,us_wti,"WTI Crude Oil (Cushing, OK)",55.51,USD/barrel,D,FRED
2020-01-24,US,us_wti,"WTI Crude Oil (Cushing, OK)",54.09,USD/barrel,D,FRED
2020-01-27,US,us_wti,"WTI Crude Oil (Cushing, OK)",53.09,USD/barrel,D,FRED
2020-01-28,US,us_wti,"WTI Crude Oil (Cushing, OK)",53.33,USD/barrel,D,FRED
2020-01-29,US,us_wti,"WTI Crude Oil (Cushing, OK)",53.29,USD/barrel,D,FRED
2020-01-30,US,us_wti,"WTI Crude Oil (Cushing, OK)",52.19,USD/barrel,D,FRED
2020-01-31,US,us_wti,"WTI Crude Oil (Cushing, OK)",51.58,USD/barrel,D,FRED
2020-02-01,KR,kr_base_rate,한국은행 기준금리,1.25,연%,M,ECOS
2020-02-01,KR,kr_ccsi,소비자심리지수(CCSI),97.7,p (장기평균=100),M,ECOS
2020-02-01,KR,kr_cpi_food,소비자물가지수 — 식료품 및 비주류음료,96.66,2020=100,M,ECOS
2020-02-01,KR,kr_cpi_total,소비자물가지수 — 총지수,100.16,2020=100,M,ECOS
2020-02-01,KR,kr_esi,"경제심리지수(ESI, 원계열)",90.3,p,M,ECOS
2020-02-01,KR,kr_ppi_food,생산자물가지수 — 음식료품,99.26,2020=100,M,ECOS
2020-02-01,US,us_corn,Global Price of Corn (사료비 proxy),168.7445984962405,USD/metric ton,M,FRED
2020-02-01,US,us_food_ppi,PPI: Processed Foods and Feeds,209.4,Index 1982=100,M,FRED
2020-02-01,US,us_soybean,Global Price of Soybeans (사료비),325.4283145657895,USD/metric ton,M,FRED
2020-02-01,US,us_soybean_meal,"Global Price of Soybean Meal (대두박, 사료 직접 투입재)",320.6449551635789,USD/metric ton,M,FRED
2020-02-03,US,us_wti,"WTI Crude Oil (Cushing, OK)",50.06,USD/barrel,D,FRED
2020-02-04,US,us_wti,"WTI Crude Oil (Cushing, OK)",49.59,USD/barrel,D,FRED
2020-02-05,US,us_wti,"WTI Crude Oil (Cushing, OK)",50.87,USD/barrel,D,FRED
2020-02-06,US,us_wti,"WTI Crude Oil (Cushing, OK)",50.94,USD/barrel,D,FRED
2020-02-07,US,us_wti,"WTI Crude Oil (Cushing, OK)",50.34,USD/barrel,D,FRED
2020-02-10,US,us_wti,"WTI Crude Oil (Cushing, OK)",49.59,USD/barrel,D,FRED
2020-02-11,US,us_wti,"WTI Crude Oil (Cushing, OK)",50.0,USD/barrel,D,FRED
2020-02-12,US,us_wti,"WTI Crude Oil (Cushing, OK)",51.13,USD/barrel,D,FRED
2020-02-13,US,us_wti,"WTI Crude Oil (Cushing, OK)",51.41,USD/barrel,D,FRED
2020-02-14,US,us_wti,"WTI Crude Oil (Cushing, OK)",52.03,USD/barrel,D,FRED
2020-02-18,US,us_wti,"WTI Crude Oil (Cushing, OK)",52.1,USD/barrel,D,FRED
2020-02-19,US,us_wti,"WTI Crude Oil (Cushing, OK)",53.31,USD/barrel,D,FRED
2020-02-20,US,us_wti,"WTI Crude Oil (Cushing, OK)",53.77,USD/barrel,D,FRED
2020-02-21,US,us_wti,"WTI Crude Oil (Cushing, OK)",53.36,USD/barrel,D,FRED
2020-02-24,US,us_wti,"WTI Crude Oil (Cushing, OK)",51.36,USD/barrel,D,FRED
2020-02-25,US,us_wti,"WTI Crude Oil (Cushing, OK)",49.78,USD/barrel,D,FRED
2020-02-26,US,us_wti,"WTI Crude Oil (Cushing, OK)",48.67,USD/barrel,D,FRED
2020-02-27,US,us_wti,"WTI Crude Oil (Cushing, OK)",47.17,USD/barrel,D,FRED
2020-02-28,US,us_wti,"WTI Crude Oil (Cushing, OK)",44.83,USD/barrel,D,FRED
2020-03-01,KR,kr_base_rate,한국은행 기준금리,0.75,연%,M,ECOS
2020-03-01,KR,kr_ccsi,소비자심리지수(CCSI),79.0,p (장기평균=100),M,ECOS
2020-03-01,KR,kr_cpi_food,소비자물가지수 — 식료품 및 비주류음료,98.06,2020=100,M,ECOS
2020-03-01,KR,kr_cpi_total,소비자물가지수 — 총지수,99.94,2020=100,M,ECOS
2020-03-01,KR,kr_esi,"경제심리지수(ESI, 원계열)",68.8,p,M,ECOS
2020-03-01,KR,kr_ppi_food,생산자물가지수 — 음식료품,99.3,2020=100,M,ECOS
2020-03-01,US,us_corn,Global Price of Corn (사료비 proxy),162.1791482142857,USD/metric ton,M,FRED
2020-03-01,US,us_food_ppi,PPI: Processed Foods and Feeds,209.3,Index 1982=100,M,FRED
2020-03-01,US,us_soybean,Global Price of Soybeans (사료비),319.3361563636364,USD/metric ton,M,FRED
2020-03-01,US,us_soybean_meal,"Global Price of Soybean Meal (대두박, 사료 직접 투입재)",341.4559597903636,USD/metric ton,M,FRED
2020-03-02,US,us_wti,"WTI Crude Oil (Cushing, OK)",46.78,USD/barrel,D,FRED
2020-03-03,US,us_wti,"WTI Crude Oil (Cushing, OK)",47.27,USD/barrel,D,FRED
2020-03-04,US,us_wti,"WTI Crude Oil (Cushing, OK)",46.78,USD/barrel,D,FRED
2020-03-05,US,us_wti,"WTI Crude Oil (Cushing, OK)",45.9,USD/barrel,D,FRED
2020-03-06,US,us_wti,"WTI Crude Oil (Cushing, OK)",41.14,USD/barrel,D,FRED
2020-03-09,US,us_wti,"WTI Crude Oil (Cushing, OK)",31.05,USD/barrel,D,FRED
2020-03-10,US,us_wti,"WTI Crude Oil (Cushing, OK)",34.47,USD/barrel,D,FRED
2020-03-11,US,us_wti,"WTI Crude Oil (Cushing, OK)",33.13,USD/barrel,D,FRED
2020-03-12,US,us_wti,"WTI Crude Oil (Cushing, OK)",31.56,USD/barrel,D,FRED
2020-03-13,US,us_wti,"WTI Crude Oil (Cushing, OK)",31.72,USD/barrel,D,FRED
2020-03-16,US,us_wti,"WTI Crude Oil (Cushing, OK)",28.96,USD/barrel,D,FRED
2020-03-17,US,us_wti,"WTI Crude Oil (Cushing, OK)",26.96,USD/barrel,D,FRED
2020-03-18,US,us_wti,"WTI Crude Oil (Cushing, OK)",20.48,USD/barrel,D,FRED
2020-03-19,US,us_wti,"WTI Crude Oil (Cushing, OK)",25.09,USD/barrel,D,FRED
2020-03-20,US,us_wti,"WTI Crude Oil (Cushing, OK)",19.48,USD/barrel,D,FRED
2020-03-23,US,us_wti,"WTI Crude Oil (Cushing, OK)",23.33,USD/barrel,D,FRED
2020-03-24,US,us_wti,"WTI Crude Oil (Cushing, OK)",21.03,USD/barrel,D,FRED
2020-03-25,US,us_wti,"WTI Crude Oil (Cushing, OK)",20.75,USD/barrel,D,FRED
2020-03-26,US,us_wti,"WTI Crude Oil (Cushing, OK)",16.6,USD/barrel,D,FRED
2020-03-27,US,us_wti,"WTI Crude Oil (Cushing, OK)",15.48,USD/barrel,D,FRED
2020-03-30,US,us_wti,"WTI Crude Oil (Cushing, OK)",14.1,USD/barrel,D,FRED
2020-03-31,US,us_wti,"WTI Crude Oil (Cushing, OK)",20.51,USD/barrel,D,FRED
2020-04-01,KR,kr_base_rate,한국은행 기준금리,0.75,연%,M,ECOS
2020-04-01,KR,kr_ccsi,소비자심리지수(CCSI),71.2,p (장기평균=100),M,ECOS
2020-04-01,KR,kr_cpi_food,소비자물가지수 — 식료품 및 비주류음료,97.65,2020=100,M,ECOS
2020-04-01,KR,kr_cpi_total,소비자물가지수 — 총지수,99.5,2020=100,M,ECOS
2020-04-01,KR,kr_esi,"경제심리지수(ESI, 원계열)",61.5,p,M,ECOS
2020-04-01,KR,kr_ppi_food,생산자물가지수 — 음식료품,99.6,2020=100,M,ECOS
2020-04-01,US,us_corn,Global Price of Corn (사료비 proxy),147.0121602040815,USD/metric ton,M,FRED
2020-04-01,US,us_food_ppi,PPI: Processed Foods and Feeds,210.0,Index 1982=100,M,FRED
2020-04-01,US,us_soybean,Global Price of Soybeans (사료비),309.994349,USD/metric ton,M,FRED
2020-04-01,US,us_soybean_meal,"Global Price of Soybean Meal (대두박, 사료 직접 투입재)",321.8171624037619,USD/metric ton,M,FRED
2020-04-01,US,us_wti,"WTI Crude Oil (Cushing, OK)",20.28,USD/barrel,D,FRED
2020-04-02,US,us_wti,"WTI Crude Oil (Cushing, OK)",25.18,USD/barrel,D,FRED
2020-04-03,US,us_wti,"WTI Crude Oil (Cushing, OK)",28.36,USD/barrel,D,FRED
2020-04-06,US,us_wti,"WTI Crude Oil (Cushing, OK)",26.21,USD/barrel,D,FRED
2020-04-07,US,us_wti,"WTI Crude Oil (Cushing, OK)",23.54,USD/barrel,D,FRED
2020-04-08,US,us_wti,"WTI Crude Oil (Cushing, OK)",24.97,USD/barrel,D,FRED
2020-04-09,US,us_wti,"WTI Crude Oil (Cushing, OK)",22.9,USD/barrel,D,FRED
2020-04-13,US,us_wti,"WTI Crude Oil (Cushing, OK)",22.36,USD/barrel,D,FRED
2020-04-14,US,us_wti,"WTI Crude Oil (Cushing, OK)",20.15,USD/barrel,D,FRED
2020-04-15,US,us_wti,"WTI Crude Oil (Cushing, OK)",19.96,USD/barrel,D,FRED
2020-04-16,US,us_wti,"WTI Crude Oil (Cushing, OK)",19.82,USD/barrel,D,FRED
2020-04-17,US,us_wti,"WTI Crude Oil (Cushing, OK)",18.31,USD/barrel,D,FRED
2020-04-20,US,us_wti,"WTI Crude Oil (Cushing, OK)",-36.98,USD/barrel,D,FRED
2020-04-21,US,us_wti,"WTI Crude Oil (Cushing, OK)",8.91,USD/barrel,D,FRED
2020-04-22,US,us_wti,"WTI Crude Oil (Cushing, OK)",13.64,USD/barrel,D,FRED
2020-04-23,US,us_wti,"WTI Crude Oil (Cushing, OK)",15.06,USD/barrel,D,FRED
2020-04-24,US,us_wti,"WTI Crude Oil (Cushing, OK)",15.99,USD/barrel,D,FRED
2020-04-27,US,us_wti,"WTI Crude Oil (Cushing, OK)",12.17,USD/barrel,D,FRED
2020-04-28,US,us_wti,"WTI Crude Oil (Cushing, OK)",12.4,USD/barrel,D,FRED
2020-04-29,US,us_wti,"WTI Crude Oil (Cushing, OK)",15.04,USD/barrel,D,FRED
2020-04-30,US,us_wti,"WTI Crude Oil (Cushing, OK)",19.23,USD/barrel,D,FRED
2020-05-01,KR,kr_base_rate,한국은행 기준금리,0.5,연%,M,ECOS
2020-05-01,KR,kr_ccsi,소비자심리지수(CCSI),78.1,p (장기평균=100),M,ECOS
2020-05-01,KR,kr_cpi_food,소비자물가지수 — 식료품 및 비주류음료,98.45,2020=100,M,ECOS
2020-05-01,KR,kr_cpi_total,소비자물가지수 — 총지수,99.44,2020=100,M,ECOS
2020-05-01,KR,kr_esi,"경제심리지수(ESI, 원계열)",63.7,p,M,ECOS
2020-05-01,KR,kr_ppi_food,생산자물가지수 — 음식료품,99.93,2020=100,M,ECOS
2020-05-01,US,us_corn,Global Price of Corn (사료비 proxy),143.9892437500002,USD/metric ton,M,FRED
2020-05-01,US,us_food_ppi,PPI: Processed Foods and Feeds,224.1,Index 1982=100,M,FRED
2020-05-01,US,us_soybean,Global Price of Soybeans (사료비),309.3314314125,USD/metric ton,M,FRED
2020-05-01,US,us_soybean_meal,"Global Price of Soybean Meal (대두박, 사료 직접 투입재)",313.98786509695,USD/metric ton,M,FRED
2020-05-01,US,us_wti,"WTI Crude Oil (Cushing, OK)",19.72,USD/barrel,D,FRED
2020-05-04,US,us_wti,"WTI Crude Oil (Cushing, OK)",20.47,USD/barrel,D,FRED
2020-05-05,US,us_wti,"WTI Crude Oil (Cushing, OK)",24.56,USD/barrel,D,FRED
2020-05-06,US,us_wti,"WTI Crude Oil (Cushing, OK)",23.88,USD/barrel,D,FRED
2020-05-07,US,us_wti,"WTI Crude Oil (Cushing, OK)",23.68,USD/barrel,D,FRED
2020-05-08,US,us_wti,"WTI Crude Oil (Cushing, OK)",24.73,USD/barrel,D,FRED
2020-05-11,US,us_wti,"WTI Crude Oil (Cushing, OK)",24.02,USD/barrel,D,FRED
2020-05-12,US,us_wti,"WTI Crude Oil (Cushing, OK)",25.76,USD/barrel,D,FRED
2020-05-13,US,us_wti,"WTI Crude Oil (Cushing, OK)",25.37,USD/barrel,D,FRED
2020-05-14,US,us_wti,"WTI Crude Oil (Cushing, OK)",27.4,USD/barrel,D,FRED
2020-05-15,US,us_wti,"WTI Crude Oil (Cushing, OK)",29.44,USD/barrel,D,FRED
2020-05-18,US,us_wti,"WTI Crude Oil (Cushing, OK)",31.83,USD/barrel,D,FRED
2020-05-19,US,us_wti,"WTI Crude Oil (Cushing, OK)",32.3,USD/barrel,D,FRED
2020-05-20,US,us_wti,"WTI Crude Oil (Cushing, OK)",33.56,USD/barrel,D,FRED
2020-05-21,US,us_wti,"WTI Crude Oil (Cushing, OK)",34.3,USD/barrel,D,FRED
2020-05-22,US,us_wti,"WTI Crude Oil (Cushing, OK)",33.49,USD/barrel,D,FRED
2020-05-26,US,us_wti,"WTI Crude Oil (Cushing, OK)",34.7,USD/barrel,D,FRED
2020-05-27,US,us_wti,"WTI Crude Oil (Cushing, OK)",32.8,USD/barrel,D,FRED
2020-05-28,US,us_wti,"WTI Crude Oil (Cushing, OK)",33.67,USD/barrel,D,FRED
2020-05-29,US,us_wti,"WTI Crude Oil (Cushing, OK)",35.57,USD/barrel,D,FRED
2020-06-01,KR,kr_base_rate,한국은행 기준금리,0.5,연%,M,ECOS
2020-06-01,KR,kr_ccsi,소비자심리지수(CCSI),82.4,p (장기평균=100),M,ECOS
2020-06-01,KR,kr_cpi_food,소비자물가지수 — 식료품 및 비주류음료,98.68,2020=100,M,ECOS
2020-06-01,KR,kr_cpi_total,소비자물가지수 — 총지수,99.71,2020=100,M,ECOS
2020-06-01,KR,kr_esi,"경제심리지수(ESI, 원계열)",68.4,p,M,ECOS
2020-06-01,KR,kr_ppi_food,생산자물가지수 — 음식료품,99.89,2020=100,M,ECOS
2020-06-01,US,us_corn,Global Price of Corn (사료비 proxy),148.0423803571428,USD/metric ton,M,FRED
2020-06-01,US,us_food_ppi,PPI: Processed Foods and Feeds,212.7,Index 1982=100,M,FRED
2020-06-01,US,us_soybean,Global Price of Soybeans (사료비),318.6430365681818,USD/metric ton,M,FRED
2020-06-01,US,us_soybean_meal,"Global Price of Soybean Meal (대두박, 사료 직접 투입재)",316.1027996603636,USD/metric ton,M,FRED
2020-06-01,US,us_wti,"WTI Crude Oil (Cushing, OK)",35.49,USD/barrel,D,FRED
2020-06-02,US,us_wti,"WTI Crude Oil (Cushing, OK)",36.88,USD/barrel,D,FRED
2020-06-03,US,us_wti,"WTI Crude Oil (Cushing, OK)",37.33,USD/barrel,D,FRED
2020-06-04,US,us_wti,"WTI Crude Oil (Cushing, OK)",37.42,USD/barrel,D,FRED
2020-06-05,US,us_wti,"WTI Crude Oil (Cushing, OK)",39.49,USD/barrel,D,FRED
2020-06-08,US,us_wti,"WTI Crude Oil (Cushing, OK)",38.17,USD/barrel,D,FRED
2020-06-09,US,us_wti,"WTI Crude Oil (Cushing, OK)",38.98,USD/barrel,D,FRED
2020-06-10,US,us_wti,"WTI Crude Oil (Cushing, OK)",39.54,USD/barrel,D,FRED
2020-06-11,US,us_wti,"WTI Crude Oil (Cushing, OK)",36.43,USD/barrel,D,FRED
2020-06-12,US,us_wti,"WTI Crude Oil (Cushing, OK)",36.24,USD/barrel,D,FRED
2020-06-15,US,us_wti,"WTI Crude Oil (Cushing, OK)",37.07,USD/barrel,D,FRED
2020-06-16,US,us_wti,"WTI Crude Oil (Cushing, OK)",38.26,USD/barrel,D,FRED
2020-06-17,US,us_wti,"WTI Crude Oil (Cushing, OK)",37.91,USD/barrel,D,FRED
2020-06-18,US,us_wti,"WTI Crude Oil (Cushing, OK)",38.79,USD/barrel,D,FRED
2020-06-19,US,us_wti,"WTI Crude Oil (Cushing, OK)",39.72,USD/barrel,D,FRED
2020-06-22,US,us_wti,"WTI Crude Oil (Cushing, OK)",40.6,USD/barrel,D,FRED
2020-06-23,US,us_wti,"WTI Crude Oil (Cushing, OK)",40.4,USD/barrel,D,FRED
2020-06-24,US,us_wti,"WTI Crude Oil (Cushing, OK)",37.91,USD/barrel,D,FRED
2020-06-25,US,us_wti,"WTI Crude Oil (Cushing, OK)",38.66,USD/barrel,D,FRED
2020-06-26,US,us_wti,"WTI Crude Oil (Cushing, OK)",38.53,USD/barrel,D,FRED
2020-06-29,US,us_wti,"WTI Crude Oil (Cushing, OK)",39.67,USD/barrel,D,FRED
2020-06-30,US,us_wti,"WTI Crude Oil (Cushing, OK)",39.27,USD/barrel,D,FRED
2020-07-01,KR,kr_base_rate,한국은행 기준금리,0.5,연%,M,ECOS
2020-07-01,KR,kr_ccsi,소비자심리지수(CCSI),84.8,p (장기평균=100),M,ECOS
2020-07-01,KR,kr_cpi_food,소비자물가지수 — 식료품 및 비주류음료,99.15,2020=100,M,ECOS
2020-07-01,KR,kr_cpi_total,소비자물가지수 — 총지수,99.63,2020=100,M,ECOS
2020-07-01,KR,kr_esi,"경제심리지수(ESI, 원계열)",77.0,p,M,ECOS
2020-07-01,KR,kr_ppi_food,생산자물가지수 — 음식료품,99.89,2020=100,M,ECOS
2020-07-01,US,us_corn,Global Price of Corn (사료비 proxy),152.5876196428571,USD/metric ton,M,FRED
2020-07-01,US,us_food_ppi,PPI: Processed Foods and Feeds,210.2,Index 1982=100,M,FRED
2020-07-01,US,us_soybean,Global Price of Soybeans (사료비),328.9354479886364,USD/metric ton,M,FRED
2020-07-01,US,us_soybean_meal,"Global Price of Soybean Meal (대두박, 사료 직접 투입재)",319.0640086795,USD/metric ton,M,FRED
2020-07-01,US,us_wti,"WTI Crude Oil (Cushing, OK)",39.88,USD/barrel,D,FRED
2020-07-02,US,us_wti,"WTI Crude Oil (Cushing, OK)",40.57,USD/barrel,D,FRED
2020-07-06,US,us_wti,"WTI Crude Oil (Cushing, OK)",40.51,USD/barrel,D,FRED
2020-07-07,US,us_wti,"WTI Crude Oil (Cushing, OK)",40.59,USD/barrel,D,FRED
2020-07-08,US,us_wti,"WTI Crude Oil (Cushing, OK)",40.91,USD/barrel,D,FRED
2020-07-09,US,us_wti,"WTI Crude Oil (Cushing, OK)",39.64,USD/barrel,D,FRED
2020-07-10,US,us_wti,"WTI Crude Oil (Cushing, OK)",40.56,USD/barrel,D,FRED
2020-07-13,US,us_wti,"WTI Crude Oil (Cushing, OK)",40.06,USD/barrel,D,FRED
2020-07-14,US,us_wti,"WTI Crude Oil (Cushing, OK)",40.3,USD/barrel,D,FRED
2020-07-15,US,us_wti,"WTI Crude Oil (Cushing, OK)",41.2,USD/barrel,D,FRED
2020-07-16,US,us_wti,"WTI Crude Oil (Cushing, OK)",40.74,USD/barrel,D,FRED
2020-07-17,US,us_wti,"WTI Crude Oil (Cushing, OK)",40.55,USD/barrel,D,FRED
2020-07-20,US,us_wti,"WTI Crude Oil (Cushing, OK)",40.83,USD/barrel,D,FRED
2020-07-21,US,us_wti,"WTI Crude Oil (Cushing, OK)",41.76,USD/barrel,D,FRED
2020-07-22,US,us_wti,"WTI Crude Oil (Cushing, OK)",41.88,USD/barrel,D,FRED
2020-07-23,US,us_wti,"WTI Crude Oil (Cushing, OK)",40.99,USD/barrel,D,FRED
2020-07-24,US,us_wti,"WTI Crude Oil (Cushing, OK)",41.23,USD/barrel,D,FRED
2020-07-27,US,us_wti,"WTI Crude Oil (Cushing, OK)",41.46,USD/barrel,D,FRED
2020-07-28,US,us_wti,"WTI Crude Oil (Cushing, OK)",40.89,USD/barrel,D,FRED
2020-07-29,US,us_wti,"WTI Crude Oil (Cushing, OK)",41.13,USD/barrel,D,FRED
2020-07-30,US,us_wti,"WTI Crude Oil (Cushing, OK)",39.85,USD/barrel,D,FRED
2020-07-31,US,us_wti,"WTI Crude Oil (Cushing, OK)",40.1,USD/barrel,D,FRED
2020-08-01,KR,kr_base_rate,한국은행 기준금리,0.5,연%,M,ECOS
2020-08-01,KR,kr_ccsi,소비자심리지수(CCSI),88.8,p (장기평균=100),M,ECOS
2020-08-01,KR,kr_cpi_food,소비자물가지수 — 식료품 및 비주류음료,101.8,2020=100,M,ECOS
2020-08-01,KR,kr_cpi_total,소비자물가지수 — 총지수,100.19,2020=100,M,ECOS
2020-08-01,KR,kr_esi,"경제심리지수(ESI, 원계열)",83.3,p,M,ECOS
2020-08-01,KR,kr_ppi_food,생산자물가지수 — 음식료품,99.98,2020=100,M,ECOS
2020-08-01,US,us_corn,Global Price of Corn (사료비 proxy),149.3929998299319,USD/metric ton,M,FRED
2020-08-01,US,us_food_ppi,PPI: Processed Foods and Feeds,209.6,Index 1982=100,M,FRED
2020-08-01,US,us_soybean,Global Price of Soybeans (사료비),332.14117675,USD/metric ton,M,FRED
2020-08-01,US,us_soybean_meal,"Global Price of Soybean Meal (대두박, 사료 직접 투입재)",319.5390523630952,USD/metric ton,M,FRED
2020-08-03,US,us_wti,"WTI Crude Oil (Cushing, OK)",40.83,USD/barrel,D,FRED
2020-08-04,US,us_wti,"WTI Crude Oil (Cushing, OK)",41.67,USD/barrel,D,FRED
2020-08-05,US,us_wti,"WTI Crude Oil (Cushing, OK)",42.25,USD/barrel,D,FRED
2020-08-06,US,us_wti,"WTI Crude Oil (Cushing, OK)",41.93,USD/barrel,D,FRED
2020-08-07,US,us_wti,"WTI Crude Oil (Cushing, OK)",41.16,USD/barrel,D,FRED
2020-08-10,US,us_wti,"WTI Crude Oil (Cushing, OK)",41.94,USD/barrel,D,FRED
2020-08-11,US,us_wti,"WTI Crude Oil (Cushing, OK)",41.53,USD/barrel,D,FRED
2020-08-12,US,us_wti,"WTI Crude Oil (Cushing, OK)",42.6,USD/barrel,D,FRED
2020-08-13,US,us_wti,"WTI Crude Oil (Cushing, OK)",42.26,USD/barrel,D,FRED
2020-08-14,US,us_wti,"WTI Crude Oil (Cushing, OK)",42.05,USD/barrel,D,FRED
2020-08-17,US,us_wti,"WTI Crude Oil (Cushing, OK)",42.89,USD/barrel,D,FRED
2020-08-18,US,us_wti,"WTI Crude Oil (Cushing, OK)",42.89,USD/barrel,D,FRED
2020-08-19,US,us_wti,"WTI Crude Oil (Cushing, OK)",42.91,USD/barrel,D,FRED
2020-08-20,US,us_wti,"WTI Crude Oil (Cushing, OK)",42.62,USD/barrel,D,FRED
2020-08-21,US,us_wti,"WTI Crude Oil (Cushing, OK)",42.32,USD/barrel,D,FRED
2020-08-24,US,us_wti,"WTI Crude Oil (Cushing, OK)",42.44,USD/barrel,D,FRED
2020-08-25,US,us_wti,"WTI Crude Oil (Cushing, OK)",43.17,USD/barrel,D,FRED
2020-08-26,US,us_wti,"WTI Crude Oil (Cushing, OK)",43.21,USD/barrel,D,FRED
2020-08-27,US,us_wti,"WTI Crude Oil (Cushing, OK)",42.88,USD/barrel,D,FRED
2020-08-28,US,us_wti,"WTI Crude Oil (Cushing, OK)",42.96,USD/barrel,D,FRED
2020-08-31,US,us_wti,"WTI Crude Oil (Cushing, OK)",42.61,USD/barrel,D,FRED
2020-09-01,KR,kr_base_rate,한국은행 기준금리,0.5,연%,M,ECOS
2020-09-01,KR,kr_ccsi,소비자심리지수(CCSI),80.0,p (장기평균=100),M,ECOS
2020-09-01,KR,kr_cpi_food,소비자물가지수 — 식료품 및 비주류음료,104.79,2020=100,M,ECOS
2020-09-01,KR,kr_cpi_total,소비자물가지수 — 총지수,100.74,2020=100,M,ECOS
2020-09-01,KR,kr_esi,"경제심리지수(ESI, 원계열)",77.6,p,M,ECOS
2020-09-01,KR,kr_ppi_food,생산자물가지수 — 음식료품,100.03,2020=100,M,ECOS
2020-09-01,US,us_corn,Global Price of Corn (사료비 proxy),166.6025335034014,USD/metric ton,M,FRED
2020-09-01,US,us_food_ppi,PPI: Processed Foods and Feeds,210.0,Index 1982=100,M,FRED
2020-09-01,US,us_soybean,Global Price of Soybeans (사료비),366.824605,USD/metric ton,M,FRED
2020-09-01,US,us_soybean_meal,"Global Price of Soybean Meal (대두박, 사료 직접 투입재)",355.358920836619,USD/metric ton,M,FRED
2020-09-01,US,us_wti,"WTI Crude Oil (Cushing, OK)",42.76,USD/barrel,D,FRED
2020-09-02,US,us_wti,"WTI Crude Oil (Cushing, OK)",42.76,USD/barrel,D,FRED
2020-09-03,US,us_wti,"WTI Crude Oil (Cushing, OK)",41.39,USD/barrel,D,FRED
2020-09-04,US,us_wti,"WTI Crude Oil (Cushing, OK)",39.69,USD/barrel,D,FRED
2020-09-08,US,us_wti,"WTI Crude Oil (Cushing, OK)",36.87,USD/barrel,D,FRED
2020-09-09,US,us_wti,"WTI Crude Oil (Cushing, OK)",38.05,USD/barrel,D,FRED
2020-09-10,US,us_wti,"WTI Crude Oil (Cushing, OK)",37.25,USD/barrel,D,FRED
2020-09-11,US,us_wti,"WTI Crude Oil (Cushing, OK)",37.33,USD/barrel,D,FRED
2020-09-14,US,us_wti,"WTI Crude Oil (Cushing, OK)",37.23,USD/barrel,D,FRED
2020-09-15,US,us_wti,"WTI Crude Oil (Cushing, OK)",38.29,USD/barrel,D,FRED
2020-09-16,US,us_wti,"WTI Crude Oil (Cushing, OK)",40.17,USD/barrel,D,FRED
2020-09-17,US,us_wti,"WTI Crude Oil (Cushing, OK)",40.99,USD/barrel,D,FRED
2020-09-18,US,us_wti,"WTI Crude Oil (Cushing, OK)",41.09,USD/barrel,D,FRED
2020-09-21,US,us_wti,"WTI Crude Oil (Cushing, OK)",39.26,USD/barrel,D,FRED
2020-09-22,US,us_wti,"WTI Crude Oil (Cushing, OK)",39.55,USD/barrel,D,FRED
2020-09-23,US,us_wti,"WTI Crude Oil (Cushing, OK)",39.92,USD/barrel,D,FRED
2020-09-24,US,us_wti,"WTI Crude Oil (Cushing, OK)",40.11,USD/barrel,D,FRED
2020-09-25,US,us_wti,"WTI Crude Oil (Cushing, OK)",40.06,USD/barrel,D,FRED
2020-09-28,US,us_wti,"WTI Crude Oil (Cushing, OK)",40.47,USD/barrel,D,FRED
2020-09-29,US,us_wti,"WTI Crude Oil (Cushing, OK)",39.03,USD/barrel,D,FRED
2020-09-30,US,us_wti,"WTI Crude Oil (Cushing, OK)",40.05,USD/barrel,D,FRED
2020-10-01,KR,kr_base_rate,한국은행 기준금리,0.5,연%,M,ECOS
2020-10-01,KR,kr_ccsi,소비자심리지수(CCSI),92.3,p (장기평균=100),M,ECOS
2020-10-01,KR,kr_cpi_food,소비자물가지수 — 식료품 및 비주류음료,104.85,2020=100,M,ECOS
2020-10-01,KR,kr_cpi_total,소비자물가지수 — 총지수,100.18,2020=100,M,ECOS
2020-10-01,KR,kr_esi,"경제심리지수(ESI, 원계열)",89.1,p,M,ECOS
2020-10-01,KR,kr_ppi_food,생산자물가지수 — 음식료품,100.8,2020=100,M,ECOS
2020-10-01,US,us_corn,Global Price of Corn (사료비 proxy),186.7663875,USD/metric ton,M,FRED
2020-10-01,US,us_food_ppi,PPI: Processed Foods and Feeds,211.8,Index 1982=100,M,FRED
2020-10-01,US,us_soybean,Global Price of Soybeans (사료비),387.5750528522727,USD/metric ton,M,FRED
2020-10-01,US,us_soybean_meal,"Global Price of Soybean Meal (대두박, 사료 직접 투입재)",405.2146480619545,USD/metric ton,M,FRED
2020-10-01,US,us_wti,"WTI Crude Oil (Cushing, OK)",38.51,USD/barrel,D,FRED
2020-10-02,US,us_wti,"WTI Crude Oil (Cushing, OK)",36.9,USD/barrel,D,FRED
2020-10-05,US,us_wti,"WTI Crude Oil (Cushing, OK)",39.12,USD/barrel,D,FRED
2020-10-06,US,us_wti,"WTI Crude Oil (Cushing, OK)",40.52,USD/barrel,D,FRED
2020-10-07,US,us_wti,"WTI Crude Oil (Cushing, OK)",39.82,USD/barrel,D,FRED
2020-10-08,US,us_wti,"WTI Crude Oil (Cushing, OK)",41.04,USD/barrel,D,FRED
2020-10-09,US,us_wti,"WTI Crude Oil (Cushing, OK)",40.44,USD/barrel,D,FRED
2020-10-12,US,us_wti,"WTI Crude Oil (Cushing, OK)",39.22,USD/barrel,D,FRED
2020-10-13,US,us_wti,"WTI Crude Oil (Cushing, OK)",40.03,USD/barrel,D,FRED
2020-10-14,US,us_wti,"WTI Crude Oil (Cushing, OK)",40.86,USD/barrel,D,FRED
2020-10-15,US,us_wti,"WTI Crude Oil (Cushing, OK)",40.84,USD/barrel,D,FRED
2020-10-16,US,us_wti,"WTI Crude Oil (Cushing, OK)",40.7,USD/barrel,D,FRED
2020-10-19,US,us_wti,"WTI Crude Oil (Cushing, OK)",40.69,USD/barrel,D,FRED
2020-10-20,US,us_wti,"WTI Crude Oil (Cushing, OK)",41.37,USD/barrel,D,FRED
2020-10-21,US,us_wti,"WTI Crude Oil (Cushing, OK)",39.88,USD/barrel,D,FRED
2020-10-22,US,us_wti,"WTI Crude Oil (Cushing, OK)",40.46,USD/barrel,D,FRED
2020-10-23,US,us_wti,"WTI Crude Oil (Cushing, OK)",39.73,USD/barrel,D,FRED
2020-10-26,US,us_wti,"WTI Crude Oil (Cushing, OK)",38.39,USD/barrel,D,FRED
2020-10-27,US,us_wti,"WTI Crude Oil (Cushing, OK)",39.34,USD/barrel,D,FRED
2020-10-28,US,us_wti,"WTI Crude Oil (Cushing, OK)",37.27,USD/barrel,D,FRED
2020-10-29,US,us_wti,"WTI Crude Oil (Cushing, OK)",35.94,USD/barrel,D,FRED
2020-10-30,US,us_wti,"WTI Crude Oil (Cushing, OK)",35.64,USD/barrel,D,FRED
2020-11-01,KR,kr_base_rate,한국은행 기준금리,0.5,연%,M,ECOS
2020-11-01,KR,kr_ccsi,소비자심리지수(CCSI),98.8,p (장기평균=100),M,ECOS
2020-11-01,KR,kr_cpi_food,소비자물가지수 — 식료품 및 비주류음료,101.24,2020=100,M,ECOS
2020-11-01,KR,kr_cpi_total,소비자물가지수 — 총지수,100.09,2020=100,M,ECOS
2020-11-01,KR,kr_esi,"경제심리지수(ESI, 원계열)",92.2,p,M,ECOS
2020-11-01,KR,kr_ppi_food,생산자물가지수 — 음식료품,100.84,2020=100,M,ECOS
2020-11-01,US,us_corn,Global Price of Corn (사료비 proxy),190.6250375939849,USD/metric ton,M,FRED
2020-11-01,US,us_food_ppi,PPI: Processed Foods and Feeds,213.8,Index 1982=100,M,FRED
2020-11-01,US,us_soybean,Global Price of Soybeans (사료비),419.585496225,USD/metric ton,M,FRED
2020-11-01,US,us_soybean_meal,"Global Price of Soybean Meal (대두박, 사료 직접 투입재)",430.23761584955,USD/metric ton,M,FRED
2020-11-02,US,us_wti,"WTI Crude Oil (Cushing, OK)",36.6,USD/barrel,D,FRED
2020-11-03,US,us_wti,"WTI Crude Oil (Cushing, OK)",37.44,USD/barrel,D,FRED
2020-11-04,US,us_wti,"WTI Crude Oil (Cushing, OK)",38.97,USD/barrel,D,FRED
2020-11-05,US,us_wti,"WTI Crude Oil (Cushing, OK)",38.56,USD/barrel,D,FRED
2020-11-06,US,us_wti,"WTI Crude Oil (Cushing, OK)",36.97,USD/barrel,D,FRED
2020-11-09,US,us_wti,"WTI Crude Oil (Cushing, OK)",40.05,USD/barrel,D,FRED
2020-11-10,US,us_wti,"WTI Crude Oil (Cushing, OK)",41.18,USD/barrel,D,FRED
2020-11-11,US,us_wti,"WTI Crude Oil (Cushing, OK)",41.23,USD/barrel,D,FRED
2020-11-12,US,us_wti,"WTI Crude Oil (Cushing, OK)",40.9,USD/barrel,D,FRED
2020-11-13,US,us_wti,"WTI Crude Oil (Cushing, OK)",39.93,USD/barrel,D,FRED
2020-11-16,US,us_wti,"WTI Crude Oil (Cushing, OK)",41.14,USD/barrel,D,FRED
2020-11-17,US,us_wti,"WTI Crude Oil (Cushing, OK)",41.24,USD/barrel,D,FRED
2020-11-18,US,us_wti,"WTI Crude Oil (Cushing, OK)",41.64,USD/barrel,D,FRED
2020-11-19,US,us_wti,"WTI Crude Oil (Cushing, OK)",41.57,USD/barrel,D,FRED
2020-11-20,US,us_wti,"WTI Crude Oil (Cushing, OK)",41.99,USD/barrel,D,FRED
2020-11-23,US,us_wti,"WTI Crude Oil (Cushing, OK)",42.91,USD/barrel,D,FRED
2020-11-24,US,us_wti,"WTI Crude Oil (Cushing, OK)",44.71,USD/barrel,D,FRED
2020-11-25,US,us_wti,"WTI Crude Oil (Cushing, OK)",45.58,USD/barrel,D,FRED
2020-11-30,US,us_wti,"WTI Crude Oil (Cushing, OK)",45.2,USD/barrel,D,FRED
2020-12-01,KR,kr_base_rate,한국은행 기준금리,0.5,연%,M,ECOS
2020-12-01,KR,kr_ccsi,소비자심리지수(CCSI),90.5,p (장기평균=100),M,ECOS
2020-12-01,KR,kr_cpi_food,소비자물가지수 — 식료품 및 비주류음료,101.51,2020=100,M,ECOS
2020-12-01,KR,kr_cpi_total,소비자물가지수 — 총지수,100.33,2020=100,M,ECOS
2020-12-01,KR,kr_esi,"경제심리지수(ESI, 원계열)",86.0,p,M,ECOS
2020-12-01,KR,kr_ppi_food,생산자물가지수 — 음식료품,101.01,2020=100,M,ECOS
2020-12-01,US,us_corn,Global Price of Corn (사료비 proxy),199.1844175170068,USD/metric ton,M,FRED
2020-12-01,US,us_food_ppi,PPI: Processed Foods and Feeds,212.8,Index 1982=100,M,FRED
2020-12-01,US,us_soybean,Global Price of Soybeans (사료비),443.6551249772727,USD/metric ton,M,FRED
2020-12-01,US,us_soybean_meal,"Global Price of Soybean Meal (대두박, 사료 직접 투입재)",442.1070034052727,USD/metric ton,M,FRED
2020-12-01,US,us_wti,"WTI Crude Oil (Cushing, OK)",44.54,USD/barrel,D,FRED
2020-12-02,US,us_wti,"WTI Crude Oil (Cushing, OK)",45.23,USD/barrel,D,FRED
2020-12-03,US,us_wti,"WTI Crude Oil (Cushing, OK)",45.65,USD/barrel,D,FRED
2020-12-04,US,us_wti,"WTI Crude Oil (Cushing, OK)",46.23,USD/barrel,D,FRED
2020-12-07,US,us_wti,"WTI Crude Oil (Cushing, OK)",45.72,USD/barrel,D,FRED
2020-12-08,US,us_wti,"WTI Crude Oil (Cushing, OK)",45.64,USD/barrel,D,FRED
2020-12-09,US,us_wti,"WTI Crude Oil (Cushing, OK)",45.48,USD/barrel,D,FRED
2020-12-10,US,us_wti,"WTI Crude Oil (Cushing, OK)",46.76,USD/barrel,D,FRED
2020-12-11,US,us_wti,"WTI Crude Oil (Cushing, OK)",46.59,USD/barrel,D,FRED
2020-12-14,US,us_wti,"WTI Crude Oil (Cushing, OK)",47.02,USD/barrel,D,FRED
2020-12-15,US,us_wti,"WTI Crude Oil (Cushing, OK)",47.58,USD/barrel,D,FRED
2020-12-16,US,us_wti,"WTI Crude Oil (Cushing, OK)",47.86,USD/barrel,D,FRED
2020-12-17,US,us_wti,"WTI Crude Oil (Cushing, OK)",48.34,USD/barrel,D,FRED
2020-12-18,US,us_wti,"WTI Crude Oil (Cushing, OK)",49.04,USD/barrel,D,FRED
2020-12-21,US,us_wti,"WTI Crude Oil (Cushing, OK)",47.79,USD/barrel,D,FRED
2020-12-22,US,us_wti,"WTI Crude Oil (Cushing, OK)",47.02,USD/barrel,D,FRED
2020-12-23,US,us_wti,"WTI Crude Oil (Cushing, OK)",47.94,USD/barrel,D,FRED
2020-12-24,US,us_wti,"WTI Crude Oil (Cushing, OK)",48.18,USD/barrel,D,FRED
2020-12-28,US,us_wti,"WTI Crude Oil (Cushing, OK)",47.5,USD/barrel,D,FRED
2020-12-29,US,us_wti,"WTI Crude Oil (Cushing, OK)",47.85,USD/barrel,D,FRED
2020-12-30,US,us_wti,"WTI Crude Oil (Cushing, OK)",48.24,USD/barrel,D,FRED
2020-12-31,US,us_wti,"WTI Crude Oil (Cushing, OK)",48.35,USD/barrel,D,FRED
2021-01-01,KR,kr_base_rate,한국은행 기준금리,0.5,연%,M,ECOS
2021-01-01,KR,kr_ccsi,소비자심리지수(CCSI),95.0,p (장기평균=100),M,ECOS
2021-01-01,KR,kr_cpi_food,소비자물가지수 — 식료품 및 비주류음료,103.39,2020=100,M,ECOS
2021-01-01,KR,kr_cpi_total,소비자물가지수 — 총지수,101.04,2020=100,M,ECOS
2021-01-01,KR,kr_esi,"경제심리지수(ESI, 원계열)",93.2,p,M,ECOS
2021-01-01,KR,kr_ppi_food,생산자물가지수 — 음식료품,101.93,2020=100,M,ECOS
2021-01-01,US,us_corn,Global Price of Corn (사료비 proxy),231.7544614661655,USD/metric ton,M,FRED
2021-01-01,US,us_food_ppi,PPI: Processed Foods and Feeds,213.4,Index 1982=100,M,FRED
2021-01-01,US,us_soybean,Global Price of Soybeans (사료비),504.3121171973684,USD/metric ton,M,FRED
2021-01-01,US,us_soybean_meal,"Global Price of Soybean Meal (대두박, 사료 직접 투입재)",488.2484890298421,USD/metric ton,M,FRED
2021-01-04,US,us_wti,"WTI Crude Oil (Cushing, OK)",47.47,USD/barrel,D,FRED
2021-01-05,US,us_wti,"WTI Crude Oil (Cushing, OK)",49.78,USD/barrel,D,FRED
2021-01-06,US,us_wti,"WTI Crude Oil (Cushing, OK)",50.45,USD/barrel,D,FRED
2021-01-07,US,us_wti,"WTI Crude Oil (Cushing, OK)",50.63,USD/barrel,D,FRED
2021-01-08,US,us_wti,"WTI Crude Oil (Cushing, OK)",52.14,USD/barrel,D,FRED
2021-01-11,US,us_wti,"WTI Crude Oil (Cushing, OK)",52.15,USD/barrel,D,FRED
2021-01-12,US,us_wti,"WTI Crude Oil (Cushing, OK)",53.08,USD/barrel,D,FRED
2021-01-13,US,us_wti,"WTI Crude Oil (Cushing, OK)",52.81,USD/barrel,D,FRED
2021-01-14,US,us_wti,"WTI Crude Oil (Cushing, OK)",53.47,USD/barrel,D,FRED
2021-01-15,US,us_wti,"WTI Crude Oil (Cushing, OK)",52.25,USD/barrel,D,FRED
2021-01-19,US,us_wti,"WTI Crude Oil (Cushing, OK)",52.87,USD/barrel,D,FRED
2021-01-20,US,us_wti,"WTI Crude Oil (Cushing, OK)",53.16,USD/barrel,D,FRED
2021-01-21,US,us_wti,"WTI Crude Oil (Cushing, OK)",53.0,USD/barrel,D,FRED
2021-01-22,US,us_wti,"WTI Crude Oil (Cushing, OK)",52.28,USD/barrel,D,FRED
2021-01-25,US,us_wti,"WTI Crude Oil (Cushing, OK)",52.78,USD/barrel,D,FRED
2021-01-26,US,us_wti,"WTI Crude Oil (Cushing, OK)",52.61,USD/barrel,D,FRED
2021-01-27,US,us_wti,"WTI Crude Oil (Cushing, OK)",52.81,USD/barrel,D,FRED
2021-01-28,US,us_wti,"WTI Crude Oil (Cushing, OK)",52.26,USD/barrel,D,FRED
2021-01-29,US,us_wti,"WTI Crude Oil (Cushing, OK)",52.16,USD/barrel,D,FRED
2021-02-01,KR,kr_base_rate,한국은행 기준금리,0.5,연%,M,ECOS
2021-02-01,KR,kr_ccsi,소비자심리지수(CCSI),97.2,p (장기평균=100),M,ECOS
2021-02-01,KR,kr_cpi_food,소비자물가지수 — 식료품 및 비주류음료,105.69,2020=100,M,ECOS
2021-02-01,KR,kr_cpi_total,소비자물가지수 — 총지수,101.58,2020=100,M,ECOS
2021-02-01,KR,kr_esi,"경제심리지수(ESI, 원계열)",97.2,p,M,ECOS
2021-02-01,KR,kr_ppi_food,생산자물가지수 — 음식료품,102.71,2020=100,M,ECOS
2021-02-01,US,us_corn,Global Price of Corn (사료비 proxy),245.5540565789474,USD/metric ton,M,FRED
2021-02-01,US,us_food_ppi,PPI: Processed Foods and Feeds,217.1,Index 1982=100,M,FRED
2021-02-01,US,us_soybean,Global Price of Soybeans (사료비),507.8172727894737,USD/metric ton,M,FRED
2021-02-01,US,us_soybean_meal,"Global Price of Soybean Meal (대두박, 사료 직접 투입재)",472.6478831741053,USD/metric ton,M,FRED
2021-02-01,US,us_wti,"WTI Crude Oil (Cushing, OK)",53.55,USD/barrel,D,FRED
2021-02-02,US,us_wti,"WTI Crude Oil (Cushing, OK)",54.77,USD/barrel,D,FRED
2021-02-03,US,us_wti,"WTI Crude Oil (Cushing, OK)",55.67,USD/barrel,D,FRED
2021-02-04,US,us_wti,"WTI Crude Oil (Cushing, OK)",56.19,USD/barrel,D,FRED
2021-02-05,US,us_wti,"WTI Crude Oil (Cushing, OK)",56.8,USD/barrel,D,FRED
2021-02-08,US,us_wti,"WTI Crude Oil (Cushing, OK)",57.95,USD/barrel,D,FRED
2021-02-09,US,us_wti,"WTI Crude Oil (Cushing, OK)",58.34,USD/barrel,D,FRED
2021-02-10,US,us_wti,"WTI Crude Oil (Cushing, OK)",58.69,USD/barrel,D,FRED
2021-02-11,US,us_wti,"WTI Crude Oil (Cushing, OK)",58.22,USD/barrel,D,FRED
2021-02-12,US,us_wti,"WTI Crude Oil (Cushing, OK)",59.5,USD/barrel,D,FRED
2021-02-16,US,us_wti,"WTI Crude Oil (Cushing, OK)",60.07,USD/barrel,D,FRED
2021-02-17,US,us_wti,"WTI Crude Oil (Cushing, OK)",61.09,USD/barrel,D,FRED
2021-02-18,US,us_wti,"WTI Crude Oil (Cushing, OK)",60.4,USD/barrel,D,FRED
2021-02-19,US,us_wti,"WTI Crude Oil (Cushing, OK)",59.12,USD/barrel,D,FRED
2021-02-22,US,us_wti,"WTI Crude Oil (Cushing, OK)",61.67,USD/barrel,D,FRED
2021-02-23,US,us_wti,"WTI Crude Oil (Cushing, OK)",61.66,USD/barrel,D,FRED
2021-02-24,US,us_wti,"WTI Crude Oil (Cushing, OK)",63.21,USD/barrel,D,FRED
2021-02-25,US,us_wti,"WTI Crude Oil (Cushing, OK)",63.43,USD/barrel,D,FRED
2021-02-26,US,us_wti,"WTI Crude Oil (Cushing, OK)",61.55,USD/barrel,D,FRED
2021-03-01,KR,kr_base_rate,한국은행 기준금리,0.5,연%,M,ECOS
2021-03-01,KR,kr_ccsi,소비자심리지수(CCSI),100.4,p (장기평균=100),M,ECOS
2021-03-01,KR,kr_cpi_food,소비자물가지수 — 식료품 및 비주류음료,105.84,2020=100,M,ECOS
2021-03-01,KR,kr_cpi_total,소비자물가지수 — 총지수,101.84,2020=100,M,ECOS
2021-03-01,KR,kr_esi,"경제심리지수(ESI, 원계열)",102.1,p,M,ECOS
2021-03-01,KR,kr_ppi_food,생산자물가지수 — 음식료품,103.26,2020=100,M,ECOS
2021-03-01,US,us_corn,Global Price of Corn (사료비 proxy),245.7603568322983,USD/metric ton,M,FRED
2021-03-01,US,us_food_ppi,PPI: Processed Foods and Feeds,219.8,Index 1982=100,M,FRED
2021-03-01,US,us_soybean,Global Price of Soybeans (사료비),519.8794223152174,USD/metric ton,M,FRED
2021-03-01,US,us_soybean_meal,"Global Price of Soybean Meal (대두박, 사료 직접 투입재)",450.3516820294348,USD/metric ton,M,FRED
2021-03-01,US,us_wti,"WTI Crude Oil (Cushing, OK)",60.54,USD/barrel,D,FRED
2021-03-02,US,us_wti,"WTI Crude Oil (Cushing, OK)",59.7,USD/barrel,D,FRED
2021-03-03,US,us_wti,"WTI Crude Oil (Cushing, OK)",61.33,USD/barrel,D,FRED
2021-03-04,US,us_wti,"WTI Crude Oil (Cushing, OK)",63.81,USD/barrel,D,FRED
2021-03-05,US,us_wti,"WTI Crude Oil (Cushing, OK)",66.08,USD/barrel,D,FRED
2021-03-08,US,us_wti,"WTI Crude Oil (Cushing, OK)",65.03,USD/barrel,D,FRED
2021-03-09,US,us_wti,"WTI Crude Oil (Cushing, OK)",64.02,USD/barrel,D,FRED
2021-03-10,US,us_wti,"WTI Crude Oil (Cushing, OK)",64.45,USD/barrel,D,FRED
2021-03-11,US,us_wti,"WTI Crude Oil (Cushing, OK)",66.02,USD/barrel,D,FRED
2021-03-12,US,us_wti,"WTI Crude Oil (Cushing, OK)",65.59,USD/barrel,D,FRED
2021-03-15,US,us_wti,"WTI Crude Oil (Cushing, OK)",65.36,USD/barrel,D,FRED
2021-03-16,US,us_wti,"WTI Crude Oil (Cushing, OK)",64.82,USD/barrel,D,FRED
2021-03-17,US,us_wti,"WTI Crude Oil (Cushing, OK)",64.55,USD/barrel,D,FRED
2021-03-18,US,us_wti,"WTI Crude Oil (Cushing, OK)",59.95,USD/barrel,D,FRED
2021-03-19,US,us_wti,"WTI Crude Oil (Cushing, OK)",61.43,USD/barrel,D,FRED
2021-03-22,US,us_wti,"WTI Crude Oil (Cushing, OK)",61.48,USD/barrel,D,FRED
2021-03-23,US,us_wti,"WTI Crude Oil (Cushing, OK)",57.75,USD/barrel,D,FRED
2021-03-24,US,us_wti,"WTI Crude Oil (Cushing, OK)",61.12,USD/barrel,D,FRED
2021-03-25,US,us_wti,"WTI Crude Oil (Cushing, OK)",58.47,USD/barrel,D,FRED
2021-03-26,US,us_wti,"WTI Crude Oil (Cushing, OK)",60.93,USD/barrel,D,FRED
2021-03-29,US,us_wti,"WTI Crude Oil (Cushing, OK)",61.49,USD/barrel,D,FRED
2021-03-30,US,us_wti,"WTI Crude Oil (Cushing, OK)",60.55,USD/barrel,D,FRED
2021-03-31,US,us_wti,"WTI Crude Oil (Cushing, OK)",59.19,USD/barrel,D,FRED
2021-04-01,KR,kr_base_rate,한국은행 기준금리,0.5,연%,M,ECOS
2021-04-01,KR,kr_ccsi,소비자심리지수(CCSI),102.3,p (장기평균=100),M,ECOS
2021-04-01,KR,kr_cpi_food,소비자물가지수 — 식료품 및 비주류음료,105.35,2020=100,M,ECOS
2021-04-01,KR,kr_cpi_total,소비자물가지수 — 총지수,101.98,2020=100,M,ECOS
2021-04-01,KR,kr_esi,"경제심리지수(ESI, 원계열)",106.3,p,M,ECOS
2021-04-01,KR,kr_ppi_food,생산자물가지수 — 음식료품,103.53,2020=100,M,ECOS
2021-04-01,US,us_corn,Global Price of Corn (사료비 proxy),268.6224488095237,USD/metric ton,M,FRED
2021-04-01,US,us_food_ppi,PPI: Processed Foods and Feeds,225.2,Index 1982=100,M,FRED
2021-04-01,US,us_soybean,Global Price of Soybeans (사료비),537.4183667045455,USD/metric ton,M,FRED
2021-04-01,US,us_soybean_meal,"Global Price of Soybean Meal (대두박, 사료 직접 투입재)",453.3605997791818,USD/metric ton,M,FRED
2021-04-01,US,us_wti,"WTI Crude Oil (Cushing, OK)",61.41,USD/barrel,D,FRED
2021-04-05,US,us_wti,"WTI Crude Oil (Cushing, OK)",58.73,USD/barrel,D,FRED
2021-04-06,US,us_wti,"WTI Crude Oil (Cushing, OK)",59.34,USD/barrel,D,FRED
2021-04-07,US,us_wti,"WTI Crude Oil (Cushing, OK)",59.77,USD/barrel,D,FRED
2021-04-08,US,us_wti,"WTI Crude Oil (Cushing, OK)",59.61,USD/barrel,D,FRED
2021-04-09,US,us_wti,"WTI Crude Oil (Cushing, OK)",59.29,USD/barrel,D,FRED
2021-04-12,US,us_wti,"WTI Crude Oil (Cushing, OK)",59.7,USD/barrel,D,FRED
2021-04-13,US,us_wti,"WTI Crude Oil (Cushing, OK)",60.2,USD/barrel,D,FRED
2021-04-14,US,us_wti,"WTI Crude Oil (Cushing, OK)",63.15,USD/barrel,D,FRED
2021-04-15,US,us_wti,"WTI Crude Oil (Cushing, OK)",63.42,USD/barrel,D,FRED
2021-04-16,US,us_wti,"WTI Crude Oil (Cushing, OK)",63.16,USD/barrel,D,FRED
2021-04-19,US,us_wti,"WTI Crude Oil (Cushing, OK)",63.33,USD/barrel,D,FRED
2021-04-20,US,us_wti,"WTI Crude Oil (Cushing, OK)",62.61,USD/barrel,D,FRED
2021-04-21,US,us_wti,"WTI Crude Oil (Cushing, OK)",61.34,USD/barrel,D,FRED
2021-04-22,US,us_wti,"WTI Crude Oil (Cushing, OK)",61.45,USD/barrel,D,FRED
2021-04-23,US,us_wti,"WTI Crude Oil (Cushing, OK)",62.18,USD/barrel,D,FRED
2021-04-26,US,us_wti,"WTI Crude Oil (Cushing, OK)",62.02,USD/barrel,D,FRED
2021-04-27,US,us_wti,"WTI Crude Oil (Cushing, OK)",63.03,USD/barrel,D,FRED
2021-04-28,US,us_wti,"WTI Crude Oil (Cushing, OK)",63.81,USD/barrel,D,FRED
2021-04-29,US,us_wti,"WTI Crude Oil (Cushing, OK)",65.0,USD/barrel,D,FRED
2021-04-30,US,us_wti,"WTI Crude Oil (Cushing, OK)",63.5,USD/barrel,D,FRED
2021-05-01,KR,kr_base_rate,한국은행 기준금리,0.5,연%,M,ECOS
2021-05-01,KR,kr_ccsi,소비자심리지수(CCSI),105.5,p (장기평균=100),M,ECOS
2021-05-01,KR,kr_cpi_food,소비자물가지수 — 식료품 및 비주류음료,105.16,2020=100,M,ECOS
2021-05-01,KR,kr_cpi_total,소비자물가지수 — 총지수,102.05,2020=100,M,ECOS
2021-05-01,KR,kr_esi,"경제심리지수(ESI, 원계열)",106.3,p,M,ECOS
2021-05-01,KR,kr_ppi_food,생산자물가지수 — 음식료품,103.74,2020=100,M,ECOS
2021-05-01,US,us_corn,Global Price of Corn (사료비 proxy),304.297549659864,USD/metric ton,M,FRED
2021-05-01,US,us_food_ppi,PPI: Processed Foods and Feeds,231.1,Index 1982=100,M,FRED
2021-05-01,US,us_soybean,Global Price of Soybeans (사료비),576.96794925,USD/metric ton,M,FRED
2021-05-01,US,us_soybean_meal,"Global Price of Soybean Meal (대두박, 사료 직접 투입재)",457.0130200245238,USD/metric ton,M,FRED
2021-05-03,US,us_wti,"WTI Crude Oil (Cushing, OK)",64.46,USD/barrel,D,FRED
2021-05-04,US,us_wti,"WTI Crude Oil (Cushing, OK)",65.72,USD/barrel,D,FRED
2021-05-05,US,us_wti,"WTI Crude Oil (Cushing, OK)",65.63,USD/barrel,D,FRED
2021-05-06,US,us_wti,"WTI Crude Oil (Cushing, OK)",64.73,USD/barrel,D,FRED
2021-05-07,US,us_wti,"WTI Crude Oil (Cushing, OK)",64.96,USD/barrel,D,FRED
2021-05-10,US,us_wti,"WTI Crude Oil (Cushing, OK)",64.92,USD/barrel,D,FRED
2021-05-11,US,us_wti,"WTI Crude Oil (Cushing, OK)",65.31,USD/barrel,D,FRED
2021-05-12,US,us_wti,"WTI Crude Oil (Cushing, OK)",65.96,USD/barrel,D,FRED
2021-05-13,US,us_wti,"WTI Crude Oil (Cushing, OK)",63.82,USD/barrel,D,FRED
2021-05-14,US,us_wti,"WTI Crude Oil (Cushing, OK)",65.32,USD/barrel,D,FRED
2021-05-17,US,us_wti,"WTI Crude Oil (Cushing, OK)",66.24,USD/barrel,D,FRED
2021-05-18,US,us_wti,"WTI Crude Oil (Cushing, OK)",65.49,USD/barrel,D,FRED
2021-05-19,US,us_wti,"WTI Crude Oil (Cushing, OK)",63.28,USD/barrel,D,FRED
2021-05-20,US,us_wti,"WTI Crude Oil (Cushing, OK)",61.95,USD/barrel,D,FRED
2021-05-21,US,us_wti,"WTI Crude Oil (Cushing, OK)",63.61,USD/barrel,D,FRED
2021-05-24,US,us_wti,"WTI Crude Oil (Cushing, OK)",66.13,USD/barrel,D,FRED
2021-05-25,US,us_wti,"WTI Crude Oil (Cushing, OK)",66.27,USD/barrel,D,FRED
2021-05-26,US,us_wti,"WTI Crude Oil (Cushing, OK)",66.41,USD/barrel,D,FRED
2021-05-27,US,us_wti,"WTI Crude Oil (Cushing, OK)",66.87,USD/barrel,D,FRED
2021-05-28,US,us_wti,"WTI Crude Oil (Cushing, OK)",66.31,USD/barrel,D,FRED
2021-06-01,KR,kr_base_rate,한국은행 기준금리,0.5,연%,M,ECOS
2021-06-01,KR,kr_ccsi,소비자심리지수(CCSI),110.9,p (장기평균=100),M,ECOS
2021-06-01,KR,kr_cpi_food,소비자물가지수 — 식료품 및 비주류음료,104.56,2020=100,M,ECOS
2021-06-01,KR,kr_cpi_total,소비자물가지수 — 총지수,102.05,2020=100,M,ECOS
2021-06-01,KR,kr_esi,"경제심리지수(ESI, 원계열)",110.5,p,M,ECOS
2021-06-01,KR,kr_ppi_food,생산자물가지수 — 음식료품,103.86,2020=100,M,ECOS
2021-06-01,US,us_corn,Global Price of Corn (사료비 proxy),292.5237267857143,USD/metric ton,M,FRED
2021-06-01,US,us_food_ppi,PPI: Processed Foods and Feeds,235.6,Index 1982=100,M,FRED
2021-06-01,US,us_soybean,Global Price of Soybeans (사료비),537.3557353977272,USD/metric ton,M,FRED
2021-06-01,US,us_soybean_meal,"Global Price of Soybean Meal (대두박, 사료 직접 투입재)",412.26442994,USD/metric ton,M,FRED
2021-06-01,US,us_wti,"WTI Crude Oil (Cushing, OK)",67.8,USD/barrel,D,FRED
2021-06-02,US,us_wti,"WTI Crude Oil (Cushing, OK)",68.79,USD/barrel,D,FRED
2021-06-03,US,us_wti,"WTI Crude Oil (Cushing, OK)",68.81,USD/barrel,D,FRED
2021-06-04,US,us_wti,"WTI Crude Oil (Cushing, OK)",69.57,USD/barrel,D,FRED
2021-06-07,US,us_wti,"WTI Crude Oil (Cushing, OK)",69.21,USD/barrel,D,FRED
2021-06-08,US,us_wti,"WTI Crude Oil (Cushing, OK)",70.11,USD/barrel,D,FRED
2021-06-09,US,us_wti,"WTI Crude Oil (Cushing, OK)",69.9,USD/barrel,D,FRED
2021-06-10,US,us_wti,"WTI Crude Oil (Cushing, OK)",70.34,USD/barrel,D,FRED
2021-06-11,US,us_wti,"WTI Crude Oil (Cushing, OK)",71.0,USD/barrel,D,FRED
2021-06-14,US,us_wti,"WTI Crude Oil (Cushing, OK)",70.94,USD/barrel,D,FRED
2021-06-15,US,us_wti,"WTI Crude Oil (Cushing, OK)",72.06,USD/barrel,D,FRED
2021-06-16,US,us_wti,"WTI Crude Oil (Cushing, OK)",72.03,USD/barrel,D,FRED
2021-06-17,US,us_wti,"WTI Crude Oil (Cushing, OK)",71.06,USD/barrel,D,FRED
2021-06-18,US,us_wti,"WTI Crude Oil (Cushing, OK)",71.64,USD/barrel,D,FRED
2021-06-21,US,us_wti,"WTI Crude Oil (Cushing, OK)",73.64,USD/barrel,D,FRED
2021-06-22,US,us_wti,"WTI Crude Oil (Cushing, OK)",73.15,USD/barrel,D,FRED
2021-06-23,US,us_wti,"WTI Crude Oil (Cushing, OK)",73.11,USD/barrel,D,FRED
2021-06-24,US,us_wti,"WTI Crude Oil (Cushing, OK)",73.31,USD/barrel,D,FRED
2021-06-25,US,us_wti,"WTI Crude Oil (Cushing, OK)",74.21,USD/barrel,D,FRED
2021-06-28,US,us_wti,"WTI Crude Oil (Cushing, OK)",72.98,USD/barrel,D,FRED
2021-06-29,US,us_wti,"WTI Crude Oil (Cushing, OK)",73.14,USD/barrel,D,FRED
2021-06-30,US,us_wti,"WTI Crude Oil (Cushing, OK)",73.52,USD/barrel,D,FRED
2021-07-01,KR,kr_base_rate,한국은행 기준금리,0.5,연%,M,ECOS
2021-07-01,KR,kr_ccsi,소비자심리지수(CCSI),103.4,p (장기평균=100),M,ECOS
2021-07-01,KR,kr_cpi_food,소비자물가지수 — 식료품 및 비주류음료,104.75,2020=100,M,ECOS
2021-07-01,KR,kr_cpi_total,소비자물가지수 — 총지수,102.26,2020=100,M,ECOS
2021-07-01,KR,kr_esi,"경제심리지수(ESI, 원계열)",105.0,p,M,ECOS
2021-07-01,KR,kr_ppi_food,생산자물가지수 — 음식료품,104.9,2020=100,M,ECOS
2021-07-01,US,us_corn,Global Price of Corn (사료비 proxy),278.445755612245,USD/metric ton,M,FRED
2021-07-01,US,us_food_ppi,PPI: Processed Foods and Feeds,232.37,Index 1982=100,M,FRED
2021-07-01,US,us_soybean,Global Price of Soybeans (사료비),523.5714795,USD/metric ton,M,FRED
2021-07-01,US,us_soybean_meal,"Global Price of Soybean Meal (대두박, 사료 직접 투입재)",397.5511985022381,USD/metric ton,M,FRED
2021-07-01,US,us_wti,"WTI Crude Oil (Cushing, OK)",75.33,USD/barrel,D,FRED
2021-07-02,US,us_wti,"WTI Crude Oil (Cushing, OK)",75.37,USD/barrel,D,FRED
2021-07-06,US,us_wti,"WTI Crude Oil (Cushing, OK)",73.62,USD/barrel,D,FRED
2021-07-07,US,us_wti,"WTI Crude Oil (Cushing, OK)",72.22,USD/barrel,D,FRED
2021-07-08,US,us_wti,"WTI Crude Oil (Cushing, OK)",72.98,USD/barrel,D,FRED
2021-07-09,US,us_wti,"WTI Crude Oil (Cushing, OK)",74.56,USD/barrel,D,FRED
2021-07-12,US,us_wti,"WTI Crude Oil (Cushing, OK)",74.21,USD/barrel,D,FRED
2021-07-13,US,us_wti,"WTI Crude Oil (Cushing, OK)",75.24,USD/barrel,D,FRED
2021-07-14,US,us_wti,"WTI Crude Oil (Cushing, OK)",73.06,USD/barrel,D,FRED
2021-07-15,US,us_wti,"WTI Crude Oil (Cushing, OK)",71.67,USD/barrel,D,FRED
2021-07-16,US,us_wti,"WTI Crude Oil (Cushing, OK)",71.76,USD/barrel,D,FRED
2021-07-19,US,us_wti,"WTI Crude Oil (Cushing, OK)",66.45,USD/barrel,D,FRED
2021-07-20,US,us_wti,"WTI Crude Oil (Cushing, OK)",67.32,USD/barrel,D,FRED
2021-07-21,US,us_wti,"WTI Crude Oil (Cushing, OK)",70.26,USD/barrel,D,FRED
2021-07-22,US,us_wti,"WTI Crude Oil (Cushing, OK)",72.15,USD/barrel,D,FRED
2021-07-23,US,us_wti,"WTI Crude Oil (Cushing, OK)",72.24,USD/barrel,D,FRED
2021-07-26,US,us_wti,"WTI Crude Oil (Cushing, OK)",72.15,USD/barrel,D,FRED
2021-07-27,US,us_wti,"WTI Crude Oil (Cushing, OK)",71.68,USD/barrel,D,FRED
2021-07-28,US,us_wti,"WTI Crude Oil (Cushing, OK)",72.37,USD/barrel,D,FRED
2021-07-29,US,us_wti,"WTI Crude Oil (Cushing, OK)",73.62,USD/barrel,D,FRED
2021-07-30,US,us_wti,"WTI Crude Oil (Cushing, OK)",73.93,USD/barrel,D,FRED
2021-08-01,KR,kr_base_rate,한국은행 기준금리,0.75,연%,M,ECOS
2021-08-01,KR,kr_ccsi,소비자심리지수(CCSI),102.7,p (장기평균=100),M,ECOS
2021-08-01,KR,kr_cpi_food,소비자물가지수 — 식료품 및 비주류음료,106.2,2020=100,M,ECOS
2021-08-01,KR,kr_cpi_total,소비자물가지수 — 총지수,102.75,2020=100,M,ECOS
2021-08-01,KR,kr_esi,"경제심리지수(ESI, 원계열)",106.2,p,M,ECOS
2021-08-01,KR,kr_ppi_food,생산자물가지수 — 음식료품,105.48,2020=100,M,ECOS
2021-08-01,US,us_corn,Global Price of Corn (사료비 proxy),257.020755357143,USD/metric ton,M,FRED
2021-08-01,US,us_food_ppi,PPI: Processed Foods and Feeds,236.411,Index 1982=100,M,FRED
2021-08-01,US,us_soybean,Global Price of Soybeans (사료비),504.0400555909091,USD/metric ton,M,FRED
2021-08-01,US,us_soybean_meal,"Global Price of Soybean Meal (대두박, 사료 직접 투입재)",390.9697796331818,USD/metric ton,M,FRED
2021-08-02,US,us_wti,"WTI Crude Oil (Cushing, OK)",71.31,USD/barrel,D,FRED
2021-08-03,US,us_wti,"WTI Crude Oil (Cushing, OK)",70.64,USD/barrel,D,FRED
2021-08-04,US,us_wti,"WTI Crude Oil (Cushing, OK)",68.19,USD/barrel,D,FRED
2021-08-05,US,us_wti,"WTI Crude Oil (Cushing, OK)",69.1,USD/barrel,D,FRED
2021-08-06,US,us_wti,"WTI Crude Oil (Cushing, OK)",68.26,USD/barrel,D,FRED
2021-08-09,US,us_wti,"WTI Crude Oil (Cushing, OK)",66.56,USD/barrel,D,FRED
2021-08-10,US,us_wti,"WTI Crude Oil (Cushing, OK)",68.33,USD/barrel,D,FRED
2021-08-11,US,us_wti,"WTI Crude Oil (Cushing, OK)",69.3,USD/barrel,D,FRED
2021-08-12,US,us_wti,"WTI Crude Oil (Cushing, OK)",69.12,USD/barrel,D,FRED
2021-08-13,US,us_wti,"WTI Crude Oil (Cushing, OK)",68.36,USD/barrel,D,FRED
2021-08-16,US,us_wti,"WTI Crude Oil (Cushing, OK)",67.44,USD/barrel,D,FRED
2021-08-17,US,us_wti,"WTI Crude Oil (Cushing, OK)",66.5,USD/barrel,D,FRED
2021-08-18,US,us_wti,"WTI Crude Oil (Cushing, OK)",65.36,USD/barrel,D,FRED
2021-08-19,US,us_wti,"WTI Crude Oil (Cushing, OK)",63.69,USD/barrel,D,FRED
2021-08-20,US,us_wti,"WTI Crude Oil (Cushing, OK)",62.25,USD/barrel,D,FRED
2021-08-23,US,us_wti,"WTI Crude Oil (Cushing, OK)",65.65,USD/barrel,D,FRED
2021-08-24,US,us_wti,"WTI Crude Oil (Cushing, OK)",67.5,USD/barrel,D,FRED
2021-08-25,US,us_wti,"WTI Crude Oil (Cushing, OK)",68.54,USD/barrel,D,FRED
2021-08-26,US,us_wti,"WTI Crude Oil (Cushing, OK)",67.42,USD/barrel,D,FRED
2021-08-27,US,us_wti,"WTI Crude Oil (Cushing, OK)",68.84,USD/barrel,D,FRED
2021-08-30,US,us_wti,"WTI Crude Oil (Cushing, OK)",69.28,USD/barrel,D,FRED
2021-08-31,US,us_wti,"WTI Crude Oil (Cushing, OK)",68.43,USD/barrel,D,FRED
2021-09-01,KR,kr_base_rate,한국은행 기준금리,0.75,연%,M,ECOS
2021-09-01,KR,kr_ccsi,소비자심리지수(CCSI),104.1,p (장기평균=100),M,ECOS
2021-09-01,KR,kr_cpi_food,소비자물가지수 — 식료품 및 비주류음료,107.87,2020=100,M,ECOS
2021-09-01,KR,kr_cpi_total,소비자물가지수 — 총지수,103.17,2020=100,M,ECOS
2021-09-01,KR,kr_esi,"경제심리지수(ESI, 원계열)",105.7,p,M,ECOS
2021-09-01,KR,kr_ppi_food,생산자물가지수 — 음식료품,105.48,2020=100,M,ECOS
2021-09-01,US,us_corn,Global Price of Corn (사료비 proxy),235.8156035714281,USD/metric ton,M,FRED
2021-09-01,US,us_food_ppi,PPI: Processed Foods and Feeds,239.343,Index 1982=100,M,FRED
2021-09-01,US,us_soybean,Global Price of Soybeans (사료비),469.44013575,USD/metric ton,M,FRED
2021-09-01,US,us_soybean_meal,"Global Price of Soybean Meal (대두박, 사료 직접 투입재)",372.6599593021429,USD/metric ton,M,FRED
2021-09-01,US,us_wti,"WTI Crude Oil (Cushing, OK)",68.63,USD/barrel,D,FRED
2021-09-02,US,us_wti,"WTI Crude Oil (Cushing, OK)",70.07,USD/barrel,D,FRED
2021-09-03,US,us_wti,"WTI Crude Oil (Cushing, OK)",69.34,USD/barrel,D,FRED
2021-09-07,US,us_wti,"WTI Crude Oil (Cushing, OK)",68.49,USD/barrel,D,FRED
2021-09-08,US,us_wti,"WTI Crude Oil (Cushing, OK)",69.36,USD/barrel,D,FRED
2021-09-09,US,us_wti,"WTI Crude Oil (Cushing, OK)",68.26,USD/barrel,D,FRED
2021-09-10,US,us_wti,"WTI Crude Oil (Cushing, OK)",69.82,USD/barrel,D,FRED
2021-09-13,US,us_wti,"WTI Crude Oil (Cushing, OK)",70.54,USD/barrel,D,FRED
2021-09-14,US,us_wti,"WTI Crude Oil (Cushing, OK)",70.53,USD/barrel,D,FRED
2021-09-15,US,us_wti,"WTI Crude Oil (Cushing, OK)",72.59,USD/barrel,D,FRED
2021-09-16,US,us_wti,"WTI Crude Oil (Cushing, OK)",72.69,USD/barrel,D,FRED
2021-09-17,US,us_wti,"WTI Crude Oil (Cushing, OK)",72.09,USD/barrel,D,FRED
2021-09-20,US,us_wti,"WTI Crude Oil (Cushing, OK)",70.41,USD/barrel,D,FRED
2021-09-21,US,us_wti,"WTI Crude Oil (Cushing, OK)",70.51,USD/barrel,D,FRED
2021-09-22,US,us_wti,"WTI Crude Oil (Cushing, OK)",72.37,USD/barrel,D,FRED
2021-09-23,US,us_wti,"WTI Crude Oil (Cushing, OK)",73.43,USD/barrel,D,FRED
2021-09-24,US,us_wti,"WTI Crude Oil (Cushing, OK)",74.18,USD/barrel,D,FRED
2021-09-27,US,us_wti,"WTI Crude Oil (Cushing, OK)",75.54,USD/barrel,D,FRED
2021-09-28,US,us_wti,"WTI Crude Oil (Cushing, OK)",75.44,USD/barrel,D,FRED
2021-09-29,US,us_wti,"WTI Crude Oil (Cushing, OK)",75.06,USD/barrel,D,FRED
2021-09-30,US,us_wti,"WTI Crude Oil (Cushing, OK)",75.22,USD/barrel,D,FRED
2021-10-01,KR,kr_base_rate,한국은행 기준금리,0.75,연%,M,ECOS
2021-10-01,KR,kr_ccsi,소비자심리지수(CCSI),107.3,p (장기평균=100),M,ECOS
2021-10-01,KR,kr_cpi_food,소비자물가지수 — 식료품 및 비주류음료,106.72,2020=100,M,ECOS
2021-10-01,KR,kr_cpi_total,소비자물가지수 — 총지수,103.35,2020=100,M,ECOS
2021-10-01,KR,kr_esi,"경제심리지수(ESI, 원계열)",107.0,p,M,ECOS
2021-10-01,KR,kr_ppi_food,생산자물가지수 — 음식료품,105.71,2020=100,M,ECOS
2021-10-01,US,us_corn,Global Price of Corn (사료비 proxy),239.60245085034,USD/metric ton,M,FRED
2021-10-01,US,us_food_ppi,PPI: Processed Foods and Feeds,237.612,Index 1982=100,M,FRED
2021-10-01,US,us_soybean,Global Price of Soybeans (사료비),452.02187225,USD/metric ton,M,FRED
2021-10-01,US,us_soybean_meal,"Global Price of Soybean Meal (대두박, 사료 직접 투입재)",355.3746681410476,USD/metric ton,M,FRED
2021-10-01,US,us_wti,"WTI Crude Oil (Cushing, OK)",76.01,USD/barrel,D,FRED
2021-10-04,US,us_wti,"WTI Crude Oil (Cushing, OK)",77.68,USD/barrel,D,FRED
2021-10-05,US,us_wti,"WTI Crude Oil (Cushing, OK)",79.17,USD/barrel,D,FRED
2021-10-06,US,us_wti,"WTI Crude Oil (Cushing, OK)",77.66,USD/barrel,D,FRED
2021-10-07,US,us_wti,"WTI Crude Oil (Cushing, OK)",78.46,USD/barrel,D,FRED
2021-10-08,US,us_wti,"WTI Crude Oil (Cushing, OK)",79.55,USD/barrel,D,FRED
2021-10-11,US,us_wti,"WTI Crude Oil (Cushing, OK)",80.64,USD/barrel,D,FRED
2021-10-12,US,us_wti,"WTI Crude Oil (Cushing, OK)",80.75,USD/barrel,D,FRED
2021-10-13,US,us_wti,"WTI Crude Oil (Cushing, OK)",80.67,USD/barrel,D,FRED
2021-10-14,US,us_wti,"WTI Crude Oil (Cushing, OK)",81.43,USD/barrel,D,FRED
2021-10-15,US,us_wti,"WTI Crude Oil (Cushing, OK)",82.39,USD/barrel,D,FRED
2021-10-18,US,us_wti,"WTI Crude Oil (Cushing, OK)",82.62,USD/barrel,D,FRED
2021-10-19,US,us_wti,"WTI Crude Oil (Cushing, OK)",83.19,USD/barrel,D,FRED
2021-10-20,US,us_wti,"WTI Crude Oil (Cushing, OK)",84.4,USD/barrel,D,FRED
2021-10-21,US,us_wti,"WTI Crude Oil (Cushing, OK)",82.64,USD/barrel,D,FRED
2021-10-22,US,us_wti,"WTI Crude Oil (Cushing, OK)",84.53,USD/barrel,D,FRED
2021-10-25,US,us_wti,"WTI Crude Oil (Cushing, OK)",84.64,USD/barrel,D,FRED
2021-10-26,US,us_wti,"WTI Crude Oil (Cushing, OK)",85.64,USD/barrel,D,FRED
2021-10-27,US,us_wti,"WTI Crude Oil (Cushing, OK)",82.66,USD/barrel,D,FRED
2021-10-28,US,us_wti,"WTI Crude Oil (Cushing, OK)",82.78,USD/barrel,D,FRED
2021-10-29,US,us_wti,"WTI Crude Oil (Cushing, OK)",83.5,USD/barrel,D,FRED
2021-11-01,KR,kr_base_rate,한국은행 기준금리,1.0,연%,M,ECOS
2021-11-01,KR,kr_ccsi,소비자심리지수(CCSI),108.2,p (장기평균=100),M,ECOS
2021-11-01,KR,kr_cpi_food,소비자물가지수 — 식료품 및 비주류음료,107.25,2020=100,M,ECOS
2021-11-01,KR,kr_cpi_total,소비자물가지수 — 총지수,103.87,2020=100,M,ECOS
2021-11-01,KR,kr_esi,"경제심리지수(ESI, 원계열)",107.8,p,M,ECOS
2021-11-01,KR,kr_ppi_food,생산자물가지수 — 음식료품,105.87,2020=100,M,ECOS
2021-11-01,US,us_corn,Global Price of Corn (사료비 proxy),248.7677460714286,USD/metric ton,M,FRED
2021-11-01,US,us_food_ppi,PPI: Processed Foods and Feeds,237.801,Index 1982=100,M,FRED
2021-11-01,US,us_soybean,Global Price of Soybeans (사료비),454.57643425,USD/metric ton,M,FRED
2021-11-01,US,us_soybean_meal,"Global Price of Soybean Meal (대두박, 사료 직접 투입재)",388.3022817011905,USD/metric ton,M,FRED
2021-11-01,US,us_wti,"WTI Crude Oil (Cushing, OK)",84.08,USD/barrel,D,FRED
2021-11-02,US,us_wti,"WTI Crude Oil (Cushing, OK)",83.91,USD/barrel,D,FRED
2021-11-03,US,us_wti,"WTI Crude Oil (Cushing, OK)",80.82,USD/barrel,D,FRED
2021-11-04,US,us_wti,"WTI Crude Oil (Cushing, OK)",78.88,USD/barrel,D,FRED
2021-11-05,US,us_wti,"WTI Crude Oil (Cushing, OK)",81.25,USD/barrel,D,FRED
2021-11-08,US,us_wti,"WTI Crude Oil (Cushing, OK)",81.96,USD/barrel,D,FRED
2021-11-09,US,us_wti,"WTI Crude Oil (Cushing, OK)",84.12,USD/barrel,D,FRED
2021-11-10,US,us_wti,"WTI Crude Oil (Cushing, OK)",81.23,USD/barrel,D,FRED
2021-11-11,US,us_wti,"WTI Crude Oil (Cushing, OK)",81.47,USD/barrel,D,FRED
2021-11-12,US,us_wti,"WTI Crude Oil (Cushing, OK)",80.87,USD/barrel,D,FRED
2021-11-15,US,us_wti,"WTI Crude Oil (Cushing, OK)",80.85,USD/barrel,D,FRED
2021-11-16,US,us_wti,"WTI Crude Oil (Cushing, OK)",80.76,USD/barrel,D,FRED
2021-11-17,US,us_wti,"WTI Crude Oil (Cushing, OK)",78.32,USD/barrel,D,FRED
2021-11-18,US,us_wti,"WTI Crude Oil (Cushing, OK)",78.92,USD/barrel,D,FRED
2021-11-19,US,us_wti,"WTI Crude Oil (Cushing, OK)",76.11,USD/barrel,D,FRED
2021-11-22,US,us_wti,"WTI Crude Oil (Cushing, OK)",76.74,USD/barrel,D,FRED
2021-11-23,US,us_wti,"WTI Crude Oil (Cushing, OK)",78.32,USD/barrel,D,FRED
2021-11-24,US,us_wti,"WTI Crude Oil (Cushing, OK)",78.32,USD/barrel,D,FRED
2021-11-29,US,us_wti,"WTI Crude Oil (Cushing, OK)",69.88,USD/barrel,D,FRED
2021-11-30,US,us_wti,"WTI Crude Oil (Cushing, OK)",66.14,USD/barrel,D,FRED
2021-12-01,KR,kr_base_rate,한국은행 기준금리,1.0,연%,M,ECOS
2021-12-01,KR,kr_ccsi,소비자심리지수(CCSI),104.2,p (장기평균=100),M,ECOS
2021-12-01,KR,kr_cpi_food,소비자물가지수 — 식료품 및 비주류음료,107.85,2020=100,M,ECOS
2021-12-01,KR,kr_cpi_total,소비자물가지수 — 총지수,104.04,2020=100,M,ECOS
2021-12-01,KR,kr_esi,"경제심리지수(ESI, 원계열)",105.8,p,M,ECOS
2021-12-01,KR,kr_ppi_food,생산자물가지수 — 음식료품,106.23,2020=100,M,ECOS
2021-12-01,US,us_corn,Global Price of Corn (사료비 proxy),264.5731467687075,USD/metric ton,M,FRED
2021-12-01,US,us_food_ppi,PPI: Processed Foods and Feeds,237.908,Index 1982=100,M,FRED
2021-12-01,US,us_soybean,Global Price of Soybeans (사료비),473.8100115,USD/metric ton,M,FRED
2021-12-01,US,us_soybean_meal,"Global Price of Soybean Meal (대두박, 사료 직접 투입재)",425.1965458086818,USD/metric ton,M,FRED
2021-12-01,US,us_wti,"WTI Crude Oil (Cushing, OK)",65.44,USD/barrel,D,FRED
2021-12-02,US,us_wti,"WTI Crude Oil (Cushing, OK)",66.6,USD/barrel,D,FRED
2021-12-03,US,us_wti,"WTI Crude Oil (Cushing, OK)",66.39,USD/barrel,D,FRED
2021-12-06,US,us_wti,"WTI Crude Oil (Cushing, OK)",69.62,USD/barrel,D,FRED
2021-12-07,US,us_wti,"WTI Crude Oil (Cushing, OK)",71.94,USD/barrel,D,FRED
2021-12-08,US,us_wti,"WTI Crude Oil (Cushing, OK)",72.43,USD/barrel,D,FRED
2021-12-09,US,us_wti,"WTI Crude Oil (Cushing, OK)",70.87,USD/barrel,D,FRED
2021-12-10,US,us_wti,"WTI Crude Oil (Cushing, OK)",71.71,USD/barrel,D,FRED
2021-12-13,US,us_wti,"WTI Crude Oil (Cushing, OK)",71.19,USD/barrel,D,FRED
2021-12-14,US,us_wti,"WTI Crude Oil (Cushing, OK)",70.57,USD/barrel,D,FRED
2021-12-15,US,us_wti,"WTI Crude Oil (Cushing, OK)",70.89,USD/barrel,D,FRED
2021-12-16,US,us_wti,"WTI Crude Oil (Cushing, OK)",72.34,USD/barrel,D,FRED
2021-12-17,US,us_wti,"WTI Crude Oil (Cushing, OK)",70.93,USD/barrel,D,FRED
2021-12-20,US,us_wti,"WTI Crude Oil (Cushing, OK)",68.69,USD/barrel,D,FRED
2021-12-21,US,us_wti,"WTI Crude Oil (Cushing, OK)",71.1,USD/barrel,D,FRED
2021-12-22,US,us_wti,"WTI Crude Oil (Cushing, OK)",72.82,USD/barrel,D,FRED
2021-12-23,US,us_wti,"WTI Crude Oil (Cushing, OK)",73.89,USD/barrel,D,FRED
2021-12-27,US,us_wti,"WTI Crude Oil (Cushing, OK)",75.49,USD/barrel,D,FRED
2021-12-28,US,us_wti,"WTI Crude Oil (Cushing, OK)",76.01,USD/barrel,D,FRED
2021-12-29,US,us_wti,"WTI Crude Oil (Cushing, OK)",76.58,USD/barrel,D,FRED
2021-12-30,US,us_wti,"WTI Crude Oil (Cushing, OK)",76.83,USD/barrel,D,FRED
2021-12-31,US,us_wti,"WTI Crude Oil (Cushing, OK)",75.33,USD/barrel,D,FRED
2022-01-01,KR,kr_base_rate,한국은행 기준금리,1.25,연%,M,ECOS
2022-01-01,KR,kr_ccsi,소비자심리지수(CCSI),104.9,p (장기평균=100),M,ECOS
2022-01-01,KR,kr_cpi_food,소비자물가지수 — 식료품 및 비주류음료,109.34,2020=100,M,ECOS
2022-01-01,KR,kr_cpi_total,소비자물가지수 — 총지수,104.85,2020=100,M,ECOS
2022-01-01,KR,kr_esi,"경제심리지수(ESI, 원계열)",106.8,p,M,ECOS
2022-01-01,KR,kr_ppi_food,생산자물가지수 — 음식료품,107.95,2020=100,M,ECOS
2022-01-01,US,us_corn,Global Price of Corn (사료비 proxy),276.7191782142856,USD/metric ton,M,FRED
2022-01-01,US,us_food_ppi,PPI: Processed Foods and Feeds,241.889,Index 1982=100,M,FRED
2022-01-01,US,us_soybean,Global Price of Soybeans (사료비),514.4485437,USD/metric ton,M,FRED
2022-01-01,US,us_soybean_meal,"Global Price of Soybean Meal (대두박, 사료 직접 투입재)",456.7537144116,USD/metric ton,M,FRED
2022-01-03,US,us_wti,"WTI Crude Oil (Cushing, OK)",75.99,USD/barrel,D,FRED
2022-01-04,US,us_wti,"WTI Crude Oil (Cushing, OK)",77.0,USD/barrel,D,FRED
2022-01-05,US,us_wti,"WTI Crude Oil (Cushing, OK)",77.83,USD/barrel,D,FRED
2022-01-06,US,us_wti,"WTI Crude Oil (Cushing, OK)",79.47,USD/barrel,D,FRED
2022-01-07,US,us_wti,"WTI Crude Oil (Cushing, OK)",79.0,USD/barrel,D,FRED
2022-01-10,US,us_wti,"WTI Crude Oil (Cushing, OK)",78.11,USD/barrel,D,FRED
2022-01-11,US,us_wti,"WTI Crude Oil (Cushing, OK)",81.17,USD/barrel,D,FRED
2022-01-12,US,us_wti,"WTI Crude Oil (Cushing, OK)",82.51,USD/barrel,D,FRED
2022-01-13,US,us_wti,"WTI Crude Oil (Cushing, OK)",81.97,USD/barrel,D,FRED
2022-01-14,US,us_wti,"WTI Crude Oil (Cushing, OK)",83.82,USD/barrel,D,FRED
2022-01-18,US,us_wti,"WTI Crude Oil (Cushing, OK)",85.42,USD/barrel,D,FRED
2022-01-19,US,us_wti,"WTI Crude Oil (Cushing, OK)",86.84,USD/barrel,D,FRED
2022-01-20,US,us_wti,"WTI Crude Oil (Cushing, OK)",86.29,USD/barrel,D,FRED
2022-01-21,US,us_wti,"WTI Crude Oil (Cushing, OK)",85.16,USD/barrel,D,FRED
2022-01-24,US,us_wti,"WTI Crude Oil (Cushing, OK)",84.48,USD/barrel,D,FRED
2022-01-25,US,us_wti,"WTI Crude Oil (Cushing, OK)",86.61,USD/barrel,D,FRED
2022-01-26,US,us_wti,"WTI Crude Oil (Cushing, OK)",88.33,USD/barrel,D,FRED
2022-01-27,US,us_wti,"WTI Crude Oil (Cushing, OK)",87.61,USD/barrel,D,FRED
2022-01-28,US,us_wti,"WTI Crude Oil (Cushing, OK)",87.67,USD/barrel,D,FRED
2022-01-31,US,us_wti,"WTI Crude Oil (Cushing, OK)",89.16,USD/barrel,D,FRED
2022-02-01,KR,kr_base_rate,한국은행 기준금리,1.25,연%,M,ECOS
2022-02-01,KR,kr_ccsi,소비자심리지수(CCSI),103.4,p (장기평균=100),M,ECOS
2022-02-01,KR,kr_cpi_food,소비자물가지수 — 식료품 및 비주류음료,109.63,2020=100,M,ECOS
2022-02-01,KR,kr_cpi_total,소비자물가지수 — 총지수,105.42,2020=100,M,ECOS
2022-02-01,KR,kr_esi,"경제심리지수(ESI, 원계열)",107.1,p,M,ECOS
2022-02-01,KR,kr_ppi_food,생산자물가지수 — 음식료품,108.09,2020=100,M,ECOS
2022-02-01,US,us_corn,Global Price of Corn (사료비 proxy),292.6715930451127,USD/metric ton,M,FRED
2022-02-01,US,us_food_ppi,PPI: Processed Foods and Feeds,246.227,Index 1982=100,M,FRED
2022-02-01,US,us_soybean,Global Price of Soybeans (사료비),583.6930132894737,USD/metric ton,M,FRED
2022-02-01,US,us_soybean_meal,"Global Price of Soybean Meal (대두박, 사료 직접 투입재)",496.5100222163684,USD/metric ton,M,FRED
2022-02-01,US,us_wti,"WTI Crude Oil (Cushing, OK)",88.22,USD/barrel,D,FRED
2022-02-02,US,us_wti,"WTI Crude Oil (Cushing, OK)",88.16,USD/barrel,D,FRED
2022-02-03,US,us_wti,"WTI Crude Oil (Cushing, OK)",90.17,USD/barrel,D,FRED
2022-02-04,US,us_wti,"WTI Crude Oil (Cushing, OK)",92.27,USD/barrel,D,FRED
2022-02-07,US,us_wti,"WTI Crude Oil (Cushing, OK)",91.25,USD/barrel,D,FRED
2022-02-08,US,us_wti,"WTI Crude Oil (Cushing, OK)",89.32,USD/barrel,D,FRED
2022-02-09,US,us_wti,"WTI Crude Oil (Cushing, OK)",89.57,USD/barrel,D,FRED
2022-02-10,US,us_wti,"WTI Crude Oil (Cushing, OK)",89.83,USD/barrel,D,FRED
2022-02-11,US,us_wti,"WTI Crude Oil (Cushing, OK)",93.1,USD/barrel,D,FRED
2022-02-14,US,us_wti,"WTI Crude Oil (Cushing, OK)",95.52,USD/barrel,D,FRED
2022-02-15,US,us_wti,"WTI Crude Oil (Cushing, OK)",92.07,USD/barrel,D,FRED
2022-02-16,US,us_wti,"WTI Crude Oil (Cushing, OK)",93.83,USD/barrel,D,FRED
2022-02-17,US,us_wti,"WTI Crude Oil (Cushing, OK)",91.78,USD/barrel,D,FRED
2022-02-18,US,us_wti,"WTI Crude Oil (Cushing, OK)",91.26,USD/barrel,D,FRED
2022-02-22,US,us_wti,"WTI Crude Oil (Cushing, OK)",92.11,USD/barrel,D,FRED
2022-02-23,US,us_wti,"WTI Crude Oil (Cushing, OK)",92.14,USD/barrel,D,FRED
2022-02-24,US,us_wti,"WTI Crude Oil (Cushing, OK)",92.77,USD/barrel,D,FRED
2022-02-25,US,us_wti,"WTI Crude Oil (Cushing, OK)",91.68,USD/barrel,D,FRED
2022-02-28,US,us_wti,"WTI Crude Oil (Cushing, OK)",96.13,USD/barrel,D,FRED
2022-03-01,KR,kr_base_rate,한국은행 기준금리,1.25,연%,M,ECOS
2022-03-01,KR,kr_ccsi,소비자심리지수(CCSI),103.6,p (장기평균=100),M,ECOS
2022-03-01,KR,kr_cpi_food,소비자물가지수 — 식료품 및 비주류음료,109.55,2020=100,M,ECOS
2022-03-01,KR,kr_cpi_total,소비자물가지수 — 총지수,106.1,2020=100,M,ECOS
2022-03-01,KR,kr_esi,"경제심리지수(ESI, 원계열)",104.7,p,M,ECOS
2022-03-01,KR,kr_ppi_food,생산자물가지수 — 음식료품,109.2,2020=100,M,ECOS
2022-03-01,US,us_corn,Global Price of Corn (사료비 proxy),335.9306841614907,USD/metric ton,M,FRED
2022-03-01,US,us_food_ppi,PPI: Processed Foods and Feeds,250.367,Index 1982=100,M,FRED
2022-03-01,US,us_soybean,Global Price of Soybeans (사료비),617.1983068695652,USD/metric ton,M,FRED
2022-03-01,US,us_soybean_meal,"Global Price of Soybean Meal (대두박, 사료 직접 투입재)",529.2004892995217,USD/metric ton,M,FRED
2022-03-01,US,us_wti,"WTI Crude Oil (Cushing, OK)",103.66,USD/barrel,D,FRED
2022-03-02,US,us_wti,"WTI Crude Oil (Cushing, OK)",110.74,USD/barrel,D,FRED
2022-03-03,US,us_wti,"WTI Crude Oil (Cushing, OK)",107.69,USD/barrel,D,FRED
2022-03-04,US,us_wti,"WTI Crude Oil (Cushing, OK)",115.77,USD/barrel,D,FRED
2022-03-07,US,us_wti,"WTI Crude Oil (Cushing, OK)",119.26,USD/barrel,D,FRED
2022-03-08,US,us_wti,"WTI Crude Oil (Cushing, OK)",123.64,USD/barrel,D,FRED
2022-03-09,US,us_wti,"WTI Crude Oil (Cushing, OK)",108.81,USD/barrel,D,FRED
2022-03-10,US,us_wti,"WTI Crude Oil (Cushing, OK)",105.93,USD/barrel,D,FRED
2022-03-11,US,us_wti,"WTI Crude Oil (Cushing, OK)",109.31,USD/barrel,D,FRED
2022-03-14,US,us_wti,"WTI Crude Oil (Cushing, OK)",103.22,USD/barrel,D,FRED
2022-03-15,US,us_wti,"WTI Crude Oil (Cushing, OK)",96.42,USD/barrel,D,FRED
2022-03-16,US,us_wti,"WTI Crude Oil (Cushing, OK)",94.85,USD/barrel,D,FRED
2022-03-17,US,us_wti,"WTI Crude Oil (Cushing, OK)",102.97,USD/barrel,D,FRED
2022-03-18,US,us_wti,"WTI Crude Oil (Cushing, OK)",104.69,USD/barrel,D,FRED
2022-03-21,US,us_wti,"WTI Crude Oil (Cushing, OK)",112.14,USD/barrel,D,FRED
2022-03-22,US,us_wti,"WTI Crude Oil (Cushing, OK)",111.03,USD/barrel,D,FRED
2022-03-23,US,us_wti,"WTI Crude Oil (Cushing, OK)",114.89,USD/barrel,D,FRED
2022-03-24,US,us_wti,"WTI Crude Oil (Cushing, OK)",114.2,USD/barrel,D,FRED
2022-03-25,US,us_wti,"WTI Crude Oil (Cushing, OK)",116.2,USD/barrel,D,FRED
2022-03-28,US,us_wti,"WTI Crude Oil (Cushing, OK)",107.55,USD/barrel,D,FRED
2022-03-29,US,us_wti,"WTI Crude Oil (Cushing, OK)",104.25,USD/barrel,D,FRED
2022-03-30,US,us_wti,"WTI Crude Oil (Cushing, OK)",107.81,USD/barrel,D,FRED
2022-03-31,US,us_wti,"WTI Crude Oil (Cushing, OK)",100.53,USD/barrel,D,FRED
2022-04-01,KR,kr_base_rate,한국은행 기준금리,1.5,연%,M,ECOS
2022-04-01,KR,kr_ccsi,소비자심리지수(CCSI),104.3,p (장기평균=100),M,ECOS
2022-04-01,KR,kr_cpi_food,소비자물가지수 — 식료품 및 비주류음료,110.29,2020=100,M,ECOS
2022-04-01,KR,kr_cpi_total,소비자물가지수 — 총지수,106.83,2020=100,M,ECOS
2022-04-01,KR,kr_esi,"경제심리지수(ESI, 원계열)",107.1,p,M,ECOS
2022-04-01,KR,kr_ppi_food,생산자물가지수 — 음식료품,111.3,2020=100,M,ECOS
2022-04-01,US,us_corn,Global Price of Corn (사료비 proxy),348.5071169642857,USD/metric ton,M,FRED
2022-04-01,US,us_food_ppi,PPI: Processed Foods and Feeds,256.578,Index 1982=100,M,FRED
2022-04-01,US,us_soybean,Global Price of Soybeans (사료비),618.13839025,USD/metric ton,M,FRED
2022-04-01,US,us_soybean_meal,"Global Price of Soybean Meal (대두박, 사료 직접 투입재)",504.995056618381,USD/metric ton,M,FRED
2022-04-01,US,us_wti,"WTI Crude Oil (Cushing, OK)",99.32,USD/barrel,D,FRED
2022-04-04,US,us_wti,"WTI Crude Oil (Cushing, OK)",103.29,USD/barrel,D,FRED
2022-04-05,US,us_wti,"WTI Crude Oil (Cushing, OK)",101.98,USD/barrel,D,FRED
2022-04-06,US,us_wti,"WTI Crude Oil (Cushing, OK)",96.39,USD/barrel,D,FRED
2022-04-07,US,us_wti,"WTI Crude Oil (Cushing, OK)",96.05,USD/barrel,D,FRED
2022-04-08,US,us_wti,"WTI Crude Oil (Cushing, OK)",98.35,USD/barrel,D,FRED
2022-04-11,US,us_wti,"WTI Crude Oil (Cushing, OK)",94.22,USD/barrel,D,FRED
2022-04-12,US,us_wti,"WTI Crude Oil (Cushing, OK)",100.52,USD/barrel,D,FRED
2022-04-13,US,us_wti,"WTI Crude Oil (Cushing, OK)",104.26,USD/barrel,D,FRED
2022-04-14,US,us_wti,"WTI Crude Oil (Cushing, OK)",106.84,USD/barrel,D,FRED
2022-04-18,US,us_wti,"WTI Crude Oil (Cushing, OK)",108.24,USD/barrel,D,FRED
2022-04-19,US,us_wti,"WTI Crude Oil (Cushing, OK)",102.54,USD/barrel,D,FRED
2022-04-20,US,us_wti,"WTI Crude Oil (Cushing, OK)",102.56,USD/barrel,D,FRED
2022-04-21,US,us_wti,"WTI Crude Oil (Cushing, OK)",103.89,USD/barrel,D,FRED
2022-04-22,US,us_wti,"WTI Crude Oil (Cushing, OK)",102.86,USD/barrel,D,FRED
2022-04-25,US,us_wti,"WTI Crude Oil (Cushing, OK)",99.6,USD/barrel,D,FRED
2022-04-26,US,us_wti,"WTI Crude Oil (Cushing, OK)",102.62,USD/barrel,D,FRED
2022-04-27,US,us_wti,"WTI Crude Oil (Cushing, OK)",101.96,USD/barrel,D,FRED
2022-04-28,US,us_wti,"WTI Crude Oil (Cushing, OK)",105.47,USD/barrel,D,FRED
2022-04-29,US,us_wti,"WTI Crude Oil (Cushing, OK)",104.59,USD/barrel,D,FRED
2022-05-01,KR,kr_base_rate,한국은행 기준금리,1.75,연%,M,ECOS
2022-05-01,KR,kr_ccsi,소비자심리지수(CCSI),103.1,p (장기평균=100),M,ECOS
2022-05-01,KR,kr_cpi_food,소비자물가지수 — 식료품 및 비주류음료,111.35,2020=100,M,ECOS
2022-05-01,KR,kr_cpi_total,소비자물가지수 — 총지수,107.5,2020=100,M,ECOS
2022-05-01,KR,kr_esi,"경제심리지수(ESI, 원계열)",108.1,p,M,ECOS
2022-05-01,KR,kr_ppi_food,생산자물가지수 — 음식료품,111.93,2020=100,M,ECOS
2022-05-01,US,us_corn,Global Price of Corn (사료비 proxy),344.9092996031747,USD/metric ton,M,FRED
2022-05-01,US,us_food_ppi,PPI: Processed Foods and Feeds,259.935,Index 1982=100,M,FRED
2022-05-01,US,us_soybean,Global Price of Soybeans (사료비),617.1229677613636,USD/metric ton,M,FRED
2022-05-01,US,us_soybean_meal,"Global Price of Soybean Meal (대두박, 사료 직접 투입재)",463.9377778492273,USD/metric ton,M,FRED
2022-05-02,US,us_wti,"WTI Crude Oil (Cushing, OK)",105.18,USD/barrel,D,FRED
2022-05-03,US,us_wti,"WTI Crude Oil (Cushing, OK)",102.53,USD/barrel,D,FRED
2022-05-04,US,us_wti,"WTI Crude Oil (Cushing, OK)",107.84,USD/barrel,D,FRED
2022-05-05,US,us_wti,"WTI Crude Oil (Cushing, OK)",108.17,USD/barrel,D,FRED
2022-05-06,US,us_wti,"WTI Crude Oil (Cushing, OK)",109.72,USD/barrel,D,FRED
2022-05-09,US,us_wti,"WTI Crude Oil (Cushing, OK)",103.08,USD/barrel,D,FRED
2022-05-10,US,us_wti,"WTI Crude Oil (Cushing, OK)",99.74,USD/barrel,D,FRED
2022-05-11,US,us_wti,"WTI Crude Oil (Cushing, OK)",105.5,USD/barrel,D,FRED
2022-05-12,US,us_wti,"WTI Crude Oil (Cushing, OK)",106.15,USD/barrel,D,FRED
2022-05-13,US,us_wti,"WTI Crude Oil (Cushing, OK)",110.52,USD/barrel,D,FRED
2022-05-16,US,us_wti,"WTI Crude Oil (Cushing, OK)",114.07,USD/barrel,D,FRED
2022-05-17,US,us_wti,"WTI Crude Oil (Cushing, OK)",112.31,USD/barrel,D,FRED
2022-05-18,US,us_wti,"WTI Crude Oil (Cushing, OK)",109.67,USD/barrel,D,FRED
2022-05-19,US,us_wti,"WTI Crude Oil (Cushing, OK)",112.21,USD/barrel,D,FRED
2022-05-20,US,us_wti,"WTI Crude Oil (Cushing, OK)",112.63,USD/barrel,D,FRED
2022-05-23,US,us_wti,"WTI Crude Oil (Cushing, OK)",110.32,USD/barrel,D,FRED
2022-05-24,US,us_wti,"WTI Crude Oil (Cushing, OK)",112.55,USD/barrel,D,FRED
2022-05-25,US,us_wti,"WTI Crude Oil (Cushing, OK)",112.88,USD/barrel,D,FRED
2022-05-26,US,us_wti,"WTI Crude Oil (Cushing, OK)",116.19,USD/barrel,D,FRED
2022-05-27,US,us_wti,"WTI Crude Oil (Cushing, OK)",114.96,USD/barrel,D,FRED
2022-05-31,US,us_wti,"WTI Crude Oil (Cushing, OK)",114.38,USD/barrel,D,FRED
2022-06-01,KR,kr_base_rate,한국은행 기준금리,1.75,연%,M,ECOS
2022-06-01,KR,kr_ccsi,소비자심리지수(CCSI),96.6,p (장기평균=100),M,ECOS
2022-06-01,KR,kr_cpi_food,소비자물가지수 — 식료품 및 비주류음료,111.32,2020=100,M,ECOS
2022-06-01,KR,kr_cpi_total,소비자물가지수 — 총지수,108.21,2020=100,M,ECOS
2022-06-01,KR,kr_esi,"경제심리지수(ESI, 원계열)",103.8,p,M,ECOS
2022-06-01,KR,kr_ppi_food,생산자물가지수 — 음식료품,113.05,2020=100,M,ECOS
2022-06-01,US,us_corn,Global Price of Corn (사료비 proxy),335.7171340136054,USD/metric ton,M,FRED
2022-06-01,US,us_food_ppi,PPI: Processed Foods and Feeds,261.688,Index 1982=100,M,FRED
2022-06-01,US,us_soybean,Global Price of Soybeans (사료비),621.198178125,USD/metric ton,M,FRED
2022-06-01,US,us_soybean_meal,"Global Price of Soybean Meal (대두박, 사료 직접 투입재)",472.7712998470909,USD/metric ton,M,FRED
2022-06-01,US,us_wti,"WTI Crude Oil (Cushing, OK)",115.26,USD/barrel,D,FRED
2022-06-02,US,us_wti,"WTI Crude Oil (Cushing, OK)",116.88,USD/barrel,D,FRED
2022-06-03,US,us_wti,"WTI Crude Oil (Cushing, OK)",118.97,USD/barrel,D,FRED
2022-06-06,US,us_wti,"WTI Crude Oil (Cushing, OK)",118.41,USD/barrel,D,FRED
2022-06-07,US,us_wti,"WTI Crude Oil (Cushing, OK)",119.55,USD/barrel,D,FRED
2022-06-08,US,us_wti,"WTI Crude Oil (Cushing, OK)",121.94,USD/barrel,D,FRED
2022-06-09,US,us_wti,"WTI Crude Oil (Cushing, OK)",121.52,USD/barrel,D,FRED
2022-06-10,US,us_wti,"WTI Crude Oil (Cushing, OK)",120.73,USD/barrel,D,FRED
2022-06-13,US,us_wti,"WTI Crude Oil (Cushing, OK)",120.92,USD/barrel,D,FRED
2022-06-14,US,us_wti,"WTI Crude Oil (Cushing, OK)",118.92,USD/barrel,D,FRED
2022-06-15,US,us_wti,"WTI Crude Oil (Cushing, OK)",115.32,USD/barrel,D,FRED
2022-06-16,US,us_wti,"WTI Crude Oil (Cushing, OK)",117.56,USD/barrel,D,FRED
2022-06-17,US,us_wti,"WTI Crude Oil (Cushing, OK)",109.56,USD/barrel,D,FRED
2022-06-21,US,us_wti,"WTI Crude Oil (Cushing, OK)",110.49,USD/barrel,D,FRED
2022-06-22,US,us_wti,"WTI Crude Oil (Cushing, OK)",106.22,USD/barrel,D,FRED
2022-06-23,US,us_wti,"WTI Crude Oil (Cushing, OK)",105.75,USD/barrel,D,FRED
2022-06-24,US,us_wti,"WTI Crude Oil (Cushing, OK)",109.07,USD/barrel,D,FRED
2022-06-27,US,us_wti,"WTI Crude Oil (Cushing, OK)",111.44,USD/barrel,D,FRED
2022-06-28,US,us_wti,"WTI Crude Oil (Cushing, OK)",113.66,USD/barrel,D,FRED
2022-06-29,US,us_wti,"WTI Crude Oil (Cushing, OK)",111.65,USD/barrel,D,FRED
2022-06-30,US,us_wti,"WTI Crude Oil (Cushing, OK)",107.76,USD/barrel,D,FRED
2022-07-01,KR,kr_base_rate,한국은행 기준금리,2.25,연%,M,ECOS
2022-07-01,KR,kr_ccsi,소비자심리지수(CCSI),85.7,p (장기평균=100),M,ECOS
2022-07-01,KR,kr_cpi_food,소비자물가지수 — 식료품 및 비주류음료,112.99,2020=100,M,ECOS
2022-07-01,KR,kr_cpi_total,소비자물가지수 — 총지수,108.73,2020=100,M,ECOS
2022-07-01,KR,kr_esi,"경제심리지수(ESI, 원계열)",98.9,p,M,ECOS
2022-07-01,KR,kr_ppi_food,생산자물가지수 — 음식료품,115.34,2020=100,M,ECOS
2022-07-01,US,us_corn,Global Price of Corn (사료비 proxy),312.6820419642856,USD/metric ton,M,FRED
2022-07-01,US,us_food_ppi,PPI: Processed Foods and Feeds,261.656,Index 1982=100,M,FRED
2022-07-01,US,us_soybean,Global Price of Soybeans (사료비),571.00147225,USD/metric ton,M,FRED
2022-07-01,US,us_soybean_meal,"Global Price of Soybean Meal (대두박, 사료 직접 투입재)",510.7533209377619,USD/metric ton,M,FRED
2022-07-01,US,us_wti,"WTI Crude Oil (Cushing, OK)",110.3,USD/barrel,D,FRED
2022-07-05,US,us_wti,"WTI Crude Oil (Cushing, OK)",101.55,USD/barrel,D,FRED
2022-07-06,US,us_wti,"WTI Crude Oil (Cushing, OK)",100.31,USD/barrel,D,FRED
2022-07-07,US,us_wti,"WTI Crude Oil (Cushing, OK)",104.62,USD/barrel,D,FRED
2022-07-08,US,us_wti,"WTI Crude Oil (Cushing, OK)",106.78,USD/barrel,D,FRED
2022-07-11,US,us_wti,"WTI Crude Oil (Cushing, OK)",106.09,USD/barrel,D,FRED
2022-07-12,US,us_wti,"WTI Crude Oil (Cushing, OK)",97.69,USD/barrel,D,FRED
2022-07-13,US,us_wti,"WTI Crude Oil (Cushing, OK)",98.44,USD/barrel,D,FRED
2022-07-14,US,us_wti,"WTI Crude Oil (Cushing, OK)",97.79,USD/barrel,D,FRED
2022-07-15,US,us_wti,"WTI Crude Oil (Cushing, OK)",99.59,USD/barrel,D,FRED
2022-07-18,US,us_wti,"WTI Crude Oil (Cushing, OK)",104.48,USD/barrel,D,FRED
2022-07-19,US,us_wti,"WTI Crude Oil (Cushing, OK)",106.12,USD/barrel,D,FRED
2022-07-20,US,us_wti,"WTI Crude Oil (Cushing, OK)",104.45,USD/barrel,D,FRED
2022-07-21,US,us_wti,"WTI Crude Oil (Cushing, OK)",98.44,USD/barrel,D,FRED
2022-07-22,US,us_wti,"WTI Crude Oil (Cushing, OK)",97.71,USD/barrel,D,FRED
2022-07-25,US,us_wti,"WTI Crude Oil (Cushing, OK)",99.83,USD/barrel,D,FRED
2022-07-26,US,us_wti,"WTI Crude Oil (Cushing, OK)",97.74,USD/barrel,D,FRED
2022-07-27,US,us_wti,"WTI Crude Oil (Cushing, OK)",100.03,USD/barrel,D,FRED
2022-07-28,US,us_wti,"WTI Crude Oil (Cushing, OK)",99.11,USD/barrel,D,FRED
2022-07-29,US,us_wti,"WTI Crude Oil (Cushing, OK)",101.31,USD/barrel,D,FRED
2022-08-01,KR,kr_base_rate,한국은행 기준금리,2.5,연%,M,ECOS
2022-08-01,KR,kr_ccsi,소비자심리지수(CCSI),88.5,p (장기평균=100),M,ECOS
2022-08-01,KR,kr_cpi_food,소비자물가지수 — 식료품 및 비주류음료,114.56,2020=100,M,ECOS
2022-08-01,KR,kr_cpi_total,소비자물가지수 — 총지수,108.63,2020=100,M,ECOS
2022-08-01,KR,kr_esi,"경제심리지수(ESI, 원계열)",100.2,p,M,ECOS
2022-08-01,KR,kr_ppi_food,생산자물가지수 — 음식료품,115.8,2020=100,M,ECOS
2022-08-01,US,us_corn,Global Price of Corn (사료비 proxy),293.9307903338509,USD/metric ton,M,FRED
2022-08-01,US,us_food_ppi,PPI: Processed Foods and Feeds,262.307,Index 1982=100,M,FRED
2022-08-01,US,us_soybean,Global Price of Soybeans (사료비),576.8241695543478,USD/metric ton,M,FRED
2022-08-01,US,us_soybean_meal,"Global Price of Soybean Meal (대두박, 사료 직접 투입재)",527.1108904683913,USD/metric ton,M,FRED
2022-08-01,US,us_wti,"WTI Crude Oil (Cushing, OK)",96.59,USD/barrel,D,FRED
2022-08-02,US,us_wti,"WTI Crude Oil (Cushing, OK)",97.14,USD/barrel,D,FRED
2022-08-03,US,us_wti,"WTI Crude Oil (Cushing, OK)",93.25,USD/barrel,D,FRED
2022-08-04,US,us_wti,"WTI Crude Oil (Cushing, OK)",91.29,USD/barrel,D,FRED
2022-08-05,US,us_wti,"WTI Crude Oil (Cushing, OK)",91.77,USD/barrel,D,FRED
2022-08-08,US,us_wti,"WTI Crude Oil (Cushing, OK)",93.52,USD/barrel,D,FRED
2022-08-09,US,us_wti,"WTI Crude Oil (Cushing, OK)",93.18,USD/barrel,D,FRED
2022-08-10,US,us_wti,"WTI Crude Oil (Cushing, OK)",94.68,USD/barrel,D,FRED
2022-08-11,US,us_wti,"WTI Crude Oil (Cushing, OK)",97.02,USD/barrel,D,FRED
2022-08-12,US,us_wti,"WTI Crude Oil (Cushing, OK)",94.86,USD/barrel,D,FRED
2022-08-15,US,us_wti,"WTI Crude Oil (Cushing, OK)",92.24,USD/barrel,D,FRED
2022-08-16,US,us_wti,"WTI Crude Oil (Cushing, OK)",89.23,USD/barrel,D,FRED
2022-08-17,US,us_wti,"WTI Crude Oil (Cushing, OK)",90.85,USD/barrel,D,FRED
2022-08-18,US,us_wti,"WTI Crude Oil (Cushing, OK)",93.2,USD/barrel,D,FRED
2022-08-19,US,us_wti,"WTI Crude Oil (Cushing, OK)",93.55,USD/barrel,D,FRED
2022-08-22,US,us_wti,"WTI Crude Oil (Cushing, OK)",93.42,USD/barrel,D,FRED
2022-08-23,US,us_wti,"WTI Crude Oil (Cushing, OK)",96.46,USD/barrel,D,FRED
2022-08-24,US,us_wti,"WTI Crude Oil (Cushing, OK)",95.52,USD/barrel,D,FRED
2022-08-25,US,us_wti,"WTI Crude Oil (Cushing, OK)",93.33,USD/barrel,D,FRED
2022-08-26,US,us_wti,"WTI Crude Oil (Cushing, OK)",93.63,USD/barrel,D,FRED
2022-08-29,US,us_wti,"WTI Crude Oil (Cushing, OK)",97.4,USD/barrel,D,FRED
2022-08-30,US,us_wti,"WTI Crude Oil (Cushing, OK)",92.08,USD/barrel,D,FRED
2022-08-31,US,us_wti,"WTI Crude Oil (Cushing, OK)",90.09,USD/barrel,D,FRED
2022-09-01,KR,kr_base_rate,한국은행 기준금리,2.5,연%,M,ECOS
2022-09-01,KR,kr_ccsi,소비자심리지수(CCSI),91.3,p (장기평균=100),M,ECOS
2022-09-01,KR,kr_cpi_food,소비자물가지수 — 식료품 및 비주류음료,116.06,2020=100,M,ECOS
2022-09-01,KR,kr_cpi_total,소비자물가지수 — 총지수,108.82,2020=100,M,ECOS
2022-09-01,KR,kr_esi,"경제심리지수(ESI, 원계열)",99.0,p,M,ECOS
2022-09-01,KR,kr_ppi_food,생산자물가지수 — 음식료품,116.7,2020=100,M,ECOS
2022-09-01,US,us_corn,Global Price of Corn (사료비 proxy),312.5461278911564,USD/metric ton,M,FRED
2022-09-01,US,us_food_ppi,PPI: Processed Foods and Feeds,262.053,Index 1982=100,M,FRED
2022-09-01,US,us_soybean,Global Price of Soybeans (사료비),537.5519801590909,USD/metric ton,M,FRED
2022-09-01,US,us_soybean_meal,"Global Price of Soybean Meal (대두박, 사료 직접 투입재)",484.0750012805455,USD/metric ton,M,FRED
2022-09-01,US,us_wti,"WTI Crude Oil (Cushing, OK)",87.09,USD/barrel,D,FRED
2022-09-02,US,us_wti,"WTI Crude Oil (Cushing, OK)",87.29,USD/barrel,D,FRED
2022-09-06,US,us_wti,"WTI Crude Oil (Cushing, OK)",87.35,USD/barrel,D,FRED
2022-09-07,US,us_wti,"WTI Crude Oil (Cushing, OK)",82.5,USD/barrel,D,FRED
2022-09-08,US,us_wti,"WTI Crude Oil (Cushing, OK)",84.04,USD/barrel,D,FRED
2022-09-09,US,us_wti,"WTI Crude Oil (Cushing, OK)",87.27,USD/barrel,D,FRED
2022-09-12,US,us_wti,"WTI Crude Oil (Cushing, OK)",88.18,USD/barrel,D,FRED
2022-09-13,US,us_wti,"WTI Crude Oil (Cushing, OK)",87.84,USD/barrel,D,FRED
2022-09-14,US,us_wti,"WTI Crude Oil (Cushing, OK)",88.88,USD/barrel,D,FRED
2022-09-15,US,us_wti,"WTI Crude Oil (Cushing, OK)",85.72,USD/barrel,D,FRED
2022-09-16,US,us_wti,"WTI Crude Oil (Cushing, OK)",85.57,USD/barrel,D,FRED
2022-09-19,US,us_wti,"WTI Crude Oil (Cushing, OK)",86.15,USD/barrel,D,FRED
2022-09-20,US,us_wti,"WTI Crude Oil (Cushing, OK)",84.69,USD/barrel,D,FRED
2022-09-21,US,us_wti,"WTI Crude Oil (Cushing, OK)",83.38,USD/barrel,D,FRED
2022-09-22,US,us_wti,"WTI Crude Oil (Cushing, OK)",84.02,USD/barrel,D,FRED
2022-09-23,US,us_wti,"WTI Crude Oil (Cushing, OK)",79.07,USD/barrel,D,FRED
2022-09-26,US,us_wti,"WTI Crude Oil (Cushing, OK)",77.17,USD/barrel,D,FRED
2022-09-27,US,us_wti,"WTI Crude Oil (Cushing, OK)",78.91,USD/barrel,D,FRED
2022-09-28,US,us_wti,"WTI Crude Oil (Cushing, OK)",82.61,USD/barrel,D,FRED
2022-09-29,US,us_wti,"WTI Crude Oil (Cushing, OK)",81.78,USD/barrel,D,FRED
2022-09-30,US,us_wti,"WTI Crude Oil (Cushing, OK)",79.91,USD/barrel,D,FRED
2022-10-01,KR,kr_base_rate,한국은행 기준금리,3.0,연%,M,ECOS
2022-10-01,KR,kr_ccsi,소비자심리지수(CCSI),88.6,p (장기평균=100),M,ECOS
2022-10-01,KR,kr_cpi_food,소비자물가지수 — 식료품 및 비주류음료,114.72,2020=100,M,ECOS
2022-10-01,KR,kr_cpi_total,소비자물가지수 — 총지수,109.16,2020=100,M,ECOS
2022-10-01,KR,kr_esi,"경제심리지수(ESI, 원계열)",96.1,p,M,ECOS
2022-10-01,KR,kr_ppi_food,생산자물가지수 — 음식료품,117.95,2020=100,M,ECOS
2022-10-01,US,us_corn,Global Price of Corn (사료비 proxy),343.5532833333333,USD/metric ton,M,FRED
2022-10-01,US,us_food_ppi,PPI: Processed Foods and Feeds,260.317,Index 1982=100,M,FRED
2022-10-01,US,us_soybean,Global Price of Soybeans (사료비),507.5442275,USD/metric ton,M,FRED
2022-10-01,US,us_soybean_meal,"Global Price of Soybean Meal (대두박, 사료 직접 투입재)",453.5696094561429,USD/metric ton,M,FRED
2022-10-03,US,us_wti,"WTI Crude Oil (Cushing, OK)",84.05,USD/barrel,D,FRED
2022-10-04,US,us_wti,"WTI Crude Oil (Cushing, OK)",86.87,USD/barrel,D,FRED
2022-10-05,US,us_wti,"WTI Crude Oil (Cushing, OK)",88.22,USD/barrel,D,FRED
2022-10-06,US,us_wti,"WTI Crude Oil (Cushing, OK)",88.9,USD/barrel,D,FRED
2022-10-07,US,us_wti,"WTI Crude Oil (Cushing, OK)",93.07,USD/barrel,D,FRED
2022-10-10,US,us_wti,"WTI Crude Oil (Cushing, OK)",91.6,USD/barrel,D,FRED
2022-10-11,US,us_wti,"WTI Crude Oil (Cushing, OK)",89.75,USD/barrel,D,FRED
2022-10-12,US,us_wti,"WTI Crude Oil (Cushing, OK)",87.83,USD/barrel,D,FRED
2022-10-13,US,us_wti,"WTI Crude Oil (Cushing, OK)",89.59,USD/barrel,D,FRED
2022-10-14,US,us_wti,"WTI Crude Oil (Cushing, OK)",86.1,USD/barrel,D,FRED
2022-10-17,US,us_wti,"WTI Crude Oil (Cushing, OK)",86.0,USD/barrel,D,FRED
2022-10-18,US,us_wti,"WTI Crude Oil (Cushing, OK)",83.29,USD/barrel,D,FRED
2022-10-19,US,us_wti,"WTI Crude Oil (Cushing, OK)",86.0,USD/barrel,D,FRED
2022-10-20,US,us_wti,"WTI Crude Oil (Cushing, OK)",86.02,USD/barrel,D,FRED
2022-10-21,US,us_wti,"WTI Crude Oil (Cushing, OK)",85.47,USD/barrel,D,FRED
2022-10-24,US,us_wti,"WTI Crude Oil (Cushing, OK)",86.12,USD/barrel,D,FRED
2022-10-25,US,us_wti,"WTI Crude Oil (Cushing, OK)",86.93,USD/barrel,D,FRED
2022-10-26,US,us_wti,"WTI Crude Oil (Cushing, OK)",89.39,USD/barrel,D,FRED
2022-10-27,US,us_wti,"WTI Crude Oil (Cushing, OK)",89.06,USD/barrel,D,FRED
2022-10-28,US,us_wti,"WTI Crude Oil (Cushing, OK)",87.85,USD/barrel,D,FRED
2022-10-31,US,us_wti,"WTI Crude Oil (Cushing, OK)",86.54,USD/barrel,D,FRED
2022-11-01,KR,kr_base_rate,한국은행 기준금리,3.25,연%,M,ECOS
2022-11-01,KR,kr_ccsi,소비자심리지수(CCSI),86.2,p (장기평균=100),M,ECOS
2022-11-01,KR,kr_cpi_food,소비자물가지수 — 식료품 및 비주류음료,112.46,2020=100,M,ECOS
2022-11-01,KR,kr_cpi_total,소비자물가지수 — 총지수,109.07,2020=100,M,ECOS
2022-11-01,KR,kr_esi,"경제심리지수(ESI, 원계열)",92.2,p,M,ECOS
2022-11-01,KR,kr_ppi_food,생산자물가지수 — 음식료품,118.13,2020=100,M,ECOS
2022-11-01,US,us_corn,Global Price of Corn (사료비 proxy),320.929682857143,USD/metric ton,M,FRED
2022-11-01,US,us_food_ppi,PPI: Processed Foods and Feeds,262.159,Index 1982=100,M,FRED
2022-11-01,US,us_soybean,Global Price of Soybeans (사료비),529.7481193295455,USD/metric ton,M,FRED
2022-11-01,US,us_soybean_meal,"Global Price of Soybean Meal (대두박, 사료 직접 투입재)",454.8537305536364,USD/metric ton,M,FRED
2022-11-01,US,us_wti,"WTI Crude Oil (Cushing, OK)",88.36,USD/barrel,D,FRED
2022-11-02,US,us_wti,"WTI Crude Oil (Cushing, OK)",90.06,USD/barrel,D,FRED
2022-11-03,US,us_wti,"WTI Crude Oil (Cushing, OK)",88.14,USD/barrel,D,FRED
2022-11-04,US,us_wti,"WTI Crude Oil (Cushing, OK)",92.58,USD/barrel,D,FRED
2022-11-07,US,us_wti,"WTI Crude Oil (Cushing, OK)",91.8,USD/barrel,D,FRED
2022-11-08,US,us_wti,"WTI Crude Oil (Cushing, OK)",88.8,USD/barrel,D,FRED
2022-11-09,US,us_wti,"WTI Crude Oil (Cushing, OK)",85.79,USD/barrel,D,FRED
2022-11-10,US,us_wti,"WTI Crude Oil (Cushing, OK)",86.52,USD/barrel,D,FRED
2022-11-11,US,us_wti,"WTI Crude Oil (Cushing, OK)",89.14,USD/barrel,D,FRED
2022-11-14,US,us_wti,"WTI Crude Oil (Cushing, OK)",85.85,USD/barrel,D,FRED
2022-11-15,US,us_wti,"WTI Crude Oil (Cushing, OK)",86.87,USD/barrel,D,FRED
2022-11-16,US,us_wti,"WTI Crude Oil (Cushing, OK)",85.62,USD/barrel,D,FRED
2022-11-17,US,us_wti,"WTI Crude Oil (Cushing, OK)",81.69,USD/barrel,D,FRED
2022-11-18,US,us_wti,"WTI Crude Oil (Cushing, OK)",80.07,USD/barrel,D,FRED
2022-11-21,US,us_wti,"WTI Crude Oil (Cushing, OK)",79.74,USD/barrel,D,FRED
2022-11-22,US,us_wti,"WTI Crude Oil (Cushing, OK)",80.83,USD/barrel,D,FRED
2022-11-23,US,us_wti,"WTI Crude Oil (Cushing, OK)",77.93,USD/barrel,D,FRED
2022-11-25,US,us_wti,"WTI Crude Oil (Cushing, OK)",76.45,USD/barrel,D,FRED
2022-11-28,US,us_wti,"WTI Crude Oil (Cushing, OK)",77.1,USD/barrel,D,FRED
2022-11-29,US,us_wti,"WTI Crude Oil (Cushing, OK)",77.96,USD/barrel,D,FRED
2022-11-30,US,us_wti,"WTI Crude Oil (Cushing, OK)",80.48,USD/barrel,D,FRED
2022-12-01,KR,kr_base_rate,한국은행 기준금리,3.25,연%,M,ECOS
2022-12-01,KR,kr_ccsi,소비자심리지수(CCSI),89.7,p (장기평균=100),M,ECOS
2022-12-01,KR,kr_cpi_food,소비자물가지수 — 식료품 및 비주류음료,113.53,2020=100,M,ECOS
2022-12-01,KR,kr_cpi_total,소비자물가지수 — 총지수,109.26,2020=100,M,ECOS
2022-12-01,KR,kr_esi,"경제심리지수(ESI, 원계열)",92.5,p,M,ECOS
2022-12-01,KR,kr_ppi_food,생산자물가지수 — 음식료품,118.54,2020=100,M,ECOS
2022-12-01,US,us_corn,Global Price of Corn (사료비 proxy),302.2354051020408,USD/metric ton,M,FRED
2022-12-01,US,us_food_ppi,PPI: Processed Foods and Feeds,260.136,Index 1982=100,M,FRED
2022-12-01,US,us_soybean,Global Price of Soybeans (사료비),541.831786125,USD/metric ton,M,FRED
2022-12-01,US,us_soybean_meal,"Global Price of Soybean Meal (대두박, 사료 직접 투입재)",500.2088304541818,USD/metric ton,M,FRED
2022-12-01,US,us_wti,"WTI Crude Oil (Cushing, OK)",81.06,USD/barrel,D,FRED
2022-12-02,US,us_wti,"WTI Crude Oil (Cushing, OK)",79.86,USD/barrel,D,FRED
2022-12-05,US,us_wti,"WTI Crude Oil (Cushing, OK)",76.83,USD/barrel,D,FRED
2022-12-06,US,us_wti,"WTI Crude Oil (Cushing, OK)",74.21,USD/barrel,D,FRED
2022-12-07,US,us_wti,"WTI Crude Oil (Cushing, OK)",71.93,USD/barrel,D,FRED
2022-12-08,US,us_wti,"WTI Crude Oil (Cushing, OK)",71.3,USD/barrel,D,FRED
2022-12-09,US,us_wti,"WTI Crude Oil (Cushing, OK)",71.05,USD/barrel,D,FRED
2022-12-12,US,us_wti,"WTI Crude Oil (Cushing, OK)",72.96,USD/barrel,D,FRED
2022-12-13,US,us_wti,"WTI Crude Oil (Cushing, OK)",75.44,USD/barrel,D,FRED
2022-12-14,US,us_wti,"WTI Crude Oil (Cushing, OK)",77.14,USD/barrel,D,FRED
2022-12-15,US,us_wti,"WTI Crude Oil (Cushing, OK)",75.89,USD/barrel,D,FRED
2022-12-16,US,us_wti,"WTI Crude Oil (Cushing, OK)",74.19,USD/barrel,D,FRED
2022-12-19,US,us_wti,"WTI Crude Oil (Cushing, OK)",75.05,USD/barrel,D,FRED
2022-12-20,US,us_wti,"WTI Crude Oil (Cushing, OK)",75.92,USD/barrel,D,FRED
2022-12-21,US,us_wti,"WTI Crude Oil (Cushing, OK)",78.17,USD/barrel,D,FRED
2022-12-22,US,us_wti,"WTI Crude Oil (Cushing, OK)",77.68,USD/barrel,D,FRED
2022-12-23,US,us_wti,"WTI Crude Oil (Cushing, OK)",79.57,USD/barrel,D,FRED
2022-12-27,US,us_wti,"WTI Crude Oil (Cushing, OK)",79.45,USD/barrel,D,FRED
2022-12-28,US,us_wti,"WTI Crude Oil (Cushing, OK)",78.89,USD/barrel,D,FRED
2022-12-29,US,us_wti,"WTI Crude Oil (Cushing, OK)",78.43,USD/barrel,D,FRED
2022-12-30,US,us_wti,"WTI Crude Oil (Cushing, OK)",80.16,USD/barrel,D,FRED
2023-01-01,KR,kr_base_rate,한국은행 기준금리,3.5,연%,M,ECOS
2023-01-01,KR,kr_ccsi,소비자심리지수(CCSI),90.4,p (장기평균=100),M,ECOS
2023-01-01,KR,kr_cpi_food,소비자물가지수 — 식료품 및 비주류음료,115.37,2020=100,M,ECOS
2023-01-01,KR,kr_cpi_total,소비자물가지수 — 총지수,110.07,2020=100,M,ECOS
2023-01-01,KR,kr_esi,"경제심리지수(ESI, 원계열)",91.1,p,M,ECOS
2023-01-01,KR,kr_ppi_food,생산자물가지수 — 음식료품,119.41,2020=100,M,ECOS
2023-01-01,US,us_corn,Global Price of Corn (사료비 proxy),302.8399883928572,USD/metric ton,M,FRED
2023-01-01,US,us_food_ppi,PPI: Processed Foods and Feeds,262.314,Index 1982=100,M,FRED
2023-01-01,US,us_soybean,Global Price of Soybeans (사료비),555.5062881136364,USD/metric ton,M,FRED
2023-01-01,US,us_soybean_meal,"Global Price of Soybean Meal (대두박, 사료 직접 투입재)",534.9266262132273,USD/metric ton,M,FRED
2023-01-03,US,us_wti,"WTI Crude Oil (Cushing, OK)",76.87,USD/barrel,D,FRED
2023-01-04,US,us_wti,"WTI Crude Oil (Cushing, OK)",72.82,USD/barrel,D,FRED
2023-01-05,US,us_wti,"WTI Crude Oil (Cushing, OK)",73.61,USD/barrel,D,FRED
2023-01-06,US,us_wti,"WTI Crude Oil (Cushing, OK)",73.77,USD/barrel,D,FRED
2023-01-09,US,us_wti,"WTI Crude Oil (Cushing, OK)",74.69,USD/barrel,D,FRED
2023-01-10,US,us_wti,"WTI Crude Oil (Cushing, OK)",75.11,USD/barrel,D,FRED
2023-01-11,US,us_wti,"WTI Crude Oil (Cushing, OK)",77.46,USD/barrel,D,FRED
2023-01-12,US,us_wti,"WTI Crude Oil (Cushing, OK)",78.32,USD/barrel,D,FRED
2023-01-13,US,us_wti,"WTI Crude Oil (Cushing, OK)",79.9,USD/barrel,D,FRED
2023-01-17,US,us_wti,"WTI Crude Oil (Cushing, OK)",80.25,USD/barrel,D,FRED
2023-01-18,US,us_wti,"WTI Crude Oil (Cushing, OK)",79.53,USD/barrel,D,FRED
2023-01-19,US,us_wti,"WTI Crude Oil (Cushing, OK)",80.31,USD/barrel,D,FRED
2023-01-20,US,us_wti,"WTI Crude Oil (Cushing, OK)",81.27,USD/barrel,D,FRED
2023-01-23,US,us_wti,"WTI Crude Oil (Cushing, OK)",81.62,USD/barrel,D,FRED
2023-01-24,US,us_wti,"WTI Crude Oil (Cushing, OK)",79.86,USD/barrel,D,FRED
2023-01-25,US,us_wti,"WTI Crude Oil (Cushing, OK)",79.78,USD/barrel,D,FRED
2023-01-26,US,us_wti,"WTI Crude Oil (Cushing, OK)",80.64,USD/barrel,D,FRED
2023-01-27,US,us_wti,"WTI Crude Oil (Cushing, OK)",79.73,USD/barrel,D,FRED
2023-01-30,US,us_wti,"WTI Crude Oil (Cushing, OK)",77.97,USD/barrel,D,FRED
2023-01-31,US,us_wti,"WTI Crude Oil (Cushing, OK)",78.95,USD/barrel,D,FRED
2023-02-01,KR,kr_base_rate,한국은행 기준금리,3.5,연%,M,ECOS
2023-02-01,KR,kr_ccsi,소비자심리지수(CCSI),89.8,p (장기평균=100),M,ECOS
2023-02-01,KR,kr_cpi_food,소비자물가지수 — 식료품 및 비주류음료,115.91,2020=100,M,ECOS
2023-02-01,KR,kr_cpi_total,소비자물가지수 — 총지수,110.33,2020=100,M,ECOS
2023-02-01,KR,kr_esi,"경제심리지수(ESI, 원계열)",92.2,p,M,ECOS
2023-02-01,KR,kr_ppi_food,생산자물가지수 — 음식료품,119.41,2020=100,M,ECOS
2023-02-01,US,us_corn,Global Price of Corn (사료비 proxy),298.2453033834586,USD/metric ton,M,FRED
2023-02-01,US,us_food_ppi,PPI: Processed Foods and Feeds,259.661,Index 1982=100,M,FRED
2023-02-01,US,us_soybean,Global Price of Soybeans (사료비),561.2921682375,USD/metric ton,M,FRED
2023-02-01,US,us_soybean_meal,"Global Price of Soybean Meal (대두박, 사료 직접 투입재)",543.25759446385,USD/metric ton,M,FRED
2023-02-01,US,us_wti,"WTI Crude Oil (Cushing, OK)",76.34,USD/barrel,D,FRED
2023-02-02,US,us_wti,"WTI Crude Oil (Cushing, OK)",75.87,USD/barrel,D,FRED
2023-02-03,US,us_wti,"WTI Crude Oil (Cushing, OK)",73.4,USD/barrel,D,FRED
2023-02-06,US,us_wti,"WTI Crude Oil (Cushing, OK)",74.11,USD/barrel,D,FRED
2023-02-07,US,us_wti,"WTI Crude Oil (Cushing, OK)",77.17,USD/barrel,D,FRED
2023-02-08,US,us_wti,"WTI Crude Oil (Cushing, OK)",78.47,USD/barrel,D,FRED
2023-02-09,US,us_wti,"WTI Crude Oil (Cushing, OK)",78.04,USD/barrel,D,FRED
2023-02-10,US,us_wti,"WTI Crude Oil (Cushing, OK)",79.74,USD/barrel,D,FRED
2023-02-13,US,us_wti,"WTI Crude Oil (Cushing, OK)",80.14,USD/barrel,D,FRED
2023-02-14,US,us_wti,"WTI Crude Oil (Cushing, OK)",79.08,USD/barrel,D,FRED
2023-02-15,US,us_wti,"WTI Crude Oil (Cushing, OK)",78.57,USD/barrel,D,FRED
2023-02-16,US,us_wti,"WTI Crude Oil (Cushing, OK)",78.45,USD/barrel,D,FRED
2023-02-17,US,us_wti,"WTI Crude Oil (Cushing, OK)",76.31,USD/barrel,D,FRED
2023-02-21,US,us_wti,"WTI Crude Oil (Cushing, OK)",76.28,USD/barrel,D,FRED
2023-02-22,US,us_wti,"WTI Crude Oil (Cushing, OK)",73.95,USD/barrel,D,FRED
2023-02-23,US,us_wti,"WTI Crude Oil (Cushing, OK)",75.26,USD/barrel,D,FRED
2023-02-24,US,us_wti,"WTI Crude Oil (Cushing, OK)",76.19,USD/barrel,D,FRED
2023-02-27,US,us_wti,"WTI Crude Oil (Cushing, OK)",75.57,USD/barrel,D,FRED
2023-02-28,US,us_wti,"WTI Crude Oil (Cushing, OK)",76.88,USD/barrel,D,FRED
2023-03-01,KR,kr_base_rate,한국은행 기준금리,3.5,연%,M,ECOS
2023-03-01,KR,kr_ccsi,소비자심리지수(CCSI),91.7,p (장기평균=100),M,ECOS
2023-03-01,KR,kr_cpi_food,소비자물가지수 — 식료품 및 비주류음료,116.46,2020=100,M,ECOS
2023-03-01,KR,kr_cpi_total,소비자물가지수 — 총지수,110.52,2020=100,M,ECOS
2023-03-01,KR,kr_esi,"경제심리지수(ESI, 원계열)",92.3,p,M,ECOS
2023-03-01,KR,kr_ppi_food,생산자물가지수 — 음식료품,119.63,2020=100,M,ECOS
2023-03-01,US,us_corn,Global Price of Corn (사료비 proxy),284.9574049689442,USD/metric ton,M,FRED
2023-03-01,US,us_food_ppi,PPI: Processed Foods and Feeds,261.284,Index 1982=100,M,FRED
2023-03-01,US,us_soybean,Global Price of Soybeans (사료비),547.2255216521739,USD/metric ton,M,FRED
2023-03-01,US,us_soybean_meal,"Global Price of Soybean Meal (대두박, 사료 직접 투입재)",523.9525289323478,USD/metric ton,M,FRED
2023-03-01,US,us_wti,"WTI Crude Oil (Cushing, OK)",77.57,USD/barrel,D,FRED
2023-03-02,US,us_wti,"WTI Crude Oil (Cushing, OK)",78.05,USD/barrel,D,FRED
2023-03-03,US,us_wti,"WTI Crude Oil (Cushing, OK)",79.62,USD/barrel,D,FRED
2023-03-06,US,us_wti,"WTI Crude Oil (Cushing, OK)",80.39,USD/barrel,D,FRED
2023-03-07,US,us_wti,"WTI Crude Oil (Cushing, OK)",77.45,USD/barrel,D,FRED
2023-03-08,US,us_wti,"WTI Crude Oil (Cushing, OK)",76.56,USD/barrel,D,FRED
2023-03-09,US,us_wti,"WTI Crude Oil (Cushing, OK)",75.6,USD/barrel,D,FRED
2023-03-10,US,us_wti,"WTI Crude Oil (Cushing, OK)",76.55,USD/barrel,D,FRED
2023-03-13,US,us_wti,"WTI Crude Oil (Cushing, OK)",74.68,USD/barrel,D,FRED
2023-03-14,US,us_wti,"WTI Crude Oil (Cushing, OK)",71.18,USD/barrel,D,FRED
2023-03-15,US,us_wti,"WTI Crude Oil (Cushing, OK)",67.38,USD/barrel,D,FRED
2023-03-16,US,us_wti,"WTI Crude Oil (Cushing, OK)",68.15,USD/barrel,D,FRED
2023-03-17,US,us_wti,"WTI Crude Oil (Cushing, OK)",66.61,USD/barrel,D,FRED
2023-03-20,US,us_wti,"WTI Crude Oil (Cushing, OK)",67.56,USD/barrel,D,FRED
2023-03-21,US,us_wti,"WTI Crude Oil (Cushing, OK)",69.4,USD/barrel,D,FRED
2023-03-22,US,us_wti,"WTI Crude Oil (Cushing, OK)",70.71,USD/barrel,D,FRED
2023-03-23,US,us_wti,"WTI Crude Oil (Cushing, OK)",69.77,USD/barrel,D,FRED
2023-03-24,US,us_wti,"WTI Crude Oil (Cushing, OK)",69.22,USD/barrel,D,FRED
2023-03-27,US,us_wti,"WTI Crude Oil (Cushing, OK)",72.87,USD/barrel,D,FRED
2023-03-28,US,us_wti,"WTI Crude Oil (Cushing, OK)",73.12,USD/barrel,D,FRED
2023-03-29,US,us_wti,"WTI Crude Oil (Cushing, OK)",72.95,USD/barrel,D,FRED
2023-03-30,US,us_wti,"WTI Crude Oil (Cushing, OK)",74.32,USD/barrel,D,FRED
2023-03-31,US,us_wti,"WTI Crude Oil (Cushing, OK)",75.68,USD/barrel,D,FRED
2023-04-01,KR,kr_base_rate,한국은행 기준금리,3.5,연%,M,ECOS
2023-04-01,KR,kr_ccsi,소비자심리지수(CCSI),94.9,p (장기평균=100),M,ECOS
2023-04-01,KR,kr_cpi_food,소비자물가지수 — 식료품 및 비주류음료,115.9,2020=100,M,ECOS
2023-04-01,KR,kr_cpi_total,소비자물가지수 — 총지수,110.77,2020=100,M,ECOS
2023-04-01,KR,kr_esi,"경제심리지수(ESI, 원계열)",94.8,p,M,ECOS
2023-04-01,KR,kr_ppi_food,생산자물가지수 — 음식료품,120.02,2020=100,M,ECOS
2023-04-01,US,us_corn,Global Price of Corn (사료비 proxy),291.1797449248119,USD/metric ton,M,FRED
2023-04-01,US,us_food_ppi,PPI: Processed Foods and Feeds,260.061,Index 1982=100,M,FRED
2023-04-01,US,us_soybean,Global Price of Soybeans (사료비),546.87485895,USD/metric ton,M,FRED
2023-04-01,US,us_soybean_meal,"Global Price of Soybean Meal (대두박, 사료 직접 투입재)",496.83926519975,USD/metric ton,M,FRED
2023-04-03,US,us_wti,"WTI Crude Oil (Cushing, OK)",80.4,USD/barrel,D,FRED
2023-04-04,US,us_wti,"WTI Crude Oil (Cushing, OK)",80.7,USD/barrel,D,FRED
2023-04-05,US,us_wti,"WTI Crude Oil (Cushing, OK)",80.69,USD/barrel,D,FRED
2023-04-06,US,us_wti,"WTI Crude Oil (Cushing, OK)",80.7,USD/barrel,D,FRED
2023-04-10,US,us_wti,"WTI Crude Oil (Cushing, OK)",79.79,USD/barrel,D,FRED
2023-04-11,US,us_wti,"WTI Crude Oil (Cushing, OK)",81.54,USD/barrel,D,FRED
2023-04-12,US,us_wti,"WTI Crude Oil (Cushing, OK)",83.26,USD/barrel,D,FRED
2023-04-13,US,us_wti,"WTI Crude Oil (Cushing, OK)",82.16,USD/barrel,D,FRED
2023-04-14,US,us_wti,"WTI Crude Oil (Cushing, OK)",82.58,USD/barrel,D,FRED
2023-04-17,US,us_wti,"WTI Crude Oil (Cushing, OK)",80.93,USD/barrel,D,FRED
2023-04-18,US,us_wti,"WTI Crude Oil (Cushing, OK)",80.85,USD/barrel,D,FRED
2023-04-19,US,us_wti,"WTI Crude Oil (Cushing, OK)",79.18,USD/barrel,D,FRED
2023-04-20,US,us_wti,"WTI Crude Oil (Cushing, OK)",77.27,USD/barrel,D,FRED
2023-04-21,US,us_wti,"WTI Crude Oil (Cushing, OK)",77.86,USD/barrel,D,FRED
2023-04-24,US,us_wti,"WTI Crude Oil (Cushing, OK)",78.64,USD/barrel,D,FRED
2023-04-25,US,us_wti,"WTI Crude Oil (Cushing, OK)",77.05,USD/barrel,D,FRED
2023-04-26,US,us_wti,"WTI Crude Oil (Cushing, OK)",74.33,USD/barrel,D,FRED
2023-04-27,US,us_wti,"WTI Crude Oil (Cushing, OK)",74.77,USD/barrel,D,FRED
2023-04-28,US,us_wti,"WTI Crude Oil (Cushing, OK)",76.78,USD/barrel,D,FRED
2023-05-01,KR,kr_base_rate,한국은행 기준금리,3.5,연%,M,ECOS
2023-05-01,KR,kr_ccsi,소비자심리지수(CCSI),97.9,p (장기평균=100),M,ECOS
2023-05-01,KR,kr_cpi_food,소비자물가지수 — 식료품 및 비주류음료,115.99,2020=100,M,ECOS
2023-05-01,KR,kr_cpi_total,소비자물가지수 — 총지수,111.13,2020=100,M,ECOS
2023-05-01,KR,kr_esi,"경제심리지수(ESI, 원계열)",95.3,p,M,ECOS
2023-05-01,KR,kr_ppi_food,생산자물가지수 — 음식료품,120.22,2020=100,M,ECOS
2023-05-01,US,us_corn,Global Price of Corn (사료비 proxy),268.1725263605443,USD/metric ton,M,FRED
2023-05-01,US,us_food_ppi,PPI: Processed Foods and Feeds,260.651,Index 1982=100,M,FRED
2023-05-01,US,us_soybean,Global Price of Soybeans (사료비),508.3450956195652,USD/metric ton,M,FRED
2023-05-01,US,us_soybean_meal,"Global Price of Soybean Meal (대두박, 사료 직접 투입재)",459.0551487205652,USD/metric ton,M,FRED
2023-05-01,US,us_wti,"WTI Crude Oil (Cushing, OK)",75.65,USD/barrel,D,FRED
2023-05-02,US,us_wti,"WTI Crude Oil (Cushing, OK)",71.71,USD/barrel,D,FRED
2023-05-03,US,us_wti,"WTI Crude Oil (Cushing, OK)",68.62,USD/barrel,D,FRED
2023-05-04,US,us_wti,"WTI Crude Oil (Cushing, OK)",68.52,USD/barrel,D,FRED
2023-05-05,US,us_wti,"WTI Crude Oil (Cushing, OK)",71.32,USD/barrel,D,FRED
2023-05-08,US,us_wti,"WTI Crude Oil (Cushing, OK)",73.13,USD/barrel,D,FRED
2023-05-09,US,us_wti,"WTI Crude Oil (Cushing, OK)",73.68,USD/barrel,D,FRED
2023-05-10,US,us_wti,"WTI Crude Oil (Cushing, OK)",72.53,USD/barrel,D,FRED
2023-05-11,US,us_wti,"WTI Crude Oil (Cushing, OK)",70.81,USD/barrel,D,FRED
2023-05-12,US,us_wti,"WTI Crude Oil (Cushing, OK)",70.02,USD/barrel,D,FRED
2023-05-15,US,us_wti,"WTI Crude Oil (Cushing, OK)",71.07,USD/barrel,D,FRED
2023-05-16,US,us_wti,"WTI Crude Oil (Cushing, OK)",70.85,USD/barrel,D,FRED
2023-05-17,US,us_wti,"WTI Crude Oil (Cushing, OK)",72.78,USD/barrel,D,FRED
2023-05-18,US,us_wti,"WTI Crude Oil (Cushing, OK)",71.82,USD/barrel,D,FRED
2023-05-19,US,us_wti,"WTI Crude Oil (Cushing, OK)",71.57,USD/barrel,D,FRED
2023-05-22,US,us_wti,"WTI Crude Oil (Cushing, OK)",71.81,USD/barrel,D,FRED
2023-05-23,US,us_wti,"WTI Crude Oil (Cushing, OK)",72.87,USD/barrel,D,FRED
2023-05-24,US,us_wti,"WTI Crude Oil (Cushing, OK)",74.37,USD/barrel,D,FRED
2023-05-25,US,us_wti,"WTI Crude Oil (Cushing, OK)",71.68,USD/barrel,D,FRED
2023-05-26,US,us_wti,"WTI Crude Oil (Cushing, OK)",72.35,USD/barrel,D,FRED
2023-05-30,US,us_wti,"WTI Crude Oil (Cushing, OK)",69.45,USD/barrel,D,FRED
2023-05-31,US,us_wti,"WTI Crude Oil (Cushing, OK)",68.11,USD/barrel,D,FRED
2023-06-01,KR,kr_base_rate,한국은행 기준금리,3.5,연%,M,ECOS
2023-06-01,KR,kr_ccsi,소비자심리지수(CCSI),100.7,p (장기평균=100),M,ECOS
2023-06-01,KR,kr_cpi_food,소비자물가지수 — 식료품 및 비주류음료,116.3,2020=100,M,ECOS
2023-06-01,KR,kr_cpi_total,소비자물가지수 — 총지수,111.16,2020=100,M,ECOS
2023-06-01,KR,kr_esi,"경제심리지수(ESI, 원계열)",96.7,p,M,ECOS
2023-06-01,KR,kr_ppi_food,생산자물가지수 — 음식료품,120.31,2020=100,M,ECOS
2023-06-01,US,us_corn,Global Price of Corn (사료비 proxy),266.9352396258504,USD/metric ton,M,FRED
2023-06-01,US,us_food_ppi,PPI: Processed Foods and Feeds,259.859,Index 1982=100,M,FRED
2023-06-01,US,us_soybean,Global Price of Soybeans (사료비),526.2950466136364,USD/metric ton,M,FRED
2023-06-01,US,us_soybean_meal,"Global Price of Soybean Meal (대두박, 사료 직접 투입재)",448.3601148365455,USD/metric ton,M,FRED
2023-06-01,US,us_wti,"WTI Crude Oil (Cushing, OK)",70.09,USD/barrel,D,FRED
2023-06-02,US,us_wti,"WTI Crude Oil (Cushing, OK)",71.76,USD/barrel,D,FRED
2023-06-05,US,us_wti,"WTI Crude Oil (Cushing, OK)",72.14,USD/barrel,D,FRED
2023-06-06,US,us_wti,"WTI Crude Oil (Cushing, OK)",71.71,USD/barrel,D,FRED
2023-06-07,US,us_wti,"WTI Crude Oil (Cushing, OK)",72.52,USD/barrel,D,FRED
2023-06-08,US,us_wti,"WTI Crude Oil (Cushing, OK)",71.28,USD/barrel,D,FRED
2023-06-09,US,us_wti,"WTI Crude Oil (Cushing, OK)",70.16,USD/barrel,D,FRED
2023-06-12,US,us_wti,"WTI Crude Oil (Cushing, OK)",67.08,USD/barrel,D,FRED
2023-06-13,US,us_wti,"WTI Crude Oil (Cushing, OK)",69.39,USD/barrel,D,FRED
2023-06-14,US,us_wti,"WTI Crude Oil (Cushing, OK)",68.22,USD/barrel,D,FRED
2023-06-15,US,us_wti,"WTI Crude Oil (Cushing, OK)",70.61,USD/barrel,D,FRED
2023-06-16,US,us_wti,"WTI Crude Oil (Cushing, OK)",71.81,USD/barrel,D,FRED
2023-06-20,US,us_wti,"WTI Crude Oil (Cushing, OK)",70.94,USD/barrel,D,FRED
2023-06-21,US,us_wti,"WTI Crude Oil (Cushing, OK)",72.55,USD/barrel,D,FRED
2023-06-22,US,us_wti,"WTI Crude Oil (Cushing, OK)",69.22,USD/barrel,D,FRED
2023-06-23,US,us_wti,"WTI Crude Oil (Cushing, OK)",68.91,USD/barrel,D,FRED
2023-06-26,US,us_wti,"WTI Crude Oil (Cushing, OK)",69.09,USD/barrel,D,FRED
2023-06-27,US,us_wti,"WTI Crude Oil (Cushing, OK)",67.68,USD/barrel,D,FRED
2023-06-28,US,us_wti,"WTI Crude Oil (Cushing, OK)",69.54,USD/barrel,D,FRED
2023-06-29,US,us_wti,"WTI Crude Oil (Cushing, OK)",69.85,USD/barrel,D,FRED
2023-06-30,US,us_wti,"WTI Crude Oil (Cushing, OK)",70.66,USD/barrel,D,FRED
2023-07-01,KR,kr_base_rate,한국은행 기준금리,3.5,연%,M,ECOS
2023-07-01,KR,kr_ccsi,소비자심리지수(CCSI),103.4,p (장기평균=100),M,ECOS
2023-07-01,KR,kr_cpi_food,소비자물가지수 — 식료품 및 비주류음료,117.3,2020=100,M,ECOS
2023-07-01,KR,kr_cpi_total,소비자물가지수 — 총지수,111.29,2020=100,M,ECOS
2023-07-01,KR,kr_esi,"경제심리지수(ESI, 원계열)",95.2,p,M,ECOS
2023-07-01,KR,kr_ppi_food,생산자물가지수 — 음식료품,121.06,2020=100,M,ECOS
2023-07-01,US,us_corn,Global Price of Corn (사료비 proxy),235.2719472789116,USD/metric ton,M,FRED
2023-07-01,US,us_food_ppi,PPI: Processed Foods and Feeds,259.429,Index 1982=100,M,FRED
2023-07-01,US,us_soybean,Global Price of Soybeans (사료비),555.11419625,USD/metric ton,M,FRED
2023-07-01,US,us_soybean_meal,"Global Price of Soybean Meal (대두박, 사료 직접 투입재)",479.6681419957619,USD/metric ton,M,FRED
2023-07-03,US,us_wti,"WTI Crude Oil (Cushing, OK)",69.71,USD/barrel,D,FRED
2023-07-05,US,us_wti,"WTI Crude Oil (Cushing, OK)",71.78,USD/barrel,D,FRED
2023-07-06,US,us_wti,"WTI Crude Oil (Cushing, OK)",71.76,USD/barrel,D,FRED
2023-07-07,US,us_wti,"WTI Crude Oil (Cushing, OK)",73.91,USD/barrel,D,FRED
2023-07-10,US,us_wti,"WTI Crude Oil (Cushing, OK)",73.05,USD/barrel,D,FRED
2023-07-11,US,us_wti,"WTI Crude Oil (Cushing, OK)",74.87,USD/barrel,D,FRED
2023-07-12,US,us_wti,"WTI Crude Oil (Cushing, OK)",75.77,USD/barrel,D,FRED
2023-07-13,US,us_wti,"WTI Crude Oil (Cushing, OK)",76.86,USD/barrel,D,FRED
2023-07-14,US,us_wti,"WTI Crude Oil (Cushing, OK)",75.44,USD/barrel,D,FRED
2023-07-17,US,us_wti,"WTI Crude Oil (Cushing, OK)",74.17,USD/barrel,D,FRED
2023-07-18,US,us_wti,"WTI Crude Oil (Cushing, OK)",75.76,USD/barrel,D,FRED
2023-07-19,US,us_wti,"WTI Crude Oil (Cushing, OK)",75.4,USD/barrel,D,FRED
2023-07-20,US,us_wti,"WTI Crude Oil (Cushing, OK)",75.65,USD/barrel,D,FRED
2023-07-21,US,us_wti,"WTI Crude Oil (Cushing, OK)",77.06,USD/barrel,D,FRED
2023-07-24,US,us_wti,"WTI Crude Oil (Cushing, OK)",78.81,USD/barrel,D,FRED
2023-07-25,US,us_wti,"WTI Crude Oil (Cushing, OK)",79.76,USD/barrel,D,FRED
2023-07-26,US,us_wti,"WTI Crude Oil (Cushing, OK)",79.11,USD/barrel,D,FRED
2023-07-27,US,us_wti,"WTI Crude Oil (Cushing, OK)",80.17,USD/barrel,D,FRED
2023-07-28,US,us_wti,"WTI Crude Oil (Cushing, OK)",80.55,USD/barrel,D,FRED
2023-07-31,US,us_wti,"WTI Crude Oil (Cushing, OK)",81.8,USD/barrel,D,FRED
2023-08-01,KR,kr_base_rate,한국은행 기준금리,3.5,연%,M,ECOS
2023-08-01,KR,kr_ccsi,소비자심리지수(CCSI),103.2,p (장기평균=100),M,ECOS
2023-08-01,KR,kr_cpi_food,소비자물가지수 — 식료품 및 비주류음료,120.53,2020=100,M,ECOS
2023-08-01,KR,kr_cpi_total,소비자물가지수 — 총지수,112.28,2020=100,M,ECOS
2023-08-01,KR,kr_esi,"경제심리지수(ESI, 원계열)",95.1,p,M,ECOS
2023-08-01,KR,kr_ppi_food,생산자물가지수 — 음식료품,120.93,2020=100,M,ECOS
2023-08-01,US,us_corn,Global Price of Corn (사료비 proxy),207.6758886645963,USD/metric ton,M,FRED
2023-08-01,US,us_food_ppi,PPI: Processed Foods and Feeds,260.617,Index 1982=100,M,FRED
2023-08-01,US,us_soybean,Global Price of Soybeans (사료비),510.150329576087,USD/metric ton,M,FRED
2023-08-01,US,us_soybean_meal,"Global Price of Soybean Meal (대두박, 사료 직접 투입재)",470.1980782673043,USD/metric ton,M,FRED
2023-08-01,US,us_wti,"WTI Crude Oil (Cushing, OK)",81.37,USD/barrel,D,FRED
2023-08-02,US,us_wti,"WTI Crude Oil (Cushing, OK)",79.5,USD/barrel,D,FRED
2023-08-03,US,us_wti,"WTI Crude Oil (Cushing, OK)",81.56,USD/barrel,D,FRED
2023-08-04,US,us_wti,"WTI Crude Oil (Cushing, OK)",82.76,USD/barrel,D,FRED
2023-08-07,US,us_wti,"WTI Crude Oil (Cushing, OK)",81.94,USD/barrel,D,FRED
2023-08-08,US,us_wti,"WTI Crude Oil (Cushing, OK)",82.94,USD/barrel,D,FRED
2023-08-09,US,us_wti,"WTI Crude Oil (Cushing, OK)",84.35,USD/barrel,D,FRED
2023-08-10,US,us_wti,"WTI Crude Oil (Cushing, OK)",82.81,USD/barrel,D,FRED
2023-08-11,US,us_wti,"WTI Crude Oil (Cushing, OK)",83.17,USD/barrel,D,FRED
2023-08-14,US,us_wti,"WTI Crude Oil (Cushing, OK)",82.5,USD/barrel,D,FRED
2023-08-15,US,us_wti,"WTI Crude Oil (Cushing, OK)",81.06,USD/barrel,D,FRED
2023-08-16,US,us_wti,"WTI Crude Oil (Cushing, OK)",79.4,USD/barrel,D,FRED
2023-08-17,US,us_wti,"WTI Crude Oil (Cushing, OK)",80.43,USD/barrel,D,FRED
2023-08-18,US,us_wti,"WTI Crude Oil (Cushing, OK)",81.25,USD/barrel,D,FRED
2023-08-21,US,us_wti,"WTI Crude Oil (Cushing, OK)",80.71,USD/barrel,D,FRED
2023-08-22,US,us_wti,"WTI Crude Oil (Cushing, OK)",80.25,USD/barrel,D,FRED
2023-08-23,US,us_wti,"WTI Crude Oil (Cushing, OK)",78.91,USD/barrel,D,FRED
2023-08-24,US,us_wti,"WTI Crude Oil (Cushing, OK)",79.52,USD/barrel,D,FRED
2023-08-25,US,us_wti,"WTI Crude Oil (Cushing, OK)",80.47,USD/barrel,D,FRED
2023-08-28,US,us_wti,"WTI Crude Oil (Cushing, OK)",80.65,USD/barrel,D,FRED
2023-08-29,US,us_wti,"WTI Crude Oil (Cushing, OK)",81.14,USD/barrel,D,FRED
2023-08-30,US,us_wti,"WTI Crude Oil (Cushing, OK)",81.64,USD/barrel,D,FRED
2023-08-31,US,us_wti,"WTI Crude Oil (Cushing, OK)",83.55,USD/barrel,D,FRED
2023-09-01,KR,kr_base_rate,한국은행 기준금리,3.5,연%,M,ECOS
2023-09-01,KR,kr_ccsi,소비자심리지수(CCSI),99.7,p (장기평균=100),M,ECOS
2023-09-01,KR,kr_cpi_food,소비자물가지수 — 식료품 및 비주류음료,122.46,2020=100,M,ECOS
2023-09-01,KR,kr_cpi_total,소비자물가지수 — 총지수,112.85,2020=100,M,ECOS
2023-09-01,KR,kr_esi,"경제심리지수(ESI, 원계열)",93.7,p,M,ECOS
2023-09-01,KR,kr_ppi_food,생산자물가지수 — 음식료품,120.72,2020=100,M,ECOS
2023-09-01,US,us_corn,Global Price of Corn (사료비 proxy),223.8476664285715,USD/metric ton,M,FRED
2023-09-01,US,us_food_ppi,PPI: Processed Foods and Feeds,261.778,Index 1982=100,M,FRED
2023-09-01,US,us_soybean,Global Price of Soybeans (사료비),487.151474,USD/metric ton,M,FRED
2023-09-01,US,us_soybean_meal,"Global Price of Soybean Meal (대두박, 사료 직접 투입재)",439.4390282822381,USD/metric ton,M,FRED
2023-09-01,US,us_wti,"WTI Crude Oil (Cushing, OK)",85.52,USD/barrel,D,FRED
2023-09-05,US,us_wti,"WTI Crude Oil (Cushing, OK)",86.74,USD/barrel,D,FRED
2023-09-06,US,us_wti,"WTI Crude Oil (Cushing, OK)",87.55,USD/barrel,D,FRED
2023-09-07,US,us_wti,"WTI Crude Oil (Cushing, OK)",86.87,USD/barrel,D,FRED
2023-09-08,US,us_wti,"WTI Crude Oil (Cushing, OK)",87.51,USD/barrel,D,FRED
2023-09-11,US,us_wti,"WTI Crude Oil (Cushing, OK)",87.3,USD/barrel,D,FRED
2023-09-12,US,us_wti,"WTI Crude Oil (Cushing, OK)",88.87,USD/barrel,D,FRED
2023-09-13,US,us_wti,"WTI Crude Oil (Cushing, OK)",88.59,USD/barrel,D,FRED
2023-09-14,US,us_wti,"WTI Crude Oil (Cushing, OK)",90.13,USD/barrel,D,FRED
2023-09-15,US,us_wti,"WTI Crude Oil (Cushing, OK)",90.83,USD/barrel,D,FRED
2023-09-18,US,us_wti,"WTI Crude Oil (Cushing, OK)",91.47,USD/barrel,D,FRED
2023-09-19,US,us_wti,"WTI Crude Oil (Cushing, OK)",91.16,USD/barrel,D,FRED
2023-09-20,US,us_wti,"WTI Crude Oil (Cushing, OK)",89.2,USD/barrel,D,FRED
2023-09-21,US,us_wti,"WTI Crude Oil (Cushing, OK)",89.56,USD/barrel,D,FRED
2023-09-22,US,us_wti,"WTI Crude Oil (Cushing, OK)",90.0,USD/barrel,D,FRED
2023-09-25,US,us_wti,"WTI Crude Oil (Cushing, OK)",89.68,USD/barrel,D,FRED
2023-09-26,US,us_wti,"WTI Crude Oil (Cushing, OK)",91.43,USD/barrel,D,FRED
2023-09-27,US,us_wti,"WTI Crude Oil (Cushing, OK)",93.67,USD/barrel,D,FRED
2023-09-28,US,us_wti,"WTI Crude Oil (Cushing, OK)",91.65,USD/barrel,D,FRED
2023-09-29,US,us_wti,"WTI Crude Oil (Cushing, OK)",90.77,USD/barrel,D,FRED
2023-10-01,KR,kr_base_rate,한국은행 기준금리,3.5,연%,M,ECOS
2023-10-01,KR,kr_ccsi,소비자심리지수(CCSI),98.0,p (장기평균=100),M,ECOS
2023-10-01,KR,kr_cpi_food,소비자물가지수 — 식료품 및 비주류음료,122.85,2020=100,M,ECOS
2023-10-01,KR,kr_cpi_total,소비자물가지수 — 총지수,113.27,2020=100,M,ECOS
2023-10-01,KR,kr_esi,"경제심리지수(ESI, 원계열)",92.8,p,M,ECOS
2023-10-01,KR,kr_ppi_food,생산자물가지수 — 음식료품,120.91,2020=100,M,ECOS
2023-10-01,US,us_corn,Global Price of Corn (사료비 proxy),221.90251875,USD/metric ton,M,FRED
2023-10-01,US,us_food_ppi,PPI: Processed Foods and Feeds,261.355,Index 1982=100,M,FRED
2023-10-01,US,us_soybean,Global Price of Soybeans (사료비),471.9310722954545,USD/metric ton,M,FRED
2023-10-01,US,us_soybean_meal,"Global Price of Soybean Meal (대두박, 사료 직접 투입재)",440.7792193273182,USD/metric ton,M,FRED
2023-10-02,US,us_wti,"WTI Crude Oil (Cushing, OK)",88.81,USD/barrel,D,FRED
2023-10-03,US,us_wti,"WTI Crude Oil (Cushing, OK)",89.26,USD/barrel,D,FRED
2023-10-04,US,us_wti,"WTI Crude Oil (Cushing, OK)",84.32,USD/barrel,D,FRED
2023-10-05,US,us_wti,"WTI Crude Oil (Cushing, OK)",82.3,USD/barrel,D,FRED
2023-10-06,US,us_wti,"WTI Crude Oil (Cushing, OK)",82.83,USD/barrel,D,FRED
2023-10-10,US,us_wti,"WTI Crude Oil (Cushing, OK)",85.89,USD/barrel,D,FRED
2023-10-11,US,us_wti,"WTI Crude Oil (Cushing, OK)",83.7,USD/barrel,D,FRED
2023-10-12,US,us_wti,"WTI Crude Oil (Cushing, OK)",82.87,USD/barrel,D,FRED
2023-10-13,US,us_wti,"WTI Crude Oil (Cushing, OK)",87.67,USD/barrel,D,FRED
2023-10-16,US,us_wti,"WTI Crude Oil (Cushing, OK)",86.65,USD/barrel,D,FRED
2023-10-17,US,us_wti,"WTI Crude Oil (Cushing, OK)",86.66,USD/barrel,D,FRED
2023-10-18,US,us_wti,"WTI Crude Oil (Cushing, OK)",88.35,USD/barrel,D,FRED
2023-10-19,US,us_wti,"WTI Crude Oil (Cushing, OK)",89.35,USD/barrel,D,FRED
2023-10-20,US,us_wti,"WTI Crude Oil (Cushing, OK)",89.12,USD/barrel,D,FRED
2023-10-23,US,us_wti,"WTI Crude Oil (Cushing, OK)",85.49,USD/barrel,D,FRED
2023-10-24,US,us_wti,"WTI Crude Oil (Cushing, OK)",84.58,USD/barrel,D,FRED
2023-10-25,US,us_wti,"WTI Crude Oil (Cushing, OK)",86.07,USD/barrel,D,FRED
2023-10-26,US,us_wti,"WTI Crude Oil (Cushing, OK)",83.8,USD/barrel,D,FRED
2023-10-27,US,us_wti,"WTI Crude Oil (Cushing, OK)",86.04,USD/barrel,D,FRED
2023-10-30,US,us_wti,"WTI Crude Oil (Cushing, OK)",83.03,USD/barrel,D,FRED
2023-10-31,US,us_wti,"WTI Crude Oil (Cushing, OK)",81.64,USD/barrel,D,FRED
2023-11-01,KR,kr_base_rate,한국은행 기준금리,3.5,연%,M,ECOS
2023-11-01,KR,kr_ccsi,소비자심리지수(CCSI),97.1,p (장기평균=100),M,ECOS
2023-11-01,KR,kr_cpi_food,소비자물가지수 — 식료품 및 비주류음료,119.8,2020=100,M,ECOS
2023-11-01,KR,kr_cpi_total,소비자물가지수 — 총지수,112.68,2020=100,M,ECOS
2023-11-01,KR,kr_esi,"경제심리지수(ESI, 원계열)",92.2,p,M,ECOS
2023-11-01,KR,kr_ppi_food,생산자물가지수 — 음식료품,121.14,2020=100,M,ECOS
2023-11-01,US,us_corn,Global Price of Corn (사료비 proxy),209.0402968303571,USD/metric ton,M,FRED
2023-11-01,US,us_food_ppi,PPI: Processed Foods and Feeds,259.459,Index 1982=100,M,FRED
2023-11-01,US,us_soybean,Global Price of Soybeans (사료비),494.3489047159091,USD/metric ton,M,FRED
2023-11-01,US,us_soybean_meal,"Global Price of Soybean Meal (대두박, 사료 직접 투입재)",498.7106891737727,USD/metric ton,M,FRED
2023-11-01,US,us_wti,"WTI Crude Oil (Cushing, OK)",81.05,USD/barrel,D,FRED
2023-11-02,US,us_wti,"WTI Crude Oil (Cushing, OK)",83.04,USD/barrel,D,FRED
2023-11-03,US,us_wti,"WTI Crude Oil (Cushing, OK)",81.19,USD/barrel,D,FRED
2023-11-06,US,us_wti,"WTI Crude Oil (Cushing, OK)",81.54,USD/barrel,D,FRED
2023-11-07,US,us_wti,"WTI Crude Oil (Cushing, OK)",77.96,USD/barrel,D,FRED
2023-11-08,US,us_wti,"WTI Crude Oil (Cushing, OK)",75.85,USD/barrel,D,FRED
2023-11-09,US,us_wti,"WTI Crude Oil (Cushing, OK)",76.34,USD/barrel,D,FRED
2023-11-13,US,us_wti,"WTI Crude Oil (Cushing, OK)",78.86,USD/barrel,D,FRED
2023-11-14,US,us_wti,"WTI Crude Oil (Cushing, OK)",78.9,USD/barrel,D,FRED
2023-11-15,US,us_wti,"WTI Crude Oil (Cushing, OK)",77.15,USD/barrel,D,FRED
2023-11-16,US,us_wti,"WTI Crude Oil (Cushing, OK)",73.5,USD/barrel,D,FRED
2023-11-17,US,us_wti,"WTI Crude Oil (Cushing, OK)",76.47,USD/barrel,D,FRED
2023-11-20,US,us_wti,"WTI Crude Oil (Cushing, OK)",78.1,USD/barrel,D,FRED
2023-11-21,US,us_wti,"WTI Crude Oil (Cushing, OK)",78.35,USD/barrel,D,FRED
2023-11-22,US,us_wti,"WTI Crude Oil (Cushing, OK)",76.8,USD/barrel,D,FRED
2023-11-24,US,us_wti,"WTI Crude Oil (Cushing, OK)",74.83,USD/barrel,D,FRED
2023-11-27,US,us_wti,"WTI Crude Oil (Cushing, OK)",74.46,USD/barrel,D,FRED
2023-11-28,US,us_wti,"WTI Crude Oil (Cushing, OK)",76.09,USD/barrel,D,FRED
2023-11-29,US,us_wti,"WTI Crude Oil (Cushing, OK)",77.56,USD/barrel,D,FRED
2023-11-30,US,us_wti,"WTI Crude Oil (Cushing, OK)",75.66,USD/barrel,D,FRED
2023-12-01,KR,kr_base_rate,한국은행 기준금리,3.5,연%,M,ECOS
2023-12-01,KR,kr_ccsi,소비자심리지수(CCSI),99.5,p (장기평균=100),M,ECOS
2023-12-01,KR,kr_cpi_food,소비자물가지수 — 식료품 및 비주류음료,120.56,2020=100,M,ECOS
2023-12-01,KR,kr_cpi_total,소비자물가지수 — 총지수,112.73,2020=100,M,ECOS
2023-12-01,KR,kr_esi,"경제심리지수(ESI, 원계열)",92.0,p,M,ECOS
2023-12-01,KR,kr_ppi_food,생산자물가지수 — 음식료품,121.21,2020=100,M,ECOS
2023-12-01,US,us_corn,Global Price of Corn (사료비 proxy),207.3979688909774,USD/metric ton,M,FRED
2023-12-01,US,us_food_ppi,PPI: Processed Foods and Feeds,259.991,Index 1982=100,M,FRED
2023-12-01,US,us_soybean,Global Price of Soybeans (사료비),481.48682025,USD/metric ton,M,FRED
2023-12-01,US,us_soybean_meal,"Global Price of Soybean Meal (대두박, 사료 직접 투입재)",454.2414944450952,USD/metric ton,M,FRED
2023-12-01,US,us_wti,"WTI Crude Oil (Cushing, OK)",73.7,USD/barrel,D,FRED
2023-12-04,US,us_wti,"WTI Crude Oil (Cushing, OK)",72.73,USD/barrel,D,FRED
2023-12-05,US,us_wti,"WTI Crude Oil (Cushing, OK)",71.95,USD/barrel,D,FRED
2023-12-06,US,us_wti,"WTI Crude Oil (Cushing, OK)",68.98,USD/barrel,D,FRED
2023-12-07,US,us_wti,"WTI Crude Oil (Cushing, OK)",69.0,USD/barrel,D,FRED
2023-12-08,US,us_wti,"WTI Crude Oil (Cushing, OK)",70.87,USD/barrel,D,FRED
2023-12-11,US,us_wti,"WTI Crude Oil (Cushing, OK)",70.95,USD/barrel,D,FRED
2023-12-12,US,us_wti,"WTI Crude Oil (Cushing, OK)",68.27,USD/barrel,D,FRED
2023-12-13,US,us_wti,"WTI Crude Oil (Cushing, OK)",69.09,USD/barrel,D,FRED
2023-12-14,US,us_wti,"WTI Crude Oil (Cushing, OK)",71.21,USD/barrel,D,FRED
2023-12-15,US,us_wti,"WTI Crude Oil (Cushing, OK)",71.05,USD/barrel,D,FRED
2023-12-18,US,us_wti,"WTI Crude Oil (Cushing, OK)",72.16,USD/barrel,D,FRED
2023-12-19,US,us_wti,"WTI Crude Oil (Cushing, OK)",73.23,USD/barrel,D,FRED
2023-12-20,US,us_wti,"WTI Crude Oil (Cushing, OK)",73.87,USD/barrel,D,FRED
2023-12-21,US,us_wti,"WTI Crude Oil (Cushing, OK)",73.59,USD/barrel,D,FRED
2023-12-22,US,us_wti,"WTI Crude Oil (Cushing, OK)",73.29,USD/barrel,D,FRED
2023-12-26,US,us_wti,"WTI Crude Oil (Cushing, OK)",75.84,USD/barrel,D,FRED
2023-12-27,US,us_wti,"WTI Crude Oil (Cushing, OK)",74.31,USD/barrel,D,FRED
2023-12-28,US,us_wti,"WTI Crude Oil (Cushing, OK)",72.02,USD/barrel,D,FRED
2023-12-29,US,us_wti,"WTI Crude Oil (Cushing, OK)",71.89,USD/barrel,D,FRED
2024-01-01,KR,kr_base_rate,한국은행 기준금리,3.5,연%,M,ECOS
2024-01-01,KR,kr_ccsi,소비자심리지수(CCSI),101.5,p (장기평균=100),M,ECOS
2024-01-01,KR,kr_cpi_food,소비자물가지수 — 식료품 및 비주류음료,122.2,2020=100,M,ECOS
2024-01-01,KR,kr_cpi_total,소비자물가지수 — 총지수,113.17,2020=100,M,ECOS
2024-01-01,KR,kr_esi,"경제심리지수(ESI, 원계열)",92.2,p,M,ECOS
2024-01-01,KR,kr_ppi_food,생산자물가지수 — 음식료품,121.05,2020=100,M,ECOS
2024-01-01,US,us_corn,Global Price of Corn (사료비 proxy),198.7579285289115,USD/metric ton,M,FRED
2024-01-01,US,us_food_ppi,PPI: Processed Foods and Feeds,258.563,Index 1982=100,M,FRED
2024-01-01,US,us_soybean,Global Price of Soybeans (사료비),452.626469673913,USD/metric ton,M,FRED
2024-01-01,US,us_soybean_meal,"Global Price of Soybean Meal (대두박, 사료 직접 투입재)",401.4186451811739,USD/metric ton,M,FRED
2024-01-02,US,us_wti,"WTI Crude Oil (Cushing, OK)",70.62,USD/barrel,D,FRED
2024-01-03,US,us_wti,"WTI Crude Oil (Cushing, OK)",72.97,USD/barrel,D,FRED
2024-01-04,US,us_wti,"WTI Crude Oil (Cushing, OK)",72.38,USD/barrel,D,FRED
2024-01-05,US,us_wti,"WTI Crude Oil (Cushing, OK)",74.0,USD/barrel,D,FRED
2024-01-08,US,us_wti,"WTI Crude Oil (Cushing, OK)",71.06,USD/barrel,D,FRED
2024-01-09,US,us_wti,"WTI Crude Oil (Cushing, OK)",72.43,USD/barrel,D,FRED
2024-01-10,US,us_wti,"WTI Crude Oil (Cushing, OK)",71.57,USD/barrel,D,FRED
2024-01-11,US,us_wti,"WTI Crude Oil (Cushing, OK)",72.15,USD/barrel,D,FRED
2024-01-12,US,us_wti,"WTI Crude Oil (Cushing, OK)",72.94,USD/barrel,D,FRED
2024-01-16,US,us_wti,"WTI Crude Oil (Cushing, OK)",72.63,USD/barrel,D,FRED
2024-01-17,US,us_wti,"WTI Crude Oil (Cushing, OK)",72.79,USD/barrel,D,FRED
2024-01-18,US,us_wti,"WTI Crude Oil (Cushing, OK)",74.32,USD/barrel,D,FRED
2024-01-19,US,us_wti,"WTI Crude Oil (Cushing, OK)",73.69,USD/barrel,D,FRED
2024-01-22,US,us_wti,"WTI Crude Oil (Cushing, OK)",75.26,USD/barrel,D,FRED
2024-01-23,US,us_wti,"WTI Crude Oil (Cushing, OK)",74.72,USD/barrel,D,FRED
2024-01-24,US,us_wti,"WTI Crude Oil (Cushing, OK)",75.48,USD/barrel,D,FRED
2024-01-25,US,us_wti,"WTI Crude Oil (Cushing, OK)",77.91,USD/barrel,D,FRED
2024-01-26,US,us_wti,"WTI Crude Oil (Cushing, OK)",78.45,USD/barrel,D,FRED
2024-01-29,US,us_wti,"WTI Crude Oil (Cushing, OK)",77.25,USD/barrel,D,FRED
2024-01-30,US,us_wti,"WTI Crude Oil (Cushing, OK)",78.3,USD/barrel,D,FRED
2024-01-31,US,us_wti,"WTI Crude Oil (Cushing, OK)",76.28,USD/barrel,D,FRED
2024-02-01,KR,kr_base_rate,한국은행 기준금리,3.5,연%,M,ECOS
2024-02-01,KR,kr_ccsi,소비자심리지수(CCSI),101.7,p (장기평균=100),M,ECOS
2024-02-01,KR,kr_cpi_food,소비자물가지수 — 식료품 및 비주류음료,123.96,2020=100,M,ECOS
2024-02-01,KR,kr_cpi_total,소비자물가지수 — 총지수,113.78,2020=100,M,ECOS
2024-02-01,KR,kr_esi,"경제심리지수(ESI, 원계열)",94.1,p,M,ECOS
2024-02-01,KR,kr_ppi_food,생산자물가지수 — 음식료품,121.15,2020=100,M,ECOS
2024-02-01,US,us_corn,Global Price of Corn (사료비 proxy),188.9477444642856,USD/metric ton,M,FRED
2024-02-01,US,us_food_ppi,PPI: Processed Foods and Feeds,259.8,Index 1982=100,M,FRED
2024-02-01,US,us_soybean,Global Price of Soybeans (사료비),429.72632,USD/metric ton,M,FRED
2024-02-01,US,us_soybean_meal,"Global Price of Soybean Meal (대두박, 사료 직접 투입재)",379.720000787619,USD/metric ton,M,FRED
2024-02-01,US,us_wti,"WTI Crude Oil (Cushing, OK)",74.36,USD/barrel,D,FRED
2024-02-02,US,us_wti,"WTI Crude Oil (Cushing, OK)",72.72,USD/barrel,D,FRED
2024-02-05,US,us_wti,"WTI Crude Oil (Cushing, OK)",73.21,USD/barrel,D,FRED
2024-02-06,US,us_wti,"WTI Crude Oil (Cushing, OK)",73.83,USD/barrel,D,FRED
2024-02-07,US,us_wti,"WTI Crude Oil (Cushing, OK)",74.26,USD/barrel,D,FRED
2024-02-08,US,us_wti,"WTI Crude Oil (Cushing, OK)",76.67,USD/barrel,D,FRED
2024-02-09,US,us_wti,"WTI Crude Oil (Cushing, OK)",77.26,USD/barrel,D,FRED
2024-02-12,US,us_wti,"WTI Crude Oil (Cushing, OK)",77.34,USD/barrel,D,FRED
2024-02-13,US,us_wti,"WTI Crude Oil (Cushing, OK)",78.28,USD/barrel,D,FRED
2024-02-14,US,us_wti,"WTI Crude Oil (Cushing, OK)",77.09,USD/barrel,D,FRED
2024-02-15,US,us_wti,"WTI Crude Oil (Cushing, OK)",78.47,USD/barrel,D,FRED
2024-02-16,US,us_wti,"WTI Crude Oil (Cushing, OK)",79.65,USD/barrel,D,FRED
2024-02-20,US,us_wti,"WTI Crude Oil (Cushing, OK)",78.72,USD/barrel,D,FRED
2024-02-21,US,us_wti,"WTI Crude Oil (Cushing, OK)",78.89,USD/barrel,D,FRED
2024-02-22,US,us_wti,"WTI Crude Oil (Cushing, OK)",79.64,USD/barrel,D,FRED
2024-02-23,US,us_wti,"WTI Crude Oil (Cushing, OK)",77.6,USD/barrel,D,FRED
2024-02-26,US,us_wti,"WTI Crude Oil (Cushing, OK)",78.53,USD/barrel,D,FRED
2024-02-27,US,us_wti,"WTI Crude Oil (Cushing, OK)",79.8,USD/barrel,D,FRED
2024-02-28,US,us_wti,"WTI Crude Oil (Cushing, OK)",79.44,USD/barrel,D,FRED
2024-02-29,US,us_wti,"WTI Crude Oil (Cushing, OK)",79.22,USD/barrel,D,FRED
2024-03-01,KR,kr_base_rate,한국은행 기준금리,3.5,연%,M,ECOS
2024-03-01,KR,kr_ccsi,소비자심리지수(CCSI),100.5,p (장기평균=100),M,ECOS
2024-03-01,KR,kr_cpi_food,소비자물가지수 — 식료품 및 비주류음료,124.22,2020=100,M,ECOS
2024-03-01,KR,kr_cpi_total,소비자물가지수 — 총지수,113.95,2020=100,M,ECOS
2024-03-01,KR,kr_esi,"경제심리지수(ESI, 원계열)",92.9,p,M,ECOS
2024-03-01,KR,kr_ppi_food,생산자물가지수 — 음식료품,121.04,2020=100,M,ECOS
2024-03-01,US,us_corn,Global Price of Corn (사료비 proxy),190.2272114285714,USD/metric ton,M,FRED
2024-03-01,US,us_food_ppi,PPI: Processed Foods and Feeds,261.938,Index 1982=100,M,FRED
2024-03-01,US,us_soybean,Global Price of Soybeans (사료비),433.52754325,USD/metric ton,M,FRED
2024-03-01,US,us_soybean_meal,"Global Price of Soybean Meal (대두박, 사료 직접 투입재)",371.3161893242381,USD/metric ton,M,FRED
2024-03-01,US,us_wti,"WTI Crude Oil (Cushing, OK)",80.9,USD/barrel,D,FRED
2024-03-04,US,us_wti,"WTI Crude Oil (Cushing, OK)",79.67,USD/barrel,D,FRED
2024-03-05,US,us_wti,"WTI Crude Oil (Cushing, OK)",79.11,USD/barrel,D,FRED
2024-03-06,US,us_wti,"WTI Crude Oil (Cushing, OK)",80.08,USD/barrel,D,FRED
2024-03-07,US,us_wti,"WTI Crude Oil (Cushing, OK)",79.81,USD/barrel,D,FRED
2024-03-08,US,us_wti,"WTI Crude Oil (Cushing, OK)",78.96,USD/barrel,D,FRED
2024-03-11,US,us_wti,"WTI Crude Oil (Cushing, OK)",78.87,USD/barrel,D,FRED
2024-03-12,US,us_wti,"WTI Crude Oil (Cushing, OK)",78.51,USD/barrel,D,FRED
2024-03-13,US,us_wti,"WTI Crude Oil (Cushing, OK)",80.67,USD/barrel,D,FRED
2024-03-14,US,us_wti,"WTI Crude Oil (Cushing, OK)",82.16,USD/barrel,D,FRED
2024-03-15,US,us_wti,"WTI Crude Oil (Cushing, OK)",81.94,USD/barrel,D,FRED
2024-03-18,US,us_wti,"WTI Crude Oil (Cushing, OK)",83.68,USD/barrel,D,FRED
2024-03-19,US,us_wti,"WTI Crude Oil (Cushing, OK)",84.39,USD/barrel,D,FRED
2024-03-20,US,us_wti,"WTI Crude Oil (Cushing, OK)",82.79,USD/barrel,D,FRED
2024-03-21,US,us_wti,"WTI Crude Oil (Cushing, OK)",81.99,USD/barrel,D,FRED
2024-03-22,US,us_wti,"WTI Crude Oil (Cushing, OK)",81.1,USD/barrel,D,FRED
2024-03-25,US,us_wti,"WTI Crude Oil (Cushing, OK)",82.41,USD/barrel,D,FRED
2024-03-26,US,us_wti,"WTI Crude Oil (Cushing, OK)",82.41,USD/barrel,D,FRED
2024-03-27,US,us_wti,"WTI Crude Oil (Cushing, OK)",82.15,USD/barrel,D,FRED
2024-03-28,US,us_wti,"WTI Crude Oil (Cushing, OK)",83.96,USD/barrel,D,FRED
2024-04-01,KR,kr_base_rate,한국은행 기준금리,3.5,연%,M,ECOS
2024-04-01,KR,kr_ccsi,소비자심리지수(CCSI),100.6,p (장기평균=100),M,ECOS
2024-04-01,KR,kr_cpi_food,소비자물가지수 — 식료품 및 비주류음료,122.75,2020=100,M,ECOS
2024-04-01,KR,kr_cpi_total,소비자물가지수 — 총지수,114.01,2020=100,M,ECOS
2024-04-01,KR,kr_esi,"경제심리지수(ESI, 원계열)",95.1,p,M,ECOS
2024-04-01,KR,kr_ppi_food,생산자물가지수 — 음식료품,121.38,2020=100,M,ECOS
2024-04-01,US,us_corn,Global Price of Corn (사료비 proxy),190.9000500000001,USD/metric ton,M,FRED
2024-04-01,US,us_food_ppi,PPI: Processed Foods and Feeds,262.992,Index 1982=100,M,FRED
2024-04-01,US,us_soybean,Global Price of Soybeans (사료비),427.9221407045455,USD/metric ton,M,FRED
2024-04-01,US,us_soybean_meal,"Global Price of Soybean Meal (대두박, 사료 직접 투입재)",373.2325885540909,USD/metric ton,M,FRED
2024-04-01,US,us_wti,"WTI Crude Oil (Cushing, OK)",84.54,USD/barrel,D,FRED
2024-04-02,US,us_wti,"WTI Crude Oil (Cushing, OK)",85.95,USD/barrel,D,FRED
2024-04-03,US,us_wti,"WTI Crude Oil (Cushing, OK)",86.22,USD/barrel,D,FRED
2024-04-04,US,us_wti,"WTI Crude Oil (Cushing, OK)",87.37,USD/barrel,D,FRED
2024-04-05,US,us_wti,"WTI Crude Oil (Cushing, OK)",87.69,USD/barrel,D,FRED
2024-04-08,US,us_wti,"WTI Crude Oil (Cushing, OK)",87.24,USD/barrel,D,FRED
2024-04-09,US,us_wti,"WTI Crude Oil (Cushing, OK)",86.04,USD/barrel,D,FRED
2024-04-10,US,us_wti,"WTI Crude Oil (Cushing, OK)",86.98,USD/barrel,D,FRED
2024-04-11,US,us_wti,"WTI Crude Oil (Cushing, OK)",85.79,USD/barrel,D,FRED
2024-04-12,US,us_wti,"WTI Crude Oil (Cushing, OK)",86.46,USD/barrel,D,FRED
2024-04-15,US,us_wti,"WTI Crude Oil (Cushing, OK)",86.21,USD/barrel,D,FRED
2024-04-16,US,us_wti,"WTI Crude Oil (Cushing, OK)",86.15,USD/barrel,D,FRED
2024-04-17,US,us_wti,"WTI Crude Oil (Cushing, OK)",83.58,USD/barrel,D,FRED
2024-04-18,US,us_wti,"WTI Crude Oil (Cushing, OK)",83.5,USD/barrel,D,FRED
2024-04-19,US,us_wti,"WTI Crude Oil (Cushing, OK)",83.79,USD/barrel,D,FRED
2024-04-22,US,us_wti,"WTI Crude Oil (Cushing, OK)",83.82,USD/barrel,D,FRED
2024-04-23,US,us_wti,"WTI Crude Oil (Cushing, OK)",84.17,USD/barrel,D,FRED
2024-04-24,US,us_wti,"WTI Crude Oil (Cushing, OK)",84.09,USD/barrel,D,FRED
2024-04-25,US,us_wti,"WTI Crude Oil (Cushing, OK)",84.92,USD/barrel,D,FRED
2024-04-26,US,us_wti,"WTI Crude Oil (Cushing, OK)",85.38,USD/barrel,D,FRED
2024-04-29,US,us_wti,"WTI Crude Oil (Cushing, OK)",84.26,USD/barrel,D,FRED
2024-04-30,US,us_wti,"WTI Crude Oil (Cushing, OK)",83.49,USD/barrel,D,FRED
2024-05-01,KR,kr_base_rate,한국은행 기준금리,3.5,연%,M,ECOS
2024-05-01,KR,kr_ccsi,소비자심리지수(CCSI),98.2,p (장기평균=100),M,ECOS
2024-05-01,KR,kr_cpi_food,소비자물가지수 — 식료품 및 비주류음료,121.9,2020=100,M,ECOS
2024-05-01,KR,kr_cpi_total,소비자물가지수 — 총지수,114.1,2020=100,M,ECOS
2024-05-01,KR,kr_esi,"경제심리지수(ESI, 원계열)",94.4,p,M,ECOS
2024-05-01,KR,kr_ppi_food,생산자물가지수 — 음식료품,121.42,2020=100,M,ECOS
2024-05-01,US,us_corn,Global Price of Corn (사료비 proxy),201.0194705357142,USD/metric ton,M,FRED
2024-05-01,US,us_food_ppi,PPI: Processed Foods and Feeds,263.673,Index 1982=100,M,FRED
2024-05-01,US,us_soybean,Global Price of Soybeans (사료비),447.4943333152174,USD/metric ton,M,FRED
2024-05-01,US,us_soybean_meal,"Global Price of Soybean Meal (대두박, 사료 직접 투입재)",408.1571221457826,USD/metric ton,M,FRED
2024-05-01,US,us_wti,"WTI Crude Oil (Cushing, OK)",80.7,USD/barrel,D,FRED
2024-05-02,US,us_wti,"WTI Crude Oil (Cushing, OK)",80.59,USD/barrel,D,FRED
2024-05-03,US,us_wti,"WTI Crude Oil (Cushing, OK)",79.65,USD/barrel,D,FRED
2024-05-06,US,us_wti,"WTI Crude Oil (Cushing, OK)",80.1,USD/barrel,D,FRED
2024-05-07,US,us_wti,"WTI Crude Oil (Cushing, OK)",79.97,USD/barrel,D,FRED
2024-05-08,US,us_wti,"WTI Crude Oil (Cushing, OK)",80.57,USD/barrel,D,FRED
2024-05-09,US,us_wti,"WTI Crude Oil (Cushing, OK)",80.86,USD/barrel,D,FRED
2024-05-10,US,us_wti,"WTI Crude Oil (Cushing, OK)",79.81,USD/barrel,D,FRED
2024-05-13,US,us_wti,"WTI Crude Oil (Cushing, OK)",80.71,USD/barrel,D,FRED
2024-05-14,US,us_wti,"WTI Crude Oil (Cushing, OK)",79.62,USD/barrel,D,FRED
2024-05-15,US,us_wti,"WTI Crude Oil (Cushing, OK)",80.23,USD/barrel,D,FRED
2024-05-16,US,us_wti,"WTI Crude Oil (Cushing, OK)",80.85,USD/barrel,D,FRED
2024-05-17,US,us_wti,"WTI Crude Oil (Cushing, OK)",81.66,USD/barrel,D,FRED
2024-05-20,US,us_wti,"WTI Crude Oil (Cushing, OK)",81.39,USD/barrel,D,FRED
2024-05-21,US,us_wti,"WTI Crude Oil (Cushing, OK)",80.66,USD/barrel,D,FRED
2024-05-22,US,us_wti,"WTI Crude Oil (Cushing, OK)",79.15,USD/barrel,D,FRED
2024-05-23,US,us_wti,"WTI Crude Oil (Cushing, OK)",77.47,USD/barrel,D,FRED
2024-05-24,US,us_wti,"WTI Crude Oil (Cushing, OK)",78.48,USD/barrel,D,FRED
2024-05-28,US,us_wti,"WTI Crude Oil (Cushing, OK)",80.9,USD/barrel,D,FRED
2024-05-29,US,us_wti,"WTI Crude Oil (Cushing, OK)",80.24,USD/barrel,D,FRED
2024-05-30,US,us_wti,"WTI Crude Oil (Cushing, OK)",78.96,USD/barrel,D,FRED
2024-05-31,US,us_wti,"WTI Crude Oil (Cushing, OK)",77.97,USD/barrel,D,FRED
2024-06-01,KR,kr_base_rate,한국은행 기준금리,3.5,연%,M,ECOS
2024-06-01,KR,kr_ccsi,소비자심리지수(CCSI),100.7,p (장기평균=100),M,ECOS
2024-06-01,KR,kr_cpi_food,소비자물가지수 — 식료품 및 비주류음료,120.68,2020=100,M,ECOS
2024-06-01,KR,kr_cpi_total,소비자물가지수 — 총지수,113.84,2020=100,M,ECOS
2024-06-01,KR,kr_esi,"경제심리지수(ESI, 원계열)",95.4,p,M,ECOS
2024-06-01,KR,kr_ppi_food,생산자물가지수 — 음식료품,121.55,2020=100,M,ECOS
2024-06-01,US,us_corn,Global Price of Corn (사료비 proxy),191.2409429464286,USD/metric ton,M,FRED
2024-06-01,US,us_food_ppi,PPI: Processed Foods and Feeds,265.221,Index 1982=100,M,FRED
2024-06-01,US,us_soybean,Global Price of Soybeans (사료비),430.9714502625,USD/metric ton,M,FRED
2024-06-01,US,us_soybean_meal,"Global Price of Soybean Meal (대두박, 사료 직접 투입재)",399.65950011015,USD/metric ton,M,FRED
2024-06-03,US,us_wti,"WTI Crude Oil (Cushing, OK)",75.26,USD/barrel,D,FRED
2024-06-04,US,us_wti,"WTI Crude Oil (Cushing, OK)",74.27,USD/barrel,D,FRED
2024-06-05,US,us_wti,"WTI Crude Oil (Cushing, OK)",75.08,USD/barrel,D,FRED
2024-06-06,US,us_wti,"WTI Crude Oil (Cushing, OK)",76.52,USD/barrel,D,FRED
2024-06-07,US,us_wti,"WTI Crude Oil (Cushing, OK)",76.53,USD/barrel,D,FRED
2024-06-10,US,us_wti,"WTI Crude Oil (Cushing, OK)",78.75,USD/barrel,D,FRED
2024-06-11,US,us_wti,"WTI Crude Oil (Cushing, OK)",78.88,USD/barrel,D,FRED
2024-06-12,US,us_wti,"WTI Crude Oil (Cushing, OK)",79.56,USD/barrel,D,FRED
2024-06-13,US,us_wti,"WTI Crude Oil (Cushing, OK)",79.61,USD/barrel,D,FRED
2024-06-14,US,us_wti,"WTI Crude Oil (Cushing, OK)",79.41,USD/barrel,D,FRED
2024-06-17,US,us_wti,"WTI Crude Oil (Cushing, OK)",81.33,USD/barrel,D,FRED
2024-06-18,US,us_wti,"WTI Crude Oil (Cushing, OK)",82.67,USD/barrel,D,FRED
2024-06-20,US,us_wti,"WTI Crude Oil (Cushing, OK)",83.34,USD/barrel,D,FRED
2024-06-21,US,us_wti,"WTI Crude Oil (Cushing, OK)",81.71,USD/barrel,D,FRED
2024-06-24,US,us_wti,"WTI Crude Oil (Cushing, OK)",82.63,USD/barrel,D,FRED
2024-06-25,US,us_wti,"WTI Crude Oil (Cushing, OK)",81.97,USD/barrel,D,FRED
2024-06-26,US,us_wti,"WTI Crude Oil (Cushing, OK)",82.19,USD/barrel,D,FRED
2024-06-27,US,us_wti,"WTI Crude Oil (Cushing, OK)",83.04,USD/barrel,D,FRED
2024-06-28,US,us_wti,"WTI Crude Oil (Cushing, OK)",82.83,USD/barrel,D,FRED
2024-07-01,KR,kr_base_rate,한국은행 기준금리,3.5,연%,M,ECOS
2024-07-01,KR,kr_ccsi,소비자심리지수(CCSI),103.6,p (장기평균=100),M,ECOS
2024-07-01,KR,kr_cpi_food,소비자물가지수 — 식료품 및 비주류음료,121.54,2020=100,M,ECOS
2024-07-01,KR,kr_cpi_total,소비자물가지수 — 총지수,114.13,2020=100,M,ECOS
2024-07-01,KR,kr_esi,"경제심리지수(ESI, 원계열)",96.7,p,M,ECOS
2024-07-01,KR,kr_ppi_food,생산자물가지수 — 음식료품,122.23,2020=100,M,ECOS
2024-07-01,US,us_corn,Global Price of Corn (사료비 proxy),177.7677084464286,USD/metric ton,M,FRED
2024-07-01,US,us_food_ppi,PPI: Processed Foods and Feeds,266.343,Index 1982=100,M,FRED
2024-07-01,US,us_soybean,Global Price of Soybeans (사료비),411.0821253913043,USD/metric ton,M,FRED
2024-07-01,US,us_soybean_meal,"Global Price of Soybean Meal (대두박, 사료 직접 투입재)",393.9948181412174,USD/metric ton,M,FRED
2024-07-01,US,us_wti,"WTI Crude Oil (Cushing, OK)",84.7,USD/barrel,D,FRED
2024-07-02,US,us_wti,"WTI Crude Oil (Cushing, OK)",84.09,USD/barrel,D,FRED
2024-07-03,US,us_wti,"WTI Crude Oil (Cushing, OK)",85.19,USD/barrel,D,FRED
2024-07-05,US,us_wti,"WTI Crude Oil (Cushing, OK)",84.44,USD/barrel,D,FRED
2024-07-08,US,us_wti,"WTI Crude Oil (Cushing, OK)",83.63,USD/barrel,D,FRED
2024-07-09,US,us_wti,"WTI Crude Oil (Cushing, OK)",82.78,USD/barrel,D,FRED
2024-07-10,US,us_wti,"WTI Crude Oil (Cushing, OK)",83.39,USD/barrel,D,FRED
2024-07-11,US,us_wti,"WTI Crude Oil (Cushing, OK)",83.92,USD/barrel,D,FRED
2024-07-12,US,us_wti,"WTI Crude Oil (Cushing, OK)",83.49,USD/barrel,D,FRED
2024-07-15,US,us_wti,"WTI Crude Oil (Cushing, OK)",83.22,USD/barrel,D,FRED
2024-07-16,US,us_wti,"WTI Crude Oil (Cushing, OK)",81.92,USD/barrel,D,FRED
2024-07-17,US,us_wti,"WTI Crude Oil (Cushing, OK)",84.16,USD/barrel,D,FRED
2024-07-18,US,us_wti,"WTI Crude Oil (Cushing, OK)",84.17,USD/barrel,D,FRED
2024-07-19,US,us_wti,"WTI Crude Oil (Cushing, OK)",81.43,USD/barrel,D,FRED
2024-07-22,US,us_wti,"WTI Crude Oil (Cushing, OK)",81.25,USD/barrel,D,FRED
2024-07-23,US,us_wti,"WTI Crude Oil (Cushing, OK)",78.24,USD/barrel,D,FRED
2024-07-24,US,us_wti,"WTI Crude Oil (Cushing, OK)",78.78,USD/barrel,D,FRED
2024-07-25,US,us_wti,"WTI Crude Oil (Cushing, OK)",79.43,USD/barrel,D,FRED
2024-07-26,US,us_wti,"WTI Crude Oil (Cushing, OK)",78.58,USD/barrel,D,FRED
2024-07-29,US,us_wti,"WTI Crude Oil (Cushing, OK)",77.27,USD/barrel,D,FRED
2024-07-30,US,us_wti,"WTI Crude Oil (Cushing, OK)",76.17,USD/barrel,D,FRED
2024-07-31,US,us_wti,"WTI Crude Oil (Cushing, OK)",79.36,USD/barrel,D,FRED
2024-08-01,KR,kr_base_rate,한국은행 기준금리,3.5,연%,M,ECOS
2024-08-01,KR,kr_ccsi,소비자심리지수(CCSI),100.6,p (장기평균=100),M,ECOS
2024-08-01,KR,kr_cpi_food,소비자물가지수 — 식료품 및 비주류음료,122.99,2020=100,M,ECOS
2024-08-01,KR,kr_cpi_total,소비자물가지수 — 총지수,114.54,2020=100,M,ECOS
2024-08-01,KR,kr_esi,"경제심리지수(ESI, 원계열)",94.8,p,M,ECOS
2024-08-01,KR,kr_ppi_food,생산자물가지수 — 음식료품,121.71,2020=100,M,ECOS
2024-08-01,US,us_corn,Global Price of Corn (사료비 proxy),169.2967424107143,USD/metric ton,M,FRED
2024-08-01,US,us_food_ppi,PPI: Processed Foods and Feeds,265.932,Index 1982=100,M,FRED
2024-08-01,US,us_soybean,Global Price of Soybeans (사료비),361.8294103295455,USD/metric ton,M,FRED
2024-08-01,US,us_soybean_meal,"Global Price of Soybean Meal (대두박, 사료 직접 투입재)",355.4753554511818,USD/metric ton,M,FRED
2024-08-01,US,us_wti,"WTI Crude Oil (Cushing, OK)",77.74,USD/barrel,D,FRED
2024-08-02,US,us_wti,"WTI Crude Oil (Cushing, OK)",74.99,USD/barrel,D,FRED
2024-08-05,US,us_wti,"WTI Crude Oil (Cushing, OK)",74.46,USD/barrel,D,FRED
2024-08-06,US,us_wti,"WTI Crude Oil (Cushing, OK)",74.6,USD/barrel,D,FRED
2024-08-07,US,us_wti,"WTI Crude Oil (Cushing, OK)",76.68,USD/barrel,D,FRED
2024-08-08,US,us_wti,"WTI Crude Oil (Cushing, OK)",77.64,USD/barrel,D,FRED
2024-08-09,US,us_wti,"WTI Crude Oil (Cushing, OK)",78.28,USD/barrel,D,FRED
2024-08-12,US,us_wti,"WTI Crude Oil (Cushing, OK)",81.45,USD/barrel,D,FRED
2024-08-13,US,us_wti,"WTI Crude Oil (Cushing, OK)",79.81,USD/barrel,D,FRED
2024-08-14,US,us_wti,"WTI Crude Oil (Cushing, OK)",78.47,USD/barrel,D,FRED
2024-08-15,US,us_wti,"WTI Crude Oil (Cushing, OK)",79.66,USD/barrel,D,FRED
2024-08-16,US,us_wti,"WTI Crude Oil (Cushing, OK)",78.05,USD/barrel,D,FRED
2024-08-19,US,us_wti,"WTI Crude Oil (Cushing, OK)",75.82,USD/barrel,D,FRED
2024-08-20,US,us_wti,"WTI Crude Oil (Cushing, OK)",75.27,USD/barrel,D,FRED
2024-08-21,US,us_wti,"WTI Crude Oil (Cushing, OK)",72.76,USD/barrel,D,FRED
2024-08-22,US,us_wti,"WTI Crude Oil (Cushing, OK)",73.72,USD/barrel,D,FRED
2024-08-23,US,us_wti,"WTI Crude Oil (Cushing, OK)",75.82,USD/barrel,D,FRED
2024-08-26,US,us_wti,"WTI Crude Oil (Cushing, OK)",78.4,USD/barrel,D,FRED
2024-08-27,US,us_wti,"WTI Crude Oil (Cushing, OK)",76.5,USD/barrel,D,FRED
2024-08-28,US,us_wti,"WTI Crude Oil (Cushing, OK)",75.49,USD/barrel,D,FRED
2024-08-29,US,us_wti,"WTI Crude Oil (Cushing, OK)",76.9,USD/barrel,D,FRED
2024-08-30,US,us_wti,"WTI Crude Oil (Cushing, OK)",74.52,USD/barrel,D,FRED
2024-09-01,KR,kr_base_rate,한국은행 기준금리,3.5,연%,M,ECOS
2024-09-01,KR,kr_ccsi,소비자심리지수(CCSI),99.8,p (장기평균=100),M,ECOS
2024-09-01,KR,kr_cpi_food,소비자물가지수 — 식료품 및 비주류음료,124.72,2020=100,M,ECOS
2024-09-01,KR,kr_cpi_total,소비자물가지수 — 총지수,114.65,2020=100,M,ECOS
2024-09-01,KR,kr_esi,"경제심리지수(ESI, 원계열)",94.4,p,M,ECOS
2024-09-01,KR,kr_ppi_food,생산자물가지수 — 음식료품,121.83,2020=100,M,ECOS
2024-09-01,US,us_corn,Global Price of Corn (사료비 proxy),183.6558276597744,USD/metric ton,M,FRED
2024-09-01,US,us_food_ppi,PPI: Processed Foods and Feeds,267.145,Index 1982=100,M,FRED
2024-09-01,US,us_soybean,Global Price of Soybeans (사료비),372.09557625,USD/metric ton,M,FRED
2024-09-01,US,us_soybean_meal,"Global Price of Soybean Meal (대두박, 사료 직접 투입재)",354.2881041354762,USD/metric ton,M,FRED
2024-09-03,US,us_wti,"WTI Crude Oil (Cushing, OK)",71.28,USD/barrel,D,FRED
2024-09-04,US,us_wti,"WTI Crude Oil (Cushing, OK)",70.11,USD/barrel,D,FRED
2024-09-05,US,us_wti,"WTI Crude Oil (Cushing, OK)",70.09,USD/barrel,D,FRED
2024-09-06,US,us_wti,"WTI Crude Oil (Cushing, OK)",68.58,USD/barrel,D,FRED
2024-09-09,US,us_wti,"WTI Crude Oil (Cushing, OK)",69.65,USD/barrel,D,FRED
2024-09-10,US,us_wti,"WTI Crude Oil (Cushing, OK)",66.73,USD/barrel,D,FRED
2024-09-11,US,us_wti,"WTI Crude Oil (Cushing, OK)",68.25,USD/barrel,D,FRED
2024-09-12,US,us_wti,"WTI Crude Oil (Cushing, OK)",69.89,USD/barrel,D,FRED
2024-09-13,US,us_wti,"WTI Crude Oil (Cushing, OK)",69.59,USD/barrel,D,FRED
2024-09-16,US,us_wti,"WTI Crude Oil (Cushing, OK)",71.1,USD/barrel,D,FRED
2024-09-17,US,us_wti,"WTI Crude Oil (Cushing, OK)",72.16,USD/barrel,D,FRED
2024-09-18,US,us_wti,"WTI Crude Oil (Cushing, OK)",71.87,USD/barrel,D,FRED
2024-09-19,US,us_wti,"WTI Crude Oil (Cushing, OK)",72.86,USD/barrel,D,FRED
2024-09-20,US,us_wti,"WTI Crude Oil (Cushing, OK)",72.72,USD/barrel,D,FRED
2024-09-23,US,us_wti,"WTI Crude Oil (Cushing, OK)",71.33,USD/barrel,D,FRED
2024-09-24,US,us_wti,"WTI Crude Oil (Cushing, OK)",72.34,USD/barrel,D,FRED
2024-09-25,US,us_wti,"WTI Crude Oil (Cushing, OK)",70.42,USD/barrel,D,FRED
2024-09-26,US,us_wti,"WTI Crude Oil (Cushing, OK)",68.28,USD/barrel,D,FRED
2024-09-27,US,us_wti,"WTI Crude Oil (Cushing, OK)",68.72,USD/barrel,D,FRED
2024-09-30,US,us_wti,"WTI Crude Oil (Cushing, OK)",68.75,USD/barrel,D,FRED
2024-10-01,KR,kr_base_rate,한국은행 기준금리,3.25,연%,M,ECOS
2024-10-01,KR,kr_ccsi,소비자심리지수(CCSI),101.6,p (장기평균=100),M,ECOS
2024-10-01,KR,kr_cpi_food,소비자물가지수 — 식료품 및 비주류음료,124.53,2020=100,M,ECOS
2024-10-01,KR,kr_cpi_total,소비자물가지수 — 총지수,114.69,2020=100,M,ECOS
2024-10-01,KR,kr_esi,"경제심리지수(ESI, 원계열)",93.1,p,M,ECOS
2024-10-01,KR,kr_ppi_food,생산자물가지수 — 음식료품,122.13,2020=100,M,ECOS
2024-10-01,US,us_corn,Global Price of Corn (사료비 proxy),189.5879058618013,USD/metric ton,M,FRED
2024-10-01,US,us_food_ppi,PPI: Processed Foods and Feeds,266.221,Index 1982=100,M,FRED
2024-10-01,US,us_soybean,Global Price of Soybeans (사료비),368.4913844347826,USD/metric ton,M,FRED
2024-10-01,US,us_soybean_meal,"Global Price of Soybean Meal (대두박, 사료 직접 투입재)",350.3528755809565,USD/metric ton,M,FRED
2024-10-01,US,us_wti,"WTI Crude Oil (Cushing, OK)",70.41,USD/barrel,D,FRED
2024-10-02,US,us_wti,"WTI Crude Oil (Cushing, OK)",70.74,USD/barrel,D,FRED
2024-10-03,US,us_wti,"WTI Crude Oil (Cushing, OK)",74.33,USD/barrel,D,FRED
2024-10-04,US,us_wti,"WTI Crude Oil (Cushing, OK)",74.93,USD/barrel,D,FRED
2024-10-07,US,us_wti,"WTI Crude Oil (Cushing, OK)",77.76,USD/barrel,D,FRED
2024-10-08,US,us_wti,"WTI Crude Oil (Cushing, OK)",74.26,USD/barrel,D,FRED
2024-10-09,US,us_wti,"WTI Crude Oil (Cushing, OK)",73.85,USD/barrel,D,FRED
2024-10-10,US,us_wti,"WTI Crude Oil (Cushing, OK)",76.46,USD/barrel,D,FRED
2024-10-11,US,us_wti,"WTI Crude Oil (Cushing, OK)",76.11,USD/barrel,D,FRED
2024-10-15,US,us_wti,"WTI Crude Oil (Cushing, OK)",71.22,USD/barrel,D,FRED
2024-10-16,US,us_wti,"WTI Crude Oil (Cushing, OK)",70.97,USD/barrel,D,FRED
2024-10-17,US,us_wti,"WTI Crude Oil (Cushing, OK)",71.26,USD/barrel,D,FRED
2024-10-18,US,us_wti,"WTI Crude Oil (Cushing, OK)",69.78,USD/barrel,D,FRED
2024-10-21,US,us_wti,"WTI Crude Oil (Cushing, OK)",71.16,USD/barrel,D,FRED
2024-10-22,US,us_wti,"WTI Crude Oil (Cushing, OK)",72.84,USD/barrel,D,FRED
2024-10-23,US,us_wti,"WTI Crude Oil (Cushing, OK)",71.37,USD/barrel,D,FRED
2024-10-24,US,us_wti,"WTI Crude Oil (Cushing, OK)",70.58,USD/barrel,D,FRED
2024-10-25,US,us_wti,"WTI Crude Oil (Cushing, OK)",72.02,USD/barrel,D,FRED
2024-10-28,US,us_wti,"WTI Crude Oil (Cushing, OK)",67.65,USD/barrel,D,FRED
2024-10-29,US,us_wti,"WTI Crude Oil (Cushing, OK)",67.48,USD/barrel,D,FRED
2024-10-30,US,us_wti,"WTI Crude Oil (Cushing, OK)",68.91,USD/barrel,D,FRED
2024-10-31,US,us_wti,"WTI Crude Oil (Cushing, OK)",69.58,USD/barrel,D,FRED
2024-11-01,KR,kr_base_rate,한국은행 기준금리,3.0,연%,M,ECOS
2024-11-01,KR,kr_ccsi,소비자심리지수(CCSI),100.6,p (장기평균=100),M,ECOS
2024-11-01,KR,kr_cpi_food,소비자물가지수 — 식료품 및 비주류음료,121.32,2020=100,M,ECOS
2024-11-01,KR,kr_cpi_total,소비자물가지수 — 총지수,114.4,2020=100,M,ECOS
2024-11-01,KR,kr_esi,"경제심리지수(ESI, 원계열)",93.4,p,M,ECOS
2024-11-01,KR,kr_ppi_food,생산자물가지수 — 음식료품,122.58,2020=100,M,ECOS
2024-11-01,US,us_corn,Global Price of Corn (사료비 proxy),201.3082701884922,USD/metric ton,M,FRED
2024-11-01,US,us_food_ppi,PPI: Processed Foods and Feeds,267.888,Index 1982=100,M,FRED
2024-11-01,US,us_soybean,Global Price of Soybeans (사료비),365.51670425,USD/metric ton,M,FRED
2024-11-01,US,us_soybean_meal,"Global Price of Soybean Meal (대두박, 사료 직접 투입재)",322.231841420381,USD/metric ton,M,FRED
2024-11-01,US,us_wti,"WTI Crude Oil (Cushing, OK)",69.81,USD/barrel,D,FRED
2024-11-04,US,us_wti,"WTI Crude Oil (Cushing, OK)",71.83,USD/barrel,D,FRED
2024-11-05,US,us_wti,"WTI Crude Oil (Cushing, OK)",72.26,USD/barrel,D,FRED
2024-11-06,US,us_wti,"WTI Crude Oil (Cushing, OK)",71.98,USD/barrel,D,FRED
2024-11-07,US,us_wti,"WTI Crude Oil (Cushing, OK)",72.69,USD/barrel,D,FRED
2024-11-08,US,us_wti,"WTI Crude Oil (Cushing, OK)",70.69,USD/barrel,D,FRED
2024-11-12,US,us_wti,"WTI Crude Oil (Cushing, OK)",68.43,USD/barrel,D,FRED
2024-11-13,US,us_wti,"WTI Crude Oil (Cushing, OK)",68.76,USD/barrel,D,FRED
2024-11-14,US,us_wti,"WTI Crude Oil (Cushing, OK)",68.99,USD/barrel,D,FRED
2024-11-15,US,us_wti,"WTI Crude Oil (Cushing, OK)",67.33,USD/barrel,D,FRED
2024-11-18,US,us_wti,"WTI Crude Oil (Cushing, OK)",69.46,USD/barrel,D,FRED
2024-11-19,US,us_wti,"WTI Crude Oil (Cushing, OK)",69.75,USD/barrel,D,FRED
2024-11-20,US,us_wti,"WTI Crude Oil (Cushing, OK)",69.25,USD/barrel,D,FRED
2024-11-21,US,us_wti,"WTI Crude Oil (Cushing, OK)",70.39,USD/barrel,D,FRED
2024-11-22,US,us_wti,"WTI Crude Oil (Cushing, OK)",71.68,USD/barrel,D,FRED
2024-11-25,US,us_wti,"WTI Crude Oil (Cushing, OK)",69.41,USD/barrel,D,FRED
2024-11-26,US,us_wti,"WTI Crude Oil (Cushing, OK)",69.05,USD/barrel,D,FRED
2024-11-27,US,us_wti,"WTI Crude Oil (Cushing, OK)",69.03,USD/barrel,D,FRED
2024-11-29,US,us_wti,"WTI Crude Oil (Cushing, OK)",68.26,USD/barrel,D,FRED
2024-12-01,KR,kr_base_rate,한국은행 기준금리,3.0,연%,M,ECOS
2024-12-01,KR,kr_ccsi,소비자심리지수(CCSI),87.9,p (장기평균=100),M,ECOS
2024-12-01,KR,kr_cpi_food,소비자물가지수 — 식료품 및 비주류음료,123.61,2020=100,M,ECOS
2024-12-01,KR,kr_cpi_total,소비자물가지수 — 총지수,114.91,2020=100,M,ECOS
2024-12-01,KR,kr_esi,"경제심리지수(ESI, 원계열)",83.6,p,M,ECOS
2024-12-01,KR,kr_ppi_food,생산자물가지수 — 음식료품,122.49,2020=100,M,ECOS
2024-12-01,US,us_corn,Global Price of Corn (사료비 proxy),202.8299610267858,USD/metric ton,M,FRED
2024-12-01,US,us_food_ppi,PPI: Processed Foods and Feeds,267.755,Index 1982=100,M,FRED
2024-12-01,US,us_soybean,Global Price of Soybeans (사료비),361.236500625,USD/metric ton,M,FRED
2024-12-01,US,us_soybean_meal,"Global Price of Soybean Meal (대두박, 사료 직접 투입재)",319.9909522810909,USD/metric ton,M,FRED
2024-12-02,US,us_wti,"WTI Crude Oil (Cushing, OK)",68.35,USD/barrel,D,FRED
2024-12-03,US,us_wti,"WTI Crude Oil (Cushing, OK)",70.15,USD/barrel,D,FRED
2024-12-04,US,us_wti,"WTI Crude Oil (Cushing, OK)",68.81,USD/barrel,D,FRED
2024-12-05,US,us_wti,"WTI Crude Oil (Cushing, OK)",68.58,USD/barrel,D,FRED
2024-12-06,US,us_wti,"WTI Crude Oil (Cushing, OK)",68.58,USD/barrel,D,FRED
2024-12-09,US,us_wti,"WTI Crude Oil (Cushing, OK)",68.65,USD/barrel,D,FRED
2024-12-10,US,us_wti,"WTI Crude Oil (Cushing, OK)",68.85,USD/barrel,D,FRED
2024-12-11,US,us_wti,"WTI Crude Oil (Cushing, OK)",70.57,USD/barrel,D,FRED
2024-12-12,US,us_wti,"WTI Crude Oil (Cushing, OK)",70.25,USD/barrel,D,FRED
2024-12-13,US,us_wti,"WTI Crude Oil (Cushing, OK)",71.54,USD/barrel,D,FRED
2024-12-16,US,us_wti,"WTI Crude Oil (Cushing, OK)",71.03,USD/barrel,D,FRED
2024-12-17,US,us_wti,"WTI Crude Oil (Cushing, OK)",70.31,USD/barrel,D,FRED
2024-12-18,US,us_wti,"WTI Crude Oil (Cushing, OK)",70.8,USD/barrel,D,FRED
2024-12-19,US,us_wti,"WTI Crude Oil (Cushing, OK)",70.1,USD/barrel,D,FRED
2024-12-20,US,us_wti,"WTI Crude Oil (Cushing, OK)",69.71,USD/barrel,D,FRED
2024-12-23,US,us_wti,"WTI Crude Oil (Cushing, OK)",69.5,USD/barrel,D,FRED
2024-12-24,US,us_wti,"WTI Crude Oil (Cushing, OK)",70.87,USD/barrel,D,FRED
2024-12-26,US,us_wti,"WTI Crude Oil (Cushing, OK)",70.38,USD/barrel,D,FRED
2024-12-27,US,us_wti,"WTI Crude Oil (Cushing, OK)",71.28,USD/barrel,D,FRED
2024-12-30,US,us_wti,"WTI Crude Oil (Cushing, OK)",71.73,USD/barrel,D,FRED
2024-12-31,US,us_wti,"WTI Crude Oil (Cushing, OK)",72.44,USD/barrel,D,FRED
2025-01-01,KR,kr_base_rate,한국은행 기준금리,3.0,연%,M,ECOS
2025-01-01,KR,kr_ccsi,소비자심리지수(CCSI),91.0,p (장기평균=100),M,ECOS
2025-01-01,KR,kr_cpi_food,소비자물가지수 — 식료품 및 비주류음료,125.13,2020=100,M,ECOS
2025-01-01,KR,kr_cpi_total,소비자물가지수 — 총지수,115.71,2020=100,M,ECOS
2025-01-01,KR,kr_esi,"경제심리지수(ESI, 원계열)",87.1,p,M,ECOS
2025-01-01,KR,kr_ppi_food,생산자물가지수 — 음식료품,122.76,2020=100,M,ECOS
2025-01-01,US,us_corn,Global Price of Corn (사료비 proxy),214.3599267857142,USD/metric ton,M,FRED
2025-01-01,US,us_food_ppi,PPI: Processed Foods and Feeds,268.831,Index 1982=100,M,FRED
2025-01-01,US,us_soybean,Global Price of Soybeans (사료비),377.853040173913,USD/metric ton,M,FRED
2025-01-01,US,us_soybean_meal,"Global Price of Soybean Meal (대두박, 사료 직접 투입재)",332.6919313316087,USD/metric ton,M,FRED
2025-01-02,US,us_wti,"WTI Crude Oil (Cushing, OK)",73.79,USD/barrel,D,FRED
2025-01-03,US,us_wti,"WTI Crude Oil (Cushing, OK)",74.64,USD/barrel,D,FRED
2025-01-06,US,us_wti,"WTI Crude Oil (Cushing, OK)",74.31,USD/barrel,D,FRED
2025-01-07,US,us_wti,"WTI Crude Oil (Cushing, OK)",74.99,USD/barrel,D,FRED
2025-01-08,US,us_wti,"WTI Crude Oil (Cushing, OK)",73.99,USD/barrel,D,FRED
2025-01-10,US,us_wti,"WTI Crude Oil (Cushing, OK)",77.27,USD/barrel,D,FRED
2025-01-13,US,us_wti,"WTI Crude Oil (Cushing, OK)",79.57,USD/barrel,D,FRED
2025-01-14,US,us_wti,"WTI Crude Oil (Cushing, OK)",78.2,USD/barrel,D,FRED
2025-01-15,US,us_wti,"WTI Crude Oil (Cushing, OK)",80.73,USD/barrel,D,FRED
2025-01-16,US,us_wti,"WTI Crude Oil (Cushing, OK)",79.35,USD/barrel,D,FRED
2025-01-17,US,us_wti,"WTI Crude Oil (Cushing, OK)",78.56,USD/barrel,D,FRED
2025-01-21,US,us_wti,"WTI Crude Oil (Cushing, OK)",76.79,USD/barrel,D,FRED
2025-01-22,US,us_wti,"WTI Crude Oil (Cushing, OK)",76.12,USD/barrel,D,FRED
2025-01-23,US,us_wti,"WTI Crude Oil (Cushing, OK)",75.03,USD/barrel,D,FRED
2025-01-24,US,us_wti,"WTI Crude Oil (Cushing, OK)",74.97,USD/barrel,D,FRED
2025-01-27,US,us_wti,"WTI Crude Oil (Cushing, OK)",73.51,USD/barrel,D,FRED
2025-01-28,US,us_wti,"WTI Crude Oil (Cushing, OK)",74.15,USD/barrel,D,FRED
2025-01-29,US,us_wti,"WTI Crude Oil (Cushing, OK)",72.94,USD/barrel,D,FRED
2025-01-30,US,us_wti,"WTI Crude Oil (Cushing, OK)",73.1,USD/barrel,D,FRED
2025-01-31,US,us_wti,"WTI Crude Oil (Cushing, OK)",72.84,USD/barrel,D,FRED
2025-02-01,KR,kr_base_rate,한국은행 기준금리,2.75,연%,M,ECOS
2025-02-01,KR,kr_ccsi,소비자심리지수(CCSI),95.0,p (장기평균=100),M,ECOS
2025-02-01,KR,kr_cpi_food,소비자물가지수 — 식료품 및 비주류음료,126.45,2020=100,M,ECOS
2025-02-01,KR,kr_cpi_total,소비자물가지수 — 총지수,116.08,2020=100,M,ECOS
2025-02-01,KR,kr_esi,"경제심리지수(ESI, 원계열)",90.5,p,M,ECOS
2025-02-01,KR,kr_ppi_food,생산자물가지수 — 음식료품,123.18,2020=100,M,ECOS
2025-02-01,US,us_corn,Global Price of Corn (사료비 proxy),221.2545443139097,USD/metric ton,M,FRED
2025-02-01,US,us_food_ppi,PPI: Processed Foods and Feeds,270.797,Index 1982=100,M,FRED
2025-02-01,US,us_soybean,Global Price of Soybeans (사료비),382.0839574125,USD/metric ton,M,FRED
2025-02-01,US,us_soybean_meal,"Global Price of Soybean Meal (대두박, 사료 직접 투입재)",327.9596609512,USD/metric ton,M,FRED
2025-02-03,US,us_wti,"WTI Crude Oil (Cushing, OK)",73.52,USD/barrel,D,FRED
2025-02-04,US,us_wti,"WTI Crude Oil (Cushing, OK)",73.04,USD/barrel,D,FRED
2025-02-05,US,us_wti,"WTI Crude Oil (Cushing, OK)",71.39,USD/barrel,D,FRED
2025-02-06,US,us_wti,"WTI Crude Oil (Cushing, OK)",70.97,USD/barrel,D,FRED
2025-02-07,US,us_wti,"WTI Crude Oil (Cushing, OK)",71.32,USD/barrel,D,FRED
2025-02-10,US,us_wti,"WTI Crude Oil (Cushing, OK)",72.73,USD/barrel,D,FRED
2025-02-11,US,us_wti,"WTI Crude Oil (Cushing, OK)",73.67,USD/barrel,D,FRED
2025-02-12,US,us_wti,"WTI Crude Oil (Cushing, OK)",71.72,USD/barrel,D,FRED
2025-02-13,US,us_wti,"WTI Crude Oil (Cushing, OK)",71.66,USD/barrel,D,FRED
2025-02-14,US,us_wti,"WTI Crude Oil (Cushing, OK)",71.05,USD/barrel,D,FRED
2025-02-18,US,us_wti,"WTI Crude Oil (Cushing, OK)",72.21,USD/barrel,D,FRED
2025-02-19,US,us_wti,"WTI Crude Oil (Cushing, OK)",72.58,USD/barrel,D,FRED
2025-02-20,US,us_wti,"WTI Crude Oil (Cushing, OK)",72.88,USD/barrel,D,FRED
2025-02-21,US,us_wti,"WTI Crude Oil (Cushing, OK)",70.72,USD/barrel,D,FRED
2025-02-24,US,us_wti,"WTI Crude Oil (Cushing, OK)",71.06,USD/barrel,D,FRED
2025-02-25,US,us_wti,"WTI Crude Oil (Cushing, OK)",69.15,USD/barrel,D,FRED
2025-02-26,US,us_wti,"WTI Crude Oil (Cushing, OK)",68.87,USD/barrel,D,FRED
2025-02-27,US,us_wti,"WTI Crude Oil (Cushing, OK)",70.62,USD/barrel,D,FRED
2025-02-28,US,us_wti,"WTI Crude Oil (Cushing, OK)",69.97,USD/barrel,D,FRED
2025-03-01,KR,kr_base_rate,한국은행 기준금리,2.75,연%,M,ECOS
2025-03-01,KR,kr_ccsi,소비자심리지수(CCSI),93.2,p (장기평균=100),M,ECOS
2025-03-01,KR,kr_cpi_food,소비자물가지수 — 식료품 및 비주류음료,127.26,2020=100,M,ECOS
2025-03-01,KR,kr_cpi_total,소비자물가지수 — 총지수,116.29,2020=100,M,ECOS
2025-03-01,KR,kr_esi,"경제심리지수(ESI, 원계열)",87.6,p,M,ECOS
2025-03-01,KR,kr_ppi_food,생산자물가지수 — 음식료품,123.9,2020=100,M,ECOS
2025-03-01,US,us_corn,Global Price of Corn (사료비 proxy),207.7516908163266,USD/metric ton,M,FRED
2025-03-01,US,us_food_ppi,PPI: Processed Foods and Feeds,270.878,Index 1982=100,M,FRED
2025-03-01,US,us_soybean,Global Price of Soybeans (사료비),369.344173,USD/metric ton,M,FRED
2025-03-01,US,us_soybean_meal,"Global Price of Soybean Meal (대두박, 사료 직접 투입재)",325.9167106566667,USD/metric ton,M,FRED
2025-03-03,US,us_wti,"WTI Crude Oil (Cushing, OK)",68.63,USD/barrel,D,FRED
2025-03-04,US,us_wti,"WTI Crude Oil (Cushing, OK)",68.47,USD/barrel,D,FRED
2025-03-05,US,us_wti,"WTI Crude Oil (Cushing, OK)",66.58,USD/barrel,D,FRED
2025-03-06,US,us_wti,"WTI Crude Oil (Cushing, OK)",66.62,USD/barrel,D,FRED
2025-03-07,US,us_wti,"WTI Crude Oil (Cushing, OK)",67.29,USD/barrel,D,FRED
2025-03-10,US,us_wti,"WTI Crude Oil (Cushing, OK)",66.31,USD/barrel,D,FRED
2025-03-11,US,us_wti,"WTI Crude Oil (Cushing, OK)",66.52,USD/barrel,D,FRED
2025-03-12,US,us_wti,"WTI Crude Oil (Cushing, OK)",67.65,USD/barrel,D,FRED
2025-03-13,US,us_wti,"WTI Crude Oil (Cushing, OK)",66.82,USD/barrel,D,FRED
2025-03-14,US,us_wti,"WTI Crude Oil (Cushing, OK)",67.43,USD/barrel,D,FRED
2025-03-17,US,us_wti,"WTI Crude Oil (Cushing, OK)",67.84,USD/barrel,D,FRED
2025-03-18,US,us_wti,"WTI Crude Oil (Cushing, OK)",67.49,USD/barrel,D,FRED
2025-03-19,US,us_wti,"WTI Crude Oil (Cushing, OK)",67.4,USD/barrel,D,FRED
2025-03-20,US,us_wti,"WTI Crude Oil (Cushing, OK)",68.55,USD/barrel,D,FRED
2025-03-21,US,us_wti,"WTI Crude Oil (Cushing, OK)",68.52,USD/barrel,D,FRED
2025-03-24,US,us_wti,"WTI Crude Oil (Cushing, OK)",69.46,USD/barrel,D,FRED
2025-03-25,US,us_wti,"WTI Crude Oil (Cushing, OK)",69.48,USD/barrel,D,FRED
2025-03-26,US,us_wti,"WTI Crude Oil (Cushing, OK)",70.05,USD/barrel,D,FRED
2025-03-27,US,us_wti,"WTI Crude Oil (Cushing, OK)",70.3,USD/barrel,D,FRED
2025-03-28,US,us_wti,"WTI Crude Oil (Cushing, OK)",69.74,USD/barrel,D,FRED
2025-03-31,US,us_wti,"WTI Crude Oil (Cushing, OK)",71.87,USD/barrel,D,FRED
2025-04-01,KR,kr_base_rate,한국은행 기준금리,2.75,연%,M,ECOS
2025-04-01,KR,kr_ccsi,소비자심리지수(CCSI),93.6,p (장기평균=100),M,ECOS
2025-04-01,KR,kr_cpi_food,소비자물가지수 — 식료품 및 비주류음료,126.48,2020=100,M,ECOS
2025-04-01,KR,kr_cpi_total,소비자물가지수 — 총지수,116.38,2020=100,M,ECOS
2025-04-01,KR,kr_esi,"경제심리지수(ESI, 원계열)",87.9,p,M,ECOS
2025-04-01,KR,kr_ppi_food,생산자물가지수 — 음식료품,123.92,2020=100,M,ECOS
2025-04-01,US,us_corn,Global Price of Corn (사료비 proxy),215.5690933673469,USD/metric ton,M,FRED
2025-04-01,US,us_food_ppi,PPI: Processed Foods and Feeds,271.936,Index 1982=100,M,FRED
2025-04-01,US,us_soybean,Global Price of Soybeans (사료비),378.0661990472382,USD/metric ton,M,FRED
2025-04-01,US,us_soybean_meal,"Global Price of Soybean Meal (대두박, 사료 직접 투입재)",321.9500601093182,USD/metric ton,M,FRED
2025-04-01,US,us_wti,"WTI Crude Oil (Cushing, OK)",71.61,USD/barrel,D,FRED
2025-04-02,US,us_wti,"WTI Crude Oil (Cushing, OK)",72.12,USD/barrel,D,FRED
2025-04-03,US,us_wti,"WTI Crude Oil (Cushing, OK)",67.43,USD/barrel,D,FRED
2025-04-04,US,us_wti,"WTI Crude Oil (Cushing, OK)",62.42,USD/barrel,D,FRED
2025-04-07,US,us_wti,"WTI Crude Oil (Cushing, OK)",61.05,USD/barrel,D,FRED
2025-04-08,US,us_wti,"WTI Crude Oil (Cushing, OK)",60.04,USD/barrel,D,FRED
2025-04-09,US,us_wti,"WTI Crude Oil (Cushing, OK)",62.63,USD/barrel,D,FRED
2025-04-10,US,us_wti,"WTI Crude Oil (Cushing, OK)",60.57,USD/barrel,D,FRED
2025-04-11,US,us_wti,"WTI Crude Oil (Cushing, OK)",61.91,USD/barrel,D,FRED
2025-04-14,US,us_wti,"WTI Crude Oil (Cushing, OK)",61.99,USD/barrel,D,FRED
2025-04-15,US,us_wti,"WTI Crude Oil (Cushing, OK)",61.74,USD/barrel,D,FRED
2025-04-16,US,us_wti,"WTI Crude Oil (Cushing, OK)",62.88,USD/barrel,D,FRED
2025-04-17,US,us_wti,"WTI Crude Oil (Cushing, OK)",65.07,USD/barrel,D,FRED
2025-04-21,US,us_wti,"WTI Crude Oil (Cushing, OK)",63.48,USD/barrel,D,FRED
2025-04-22,US,us_wti,"WTI Crude Oil (Cushing, OK)",64.6,USD/barrel,D,FRED
2025-04-23,US,us_wti,"WTI Crude Oil (Cushing, OK)",62.64,USD/barrel,D,FRED
2025-04-24,US,us_wti,"WTI Crude Oil (Cushing, OK)",63.55,USD/barrel,D,FRED
2025-04-25,US,us_wti,"WTI Crude Oil (Cushing, OK)",63.85,USD/barrel,D,FRED
2025-04-28,US,us_wti,"WTI Crude Oil (Cushing, OK)",63.3,USD/barrel,D,FRED
2025-04-29,US,us_wti,"WTI Crude Oil (Cushing, OK)",61.84,USD/barrel,D,FRED
2025-04-30,US,us_wti,"WTI Crude Oil (Cushing, OK)",59.55,USD/barrel,D,FRED
2025-05-01,KR,kr_base_rate,한국은행 기준금리,2.5,연%,M,ECOS
2025-05-01,KR,kr_ccsi,소비자심리지수(CCSI),101.7,p (장기평균=100),M,ECOS
2025-05-01,KR,kr_cpi_food,소비자물가지수 — 식료품 및 비주류음료,124.78,2020=100,M,ECOS
2025-05-01,KR,kr_cpi_total,소비자물가지수 — 총지수,116.27,2020=100,M,ECOS
2025-05-01,KR,kr_esi,"경제심리지수(ESI, 원계열)",92.6,p,M,ECOS
2025-05-01,KR,kr_ppi_food,생산자물가지수 — 음식료품,124.87,2020=100,M,ECOS
2025-05-01,US,us_corn,Global Price of Corn (사료비 proxy),204.8084481292517,USD/metric ton,M,FRED
2025-05-01,US,us_food_ppi,PPI: Processed Foods and Feeds,273.336,Index 1982=100,M,FRED
2025-05-01,US,us_soybean,Global Price of Soybeans (사료비),387.649984262981,USD/metric ton,M,FRED
2025-05-01,US,us_soybean_meal,"Global Price of Soybean Meal (대두박, 사료 직접 투입재)",318.97811405693,USD/metric ton,M,FRED
2025-05-01,US,us_wti,"WTI Crude Oil (Cushing, OK)",60.59,USD/barrel,D,FRED
2025-05-02,US,us_wti,"WTI Crude Oil (Cushing, OK)",59.67,USD/barrel,D,FRED
2025-05-05,US,us_wti,"WTI Crude Oil (Cushing, OK)",58.5,USD/barrel,D,FRED
2025-05-06,US,us_wti,"WTI Crude Oil (Cushing, OK)",60.42,USD/barrel,D,FRED
2025-05-07,US,us_wti,"WTI Crude Oil (Cushing, OK)",59.42,USD/barrel,D,FRED
2025-05-08,US,us_wti,"WTI Crude Oil (Cushing, OK)",61.25,USD/barrel,D,FRED
2025-05-09,US,us_wti,"WTI Crude Oil (Cushing, OK)",62.37,USD/barrel,D,FRED
2025-05-12,US,us_wti,"WTI Crude Oil (Cushing, OK)",63.32,USD/barrel,D,FRED
2025-05-13,US,us_wti,"WTI Crude Oil (Cushing, OK)",65.04,USD/barrel,D,FRED
2025-05-14,US,us_wti,"WTI Crude Oil (Cushing, OK)",64.48,USD/barrel,D,FRED
2025-05-15,US,us_wti,"WTI Crude Oil (Cushing, OK)",63.03,USD/barrel,D,FRED
2025-05-16,US,us_wti,"WTI Crude Oil (Cushing, OK)",63.84,USD/barrel,D,FRED
2025-05-19,US,us_wti,"WTI Crude Oil (Cushing, OK)",63.98,USD/barrel,D,FRED
2025-05-20,US,us_wti,"WTI Crude Oil (Cushing, OK)",63.97,USD/barrel,D,FRED
2025-05-21,US,us_wti,"WTI Crude Oil (Cushing, OK)",62.93,USD/barrel,D,FRED
2025-05-22,US,us_wti,"WTI Crude Oil (Cushing, OK)",62.55,USD/barrel,D,FRED
2025-05-23,US,us_wti,"WTI Crude Oil (Cushing, OK)",62.89,USD/barrel,D,FRED
2025-05-27,US,us_wti,"WTI Crude Oil (Cushing, OK)",61.61,USD/barrel,D,FRED
2025-05-28,US,us_wti,"WTI Crude Oil (Cushing, OK)",62.54,USD/barrel,D,FRED
2025-05-29,US,us_wti,"WTI Crude Oil (Cushing, OK)",61.66,USD/barrel,D,FRED
2025-05-30,US,us_wti,"WTI Crude Oil (Cushing, OK)",61.46,USD/barrel,D,FRED
2025-06-01,KR,kr_base_rate,한국은행 기준금리,2.5,연%,M,ECOS
2025-06-01,KR,kr_ccsi,소비자심리지수(CCSI),108.6,p (장기평균=100),M,ECOS
2025-06-01,KR,kr_cpi_food,소비자물가지수 — 식료품 및 비주류음료,124.74,2020=100,M,ECOS
2025-06-01,KR,kr_cpi_total,소비자물가지수 — 총지수,116.31,2020=100,M,ECOS
2025-06-01,KR,kr_esi,"경제심리지수(ESI, 원계열)",93.2,p,M,ECOS
2025-06-01,KR,kr_ppi_food,생산자물가지수 — 음식료품,125.22,2020=100,M,ECOS
2025-06-01,US,us_corn,Global Price of Corn (사료비 proxy),195.7190773214286,USD/metric ton,M,FRED
2025-06-01,US,us_food_ppi,PPI: Processed Foods and Feeds,274.942,Index 1982=100,M,FRED
2025-06-01,US,us_soybean,Global Price of Soybeans (사료비),383.520686981273,USD/metric ton,M,FRED
2025-06-01,US,us_soybean_meal,"Global Price of Soybean Meal (대두박, 사료 직접 투입재)",313.115831065598,USD/metric ton,M,FRED
2025-06-02,US,us_wti,"WTI Crude Oil (Cushing, OK)",63.27,USD/barrel,D,FRED
2025-06-03,US,us_wti,"WTI Crude Oil (Cushing, OK)",64.1,USD/barrel,D,FRED
2025-06-04,US,us_wti,"WTI Crude Oil (Cushing, OK)",63.57,USD/barrel,D,FRED
2025-06-05,US,us_wti,"WTI Crude Oil (Cushing, OK)",64.06,USD/barrel,D,FRED
2025-06-06,US,us_wti,"WTI Crude Oil (Cushing, OK)",65.3,USD/barrel,D,FRED
2025-06-09,US,us_wti,"WTI Crude Oil (Cushing, OK)",65.99,USD/barrel,D,FRED
2025-06-10,US,us_wti,"WTI Crude Oil (Cushing, OK)",65.66,USD/barrel,D,FRED
2025-06-11,US,us_wti,"WTI Crude Oil (Cushing, OK)",68.91,USD/barrel,D,FRED
2025-06-12,US,us_wti,"WTI Crude Oil (Cushing, OK)",68.73,USD/barrel,D,FRED
2025-06-13,US,us_wti,"WTI Crude Oil (Cushing, OK)",73.84,USD/barrel,D,FRED
2025-06-16,US,us_wti,"WTI Crude Oil (Cushing, OK)",72.53,USD/barrel,D,FRED
2025-06-17,US,us_wti,"WTI Crude Oil (Cushing, OK)",75.62,USD/barrel,D,FRED
2025-06-18,US,us_wti,"WTI Crude Oil (Cushing, OK)",75.89,USD/barrel,D,FRED
2025-06-20,US,us_wti,"WTI Crude Oil (Cushing, OK)",75.72,USD/barrel,D,FRED
2025-06-23,US,us_wti,"WTI Crude Oil (Cushing, OK)",69.36,USD/barrel,D,FRED
2025-06-24,US,us_wti,"WTI Crude Oil (Cushing, OK)",65.45,USD/barrel,D,FRED
2025-06-25,US,us_wti,"WTI Crude Oil (Cushing, OK)",65.98,USD/barrel,D,FRED
2025-06-26,US,us_wti,"WTI Crude Oil (Cushing, OK)",66.44,USD/barrel,D,FRED
2025-06-27,US,us_wti,"WTI Crude Oil (Cushing, OK)",66.66,USD/barrel,D,FRED
2025-06-30,US,us_wti,"WTI Crude Oil (Cushing, OK)",66.3,USD/barrel,D,FRED
2025-07-01,KR,kr_base_rate,한국은행 기준금리,2.5,연%,M,ECOS
2025-07-01,KR,kr_ccsi,소비자심리지수(CCSI),110.7,p (장기평균=100),M,ECOS
2025-07-01,KR,kr_cpi_food,소비자물가지수 — 식료품 및 비주류음료,125.75,2020=100,M,ECOS
2025-07-01,KR,kr_cpi_total,소비자물가지수 — 총지수,116.52,2020=100,M,ECOS
2025-07-01,KR,kr_esi,"경제심리지수(ESI, 원계열)",93.3,p,M,ECOS
2025-07-01,KR,kr_ppi_food,생산자물가지수 — 음식료품,125.66,2020=100,M,ECOS
2025-07-01,US,us_corn,Global Price of Corn (사료비 proxy),192.4525892142857,USD/metric ton,M,FRED
2025-07-01,US,us_food_ppi,PPI: Processed Foods and Feeds,275.335,Index 1982=100,M,FRED
2025-07-01,US,us_soybean,Global Price of Soybeans (사료비),374.7692583960979,USD/metric ton,M,FRED
2025-07-01,US,us_soybean_meal,"Global Price of Soybean Meal (대두박, 사료 직접 투입재)",245.5437327248165,USD/metric ton,M,FRED
2025-07-01,US,us_wti,"WTI Crude Oil (Cushing, OK)",66.64,USD/barrel,D,FRED
2025-07-02,US,us_wti,"WTI Crude Oil (Cushing, OK)",68.66,USD/barrel,D,FRED
2025-07-03,US,us_wti,"WTI Crude Oil (Cushing, OK)",68.13,USD/barrel,D,FRED
2025-07-07,US,us_wti,"WTI Crude Oil (Cushing, OK)",69.16,USD/barrel,D,FRED
2025-07-08,US,us_wti,"WTI Crude Oil (Cushing, OK)",69.55,USD/barrel,D,FRED
2025-07-09,US,us_wti,"WTI Crude Oil (Cushing, OK)",69.61,USD/barrel,D,FRED
2025-07-10,US,us_wti,"WTI Crude Oil (Cushing, OK)",67.78,USD/barrel,D,FRED
2025-07-11,US,us_wti,"WTI Crude Oil (Cushing, OK)",69.63,USD/barrel,D,FRED
2025-07-14,US,us_wti,"WTI Crude Oil (Cushing, OK)",68.19,USD/barrel,D,FRED
2025-07-15,US,us_wti,"WTI Crude Oil (Cushing, OK)",67.76,USD/barrel,D,FRED
2025-07-16,US,us_wti,"WTI Crude Oil (Cushing, OK)",67.13,USD/barrel,D,FRED
2025-07-17,US,us_wti,"WTI Crude Oil (Cushing, OK)",68.76,USD/barrel,D,FRED
2025-07-18,US,us_wti,"WTI Crude Oil (Cushing, OK)",68.53,USD/barrel,D,FRED
2025-07-21,US,us_wti,"WTI Crude Oil (Cushing, OK)",68.39,USD/barrel,D,FRED
2025-07-22,US,us_wti,"WTI Crude Oil (Cushing, OK)",67.56,USD/barrel,D,FRED
2025-07-23,US,us_wti,"WTI Crude Oil (Cushing, OK)",66.05,USD/barrel,D,FRED
2025-07-24,US,us_wti,"WTI Crude Oil (Cushing, OK)",67.16,USD/barrel,D,FRED
2025-07-25,US,us_wti,"WTI Crude Oil (Cushing, OK)",66.38,USD/barrel,D,FRED
2025-07-28,US,us_wti,"WTI Crude Oil (Cushing, OK)",67.81,USD/barrel,D,FRED
2025-07-29,US,us_wti,"WTI Crude Oil (Cushing, OK)",70.27,USD/barrel,D,FRED
2025-07-30,US,us_wti,"WTI Crude Oil (Cushing, OK)",71.09,USD/barrel,D,FRED
2025-07-31,US,us_wti,"WTI Crude Oil (Cushing, OK)",70.36,USD/barrel,D,FRED
2025-08-01,KR,kr_base_rate,한국은행 기준금리,2.5,연%,M,ECOS
2025-08-01,KR,kr_ccsi,소비자심리지수(CCSI),111.2,p (장기평균=100),M,ECOS
2025-08-01,KR,kr_cpi_food,소비자물가지수 — 식료품 및 비주류음료,128.96,2020=100,M,ECOS
2025-08-01,KR,kr_cpi_total,소비자물가지수 — 총지수,116.45,2020=100,M,ECOS
2025-08-01,KR,kr_esi,"경제심리지수(ESI, 원계열)",95.0,p,M,ECOS
2025-08-01,KR,kr_ppi_food,생산자물가지수 — 음식료품,125.99,2020=100,M,ECOS
2025-08-01,US,us_corn,Global Price of Corn (사료비 proxy),183.0247028911564,USD/metric ton,M,FRED
2025-08-01,US,us_food_ppi,PPI: Processed Foods and Feeds,277.133,Index 1982=100,M,FRED
2025-08-01,US,us_soybean,Global Price of Soybeans (사료비),372.962786097465,USD/metric ton,M,FRED
2025-08-01,US,us_soybean_meal,"Global Price of Soybean Meal (대두박, 사료 직접 투입재)",281.3619931484271,USD/metric ton,M,FRED
2025-08-01,US,us_wti,"WTI Crude Oil (Cushing, OK)",68.39,USD/barrel,D,FRED
2025-08-04,US,us_wti,"WTI Crude Oil (Cushing, OK)",67.33,USD/barrel,D,FRED
2025-08-05,US,us_wti,"WTI Crude Oil (Cushing, OK)",66.2,USD/barrel,D,FRED
2025-08-06,US,us_wti,"WTI Crude Oil (Cushing, OK)",65.38,USD/barrel,D,FRED
2025-08-07,US,us_wti,"WTI Crude Oil (Cushing, OK)",64.9,USD/barrel,D,FRED
2025-08-08,US,us_wti,"WTI Crude Oil (Cushing, OK)",64.94,USD/barrel,D,FRED
2025-08-11,US,us_wti,"WTI Crude Oil (Cushing, OK)",65.03,USD/barrel,D,FRED
2025-08-12,US,us_wti,"WTI Crude Oil (Cushing, OK)",64.22,USD/barrel,D,FRED
2025-08-13,US,us_wti,"WTI Crude Oil (Cushing, OK)",63.68,USD/barrel,D,FRED
2025-08-14,US,us_wti,"WTI Crude Oil (Cushing, OK)",64.99,USD/barrel,D,FRED
2025-08-15,US,us_wti,"WTI Crude Oil (Cushing, OK)",63.78,USD/barrel,D,FRED
2025-08-18,US,us_wti,"WTI Crude Oil (Cushing, OK)",64.51,USD/barrel,D,FRED
2025-08-19,US,us_wti,"WTI Crude Oil (Cushing, OK)",63.38,USD/barrel,D,FRED
2025-08-20,US,us_wti,"WTI Crude Oil (Cushing, OK)",64.19,USD/barrel,D,FRED
2025-08-21,US,us_wti,"WTI Crude Oil (Cushing, OK)",64.56,USD/barrel,D,FRED
2025-08-22,US,us_wti,"WTI Crude Oil (Cushing, OK)",64.08,USD/barrel,D,FRED
2025-08-25,US,us_wti,"WTI Crude Oil (Cushing, OK)",65.18,USD/barrel,D,FRED
2025-08-26,US,us_wti,"WTI Crude Oil (Cushing, OK)",63.6,USD/barrel,D,FRED
2025-08-27,US,us_wti,"WTI Crude Oil (Cushing, OK)",64.49,USD/barrel,D,FRED
2025-08-28,US,us_wti,"WTI Crude Oil (Cushing, OK)",64.96,USD/barrel,D,FRED
2025-08-29,US,us_wti,"WTI Crude Oil (Cushing, OK)",64.36,USD/barrel,D,FRED
2025-09-01,KR,kr_base_rate,한국은행 기준금리,2.5,연%,M,ECOS
2025-09-01,KR,kr_ccsi,소비자심리지수(CCSI),110.0,p (장기평균=100),M,ECOS
2025-09-01,KR,kr_cpi_food,소비자물가지수 — 식료품 및 비주류음료,128.82,2020=100,M,ECOS
2025-09-01,KR,kr_cpi_total,소비자물가지수 — 총지수,117.06,2020=100,M,ECOS
2025-09-01,KR,kr_esi,"경제심리지수(ESI, 원계열)",91.7,p,M,ECOS
2025-09-01,KR,kr_ppi_food,생산자물가지수 — 음식료품,125.15,2020=100,M,ECOS
2025-09-01,US,us_corn,Global Price of Corn (사료비 proxy),196.1459412448979,USD/metric ton,M,FRED
2025-09-01,US,us_food_ppi,PPI: Processed Foods and Feeds,279.089,Index 1982=100,M,FRED
2025-09-01,US,us_soybean,Global Price of Soybeans (사료비),368.574390192018,USD/metric ton,M,FRED
2025-09-01,US,us_soybean_meal,"Global Price of Soybean Meal (대두박, 사료 직접 투입재)",325.7359283466679,USD/metric ton,M,FRED
2025-09-02,US,us_wti,"WTI Crude Oil (Cushing, OK)",65.95,USD/barrel,D,FRED
2025-09-03,US,us_wti,"WTI Crude Oil (Cushing, OK)",64.36,USD/barrel,D,FRED
2025-09-04,US,us_wti,"WTI Crude Oil (Cushing, OK)",63.81,USD/barrel,D,FRED
2025-09-05,US,us_wti,"WTI Crude Oil (Cushing, OK)",62.22,USD/barrel,D,FRED
2025-09-08,US,us_wti,"WTI Crude Oil (Cushing, OK)",62.6,USD/barrel,D,FRED
2025-09-09,US,us_wti,"WTI Crude Oil (Cushing, OK)",62.97,USD/barrel,D,FRED
2025-09-10,US,us_wti,"WTI Crude Oil (Cushing, OK)",64.01,USD/barrel,D,FRED
2025-09-11,US,us_wti,"WTI Crude Oil (Cushing, OK)",62.71,USD/barrel,D,FRED
2025-09-12,US,us_wti,"WTI Crude Oil (Cushing, OK)",63.02,USD/barrel,D,FRED
2025-09-15,US,us_wti,"WTI Crude Oil (Cushing, OK)",63.66,USD/barrel,D,FRED
2025-09-16,US,us_wti,"WTI Crude Oil (Cushing, OK)",64.89,USD/barrel,D,FRED
2025-09-17,US,us_wti,"WTI Crude Oil (Cushing, OK)",64.41,USD/barrel,D,FRED
2025-09-18,US,us_wti,"WTI Crude Oil (Cushing, OK)",63.91,USD/barrel,D,FRED
2025-09-19,US,us_wti,"WTI Crude Oil (Cushing, OK)",63.02,USD/barrel,D,FRED
2025-09-22,US,us_wti,"WTI Crude Oil (Cushing, OK)",62.99,USD/barrel,D,FRED
2025-09-23,US,us_wti,"WTI Crude Oil (Cushing, OK)",63.76,USD/barrel,D,FRED
2025-09-24,US,us_wti,"WTI Crude Oil (Cushing, OK)",65.4,USD/barrel,D,FRED
2025-09-25,US,us_wti,"WTI Crude Oil (Cushing, OK)",65.51,USD/barrel,D,FRED
2025-09-26,US,us_wti,"WTI Crude Oil (Cushing, OK)",66.5,USD/barrel,D,FRED
2025-09-29,US,us_wti,"WTI Crude Oil (Cushing, OK)",64.27,USD/barrel,D,FRED
2025-09-30,US,us_wti,"WTI Crude Oil (Cushing, OK)",63.17,USD/barrel,D,FRED
2025-10-01,KR,kr_base_rate,한국은행 기준금리,2.5,연%,M,ECOS
2025-10-01,KR,kr_ccsi,소비자심리지수(CCSI),109.6,p (장기평균=100),M,ECOS
2025-10-01,KR,kr_cpi_food,소비자물가지수 — 식료품 및 비주류음료,128.88,2020=100,M,ECOS
2025-10-01,KR,kr_cpi_total,소비자물가지수 — 총지수,117.42,2020=100,M,ECOS
2025-10-01,KR,kr_esi,"경제심리지수(ESI, 원계열)",94.8,p,M,ECOS
2025-10-01,KR,kr_ppi_food,생산자물가지수 — 음식료품,125.49,2020=100,M,ECOS
2025-10-01,US,us_corn,Global Price of Corn (사료비 proxy),198.0176441964286,USD/metric ton,M,FRED
2025-10-01,US,us_food_ppi,PPI: Processed Foods and Feeds,275.226,Index 1982=100,M,FRED
2025-10-01,US,us_soybean,Global Price of Soybeans (사료비),371.5741425506887,USD/metric ton,M,FRED
2025-10-01,US,us_soybean_meal,"Global Price of Soybean Meal (대두박, 사료 직접 투입재)",297.813708987262,USD/metric ton,M,FRED
2025-10-01,US,us_wti,"WTI Crude Oil (Cushing, OK)",62.59,USD/barrel,D,FRED
2025-10-02,US,us_wti,"WTI Crude Oil (Cushing, OK)",61.28,USD/barrel,D,FRED
2025-10-03,US,us_wti,"WTI Crude Oil (Cushing, OK)",61.65,USD/barrel,D,FRED
2025-10-06,US,us_wti,"WTI Crude Oil (Cushing, OK)",62.49,USD/barrel,D,FRED
2025-10-07,US,us_wti,"WTI Crude Oil (Cushing, OK)",62.52,USD/barrel,D,FRED
2025-10-08,US,us_wti,"WTI Crude Oil (Cushing, OK)",63.37,USD/barrel,D,FRED
2025-10-09,US,us_wti,"WTI Crude Oil (Cushing, OK)",62.36,USD/barrel,D,FRED
2025-10-10,US,us_wti,"WTI Crude Oil (Cushing, OK)",59.75,USD/barrel,D,FRED
2025-10-14,US,us_wti,"WTI Crude Oil (Cushing, OK)",59.52,USD/barrel,D,FRED
2025-10-15,US,us_wti,"WTI Crude Oil (Cushing, OK)",59.08,USD/barrel,D,FRED
2025-10-16,US,us_wti,"WTI Crude Oil (Cushing, OK)",58.29,USD/barrel,D,FRED
2025-10-17,US,us_wti,"WTI Crude Oil (Cushing, OK)",58.3,USD/barrel,D,FRED
2025-10-20,US,us_wti,"WTI Crude Oil (Cushing, OK)",58.34,USD/barrel,D,FRED
2025-10-21,US,us_wti,"WTI Crude Oil (Cushing, OK)",58.66,USD/barrel,D,FRED
2025-10-22,US,us_wti,"WTI Crude Oil (Cushing, OK)",59.3,USD/barrel,D,FRED
2025-10-23,US,us_wti,"WTI Crude Oil (Cushing, OK)",62.44,USD/barrel,D,FRED
2025-10-24,US,us_wti,"WTI Crude Oil (Cushing, OK)",62.27,USD/barrel,D,FRED
2025-10-27,US,us_wti,"WTI Crude Oil (Cushing, OK)",62.13,USD/barrel,D,FRED
2025-10-28,US,us_wti,"WTI Crude Oil (Cushing, OK)",60.97,USD/barrel,D,FRED
2025-10-29,US,us_wti,"WTI Crude Oil (Cushing, OK)",61.26,USD/barrel,D,FRED
2025-10-30,US,us_wti,"WTI Crude Oil (Cushing, OK)",61.36,USD/barrel,D,FRED
2025-10-31,US,us_wti,"WTI Crude Oil (Cushing, OK)",61.75,USD/barrel,D,FRED
2025-11-01,KR,kr_base_rate,한국은행 기준금리,2.5,연%,M,ECOS
2025-11-01,KR,kr_ccsi,소비자심리지수(CCSI),112.3,p (장기평균=100),M,ECOS
2025-11-01,KR,kr_cpi_food,소비자물가지수 — 식료품 및 비주류음료,127.08,2020=100,M,ECOS
2025-11-01,KR,kr_cpi_total,소비자물가지수 — 총지수,117.2,2020=100,M,ECOS
2025-11-01,KR,kr_esi,"경제심리지수(ESI, 원계열)",94.5,p,M,ECOS
2025-11-01,KR,kr_ppi_food,생산자물가지수 — 음식료품,125.66,2020=100,M,ECOS
2025-11-01,US,us_corn,Global Price of Corn (사료비 proxy),201.6578882352942,USD/metric ton,M,FRED
2025-11-01,US,us_food_ppi,PPI: Processed Foods and Feeds,274.436,Index 1982=100,M,FRED
2025-11-01,US,us_soybean,Global Price of Soybeans (사료비),410.1693589372302,USD/metric ton,M,FRED
2025-11-01,US,us_soybean_meal,"Global Price of Soybean Meal (대두박, 사료 직접 투입재)",319.0816163775602,USD/metric ton,M,FRED
2025-11-03,US,us_wti,"WTI Crude Oil (Cushing, OK)",61.79,USD/barrel,D,FRED
2025-11-04,US,us_wti,"WTI Crude Oil (Cushing, OK)",61.38,USD/barrel,D,FRED
2025-11-05,US,us_wti,"WTI Crude Oil (Cushing, OK)",60.4,USD/barrel,D,FRED
2025-11-06,US,us_wti,"WTI Crude Oil (Cushing, OK)",60.24,USD/barrel,D,FRED
2025-11-07,US,us_wti,"WTI Crude Oil (Cushing, OK)",60.54,USD/barrel,D,FRED
2025-11-10,US,us_wti,"WTI Crude Oil (Cushing, OK)",60.94,USD/barrel,D,FRED
2025-11-12,US,us_wti,"WTI Crude Oil (Cushing, OK)",59.3,USD/barrel,D,FRED
2025-11-13,US,us_wti,"WTI Crude Oil (Cushing, OK)",59.54,USD/barrel,D,FRED
2025-11-14,US,us_wti,"WTI Crude Oil (Cushing, OK)",60.87,USD/barrel,D,FRED
2025-11-17,US,us_wti,"WTI Crude Oil (Cushing, OK)",60.66,USD/barrel,D,FRED
2025-11-18,US,us_wti,"WTI Crude Oil (Cushing, OK)",61.51,USD/barrel,D,FRED
2025-11-19,US,us_wti,"WTI Crude Oil (Cushing, OK)",60.27,USD/barrel,D,FRED
2025-11-20,US,us_wti,"WTI Crude Oil (Cushing, OK)",60.07,USD/barrel,D,FRED
2025-11-21,US,us_wti,"WTI Crude Oil (Cushing, OK)",58.86,USD/barrel,D,FRED
2025-11-24,US,us_wti,"WTI Crude Oil (Cushing, OK)",59.11,USD/barrel,D,FRED
2025-11-25,US,us_wti,"WTI Crude Oil (Cushing, OK)",58.25,USD/barrel,D,FRED
2025-11-26,US,us_wti,"WTI Crude Oil (Cushing, OK)",58.81,USD/barrel,D,FRED
2025-11-28,US,us_wti,"WTI Crude Oil (Cushing, OK)",58.58,USD/barrel,D,FRED
2025-12-01,KR,kr_base_rate,한국은행 기준금리,2.5,연%,M,ECOS
2025-12-01,KR,kr_ccsi,소비자심리지수(CCSI),109.8,p (장기평균=100),M,ECOS
2025-12-01,KR,kr_cpi_food,소비자물가지수 — 식료품 및 비주류음료,128.01,2020=100,M,ECOS
2025-12-01,KR,kr_cpi_total,소비자물가지수 — 총지수,117.57,2020=100,M,ECOS
2025-12-01,KR,kr_esi,"경제심리지수(ESI, 원계열)",93.5,p,M,ECOS
2025-12-01,KR,kr_ppi_food,생산자물가지수 — 음식료품,125.87,2020=100,M,ECOS
2025-12-01,US,us_corn,Global Price of Corn (사료비 proxy),205.3150795535714,USD/metric ton,M,FRED
2025-12-01,US,us_food_ppi,PPI: Processed Foods and Feeds,273.059,Index 1982=100,M,FRED
2025-12-01,US,us_soybean,Global Price of Soybeans (사료비),391.5498835528245,USD/metric ton,M,FRED
2025-12-01,US,us_soybean_meal,"Global Price of Soybean Meal (대두박, 사료 직접 투입재)",305.5506355141425,USD/metric ton,M,FRED
2025-12-01,US,us_wti,"WTI Crude Oil (Cushing, OK)",59.47,USD/barrel,D,FRED
2025-12-02,US,us_wti,"WTI Crude Oil (Cushing, OK)",58.81,USD/barrel,D,FRED
2025-12-03,US,us_wti,"WTI Crude Oil (Cushing, OK)",59.09,USD/barrel,D,FRED
2025-12-04,US,us_wti,"WTI Crude Oil (Cushing, OK)",59.82,USD/barrel,D,FRED
2025-12-05,US,us_wti,"WTI Crude Oil (Cushing, OK)",60.23,USD/barrel,D,FRED
2025-12-08,US,us_wti,"WTI Crude Oil (Cushing, OK)",59.04,USD/barrel,D,FRED
2025-12-09,US,us_wti,"WTI Crude Oil (Cushing, OK)",58.4,USD/barrel,D,FRED
2025-12-10,US,us_wti,"WTI Crude Oil (Cushing, OK)",58.67,USD/barrel,D,FRED
2025-12-11,US,us_wti,"WTI Crude Oil (Cushing, OK)",57.76,USD/barrel,D,FRED
2025-12-12,US,us_wti,"WTI Crude Oil (Cushing, OK)",57.61,USD/barrel,D,FRED
2025-12-15,US,us_wti,"WTI Crude Oil (Cushing, OK)",56.97,USD/barrel,D,FRED
2025-12-16,US,us_wti,"WTI Crude Oil (Cushing, OK)",55.44,USD/barrel,D,FRED
2025-12-17,US,us_wti,"WTI Crude Oil (Cushing, OK)",56.07,USD/barrel,D,FRED
2025-12-18,US,us_wti,"WTI Crude Oil (Cushing, OK)",56.22,USD/barrel,D,FRED
2025-12-19,US,us_wti,"WTI Crude Oil (Cushing, OK)",56.8,USD/barrel,D,FRED
2025-12-22,US,us_wti,"WTI Crude Oil (Cushing, OK)",58.18,USD/barrel,D,FRED
2025-12-23,US,us_wti,"WTI Crude Oil (Cushing, OK)",58.55,USD/barrel,D,FRED
2025-12-24,US,us_wti,"WTI Crude Oil (Cushing, OK)",58.72,USD/barrel,D,FRED
2025-12-26,US,us_wti,"WTI Crude Oil (Cushing, OK)",56.6,USD/barrel,D,FRED
2025-12-29,US,us_wti,"WTI Crude Oil (Cushing, OK)",57.89,USD/barrel,D,FRED
2025-12-30,US,us_wti,"WTI Crude Oil (Cushing, OK)",57.79,USD/barrel,D,FRED
2025-12-31,US,us_wti,"WTI Crude Oil (Cushing, OK)",57.26,USD/barrel,D,FRED
2026-01-01,KR,kr_base_rate,한국은행 기준금리,2.5,연%,M,ECOS
2026-01-01,KR,kr_ccsi,소비자심리지수(CCSI),110.8,p (장기평균=100),M,ECOS
2026-01-01,KR,kr_cpi_food,소비자물가지수 — 식료품 및 비주류음료,128.75,2020=100,M,ECOS
2026-01-01,KR,kr_cpi_total,소비자물가지수 — 총지수,118.03,2020=100,M,ECOS
2026-01-01,KR,kr_esi,"경제심리지수(ESI, 원계열)",94.0,p,M,ECOS
2026-01-01,KR,kr_ppi_food,생산자물가지수 — 음식료품,125.44,2020=100,M,ECOS
2026-01-01,US,us_corn,Global Price of Corn (사료비 proxy),203.8978238392856,USD/metric ton,M,FRED
2026-01-01,US,us_food_ppi,PPI: Processed Foods and Feeds,273.433,Index 1982=100,M,FRED
2026-01-01,US,us_soybean,Global Price of Soybeans (사료비),383.2414025347702,USD/metric ton,M,FRED
2026-01-01,US,us_soybean_meal,"Global Price of Soybean Meal (대두박, 사료 직접 투입재)",286.1949177974116,USD/metric ton,M,FRED
2026-01-02,US,us_wti,"WTI Crude Oil (Cushing, OK)",57.21,USD/barrel,D,FRED
2026-01-05,US,us_wti,"WTI Crude Oil (Cushing, OK)",58.1,USD/barrel,D,FRED
2026-01-06,US,us_wti,"WTI Crude Oil (Cushing, OK)",56.97,USD/barrel,D,FRED
2026-01-07,US,us_wti,"WTI Crude Oil (Cushing, OK)",56.01,USD/barrel,D,FRED
2026-01-08,US,us_wti,"WTI Crude Oil (Cushing, OK)",57.74,USD/barrel,D,FRED
2026-01-09,US,us_wti,"WTI Crude Oil (Cushing, OK)",58.96,USD/barrel,D,FRED
2026-01-12,US,us_wti,"WTI Crude Oil (Cushing, OK)",59.39,USD/barrel,D,FRED
2026-01-13,US,us_wti,"WTI Crude Oil (Cushing, OK)",60.85,USD/barrel,D,FRED
2026-01-14,US,us_wti,"WTI Crude Oil (Cushing, OK)",61.84,USD/barrel,D,FRED
2026-01-15,US,us_wti,"WTI Crude Oil (Cushing, OK)",59.13,USD/barrel,D,FRED
2026-01-16,US,us_wti,"WTI Crude Oil (Cushing, OK)",59.4,USD/barrel,D,FRED
2026-01-20,US,us_wti,"WTI Crude Oil (Cushing, OK)",60.3,USD/barrel,D,FRED
2026-01-21,US,us_wti,"WTI Crude Oil (Cushing, OK)",60.38,USD/barrel,D,FRED
2026-01-22,US,us_wti,"WTI Crude Oil (Cushing, OK)",59.24,USD/barrel,D,FRED
2026-01-23,US,us_wti,"WTI Crude Oil (Cushing, OK)",60.7,USD/barrel,D,FRED
2026-01-26,US,us_wti,"WTI Crude Oil (Cushing, OK)",60.46,USD/barrel,D,FRED
2026-01-27,US,us_wti,"WTI Crude Oil (Cushing, OK)",62.04,USD/barrel,D,FRED
2026-01-28,US,us_wti,"WTI Crude Oil (Cushing, OK)",62.75,USD/barrel,D,FRED
2026-01-29,US,us_wti,"WTI Crude Oil (Cushing, OK)",64.77,USD/barrel,D,FRED
2026-01-30,US,us_wti,"WTI Crude Oil (Cushing, OK)",64.5,USD/barrel,D,FRED
2026-02-01,KR,kr_base_rate,한국은행 기준금리,2.5,연%,M,ECOS
2026-02-01,KR,kr_ccsi,소비자심리지수(CCSI),112.1,p (장기평균=100),M,ECOS
2026-02-01,KR,kr_cpi_food,소비자물가지수 — 식료품 및 비주류음료,129.12,2020=100,M,ECOS
2026-02-01,KR,kr_cpi_total,소비자물가지수 — 총지수,118.4,2020=100,M,ECOS
2026-02-01,KR,kr_esi,"경제심리지수(ESI, 원계열)",98.8,p,M,ECOS
2026-02-01,KR,kr_ppi_food,생산자물가지수 — 음식료품,125.71,2020=100,M,ECOS
2026-02-01,US,us_corn,Global Price of Corn (사료비 proxy),210.6354865131578,USD/metric ton,M,FRED
2026-02-01,US,us_food_ppi,PPI: Processed Foods and Feeds,273.946,Index 1982=100,M,FRED
2026-02-01,US,us_soybean,Global Price of Soybeans (사료비),409.479246388148,USD/metric ton,M,FRED
2026-02-01,US,us_soybean_meal,"Global Price of Soybean Meal (대두박, 사료 직접 투입재)",287.7815574654268,USD/metric ton,M,FRED
2026-02-02,US,us_wti,"WTI Crude Oil (Cushing, OK)",61.6,USD/barrel,D,FRED
2026-02-03,US,us_wti,"WTI Crude Oil (Cushing, OK)",62.62,USD/barrel,D,FRED
2026-02-04,US,us_wti,"WTI Crude Oil (Cushing, OK)",64.56,USD/barrel,D,FRED
2026-02-05,US,us_wti,"WTI Crude Oil (Cushing, OK)",62.9,USD/barrel,D,FRED
2026-02-06,US,us_wti,"WTI Crude Oil (Cushing, OK)",63.77,USD/barrel,D,FRED
2026-02-09,US,us_wti,"WTI Crude Oil (Cushing, OK)",64.53,USD/barrel,D,FRED
2026-02-10,US,us_wti,"WTI Crude Oil (Cushing, OK)",64.2,USD/barrel,D,FRED
2026-02-11,US,us_wti,"WTI Crude Oil (Cushing, OK)",64.8,USD/barrel,D,FRED
2026-02-12,US,us_wti,"WTI Crude Oil (Cushing, OK)",63.08,USD/barrel,D,FRED
2026-02-13,US,us_wti,"WTI Crude Oil (Cushing, OK)",63.05,USD/barrel,D,FRED
2026-02-17,US,us_wti,"WTI Crude Oil (Cushing, OK)",62.53,USD/barrel,D,FRED
2026-02-18,US,us_wti,"WTI Crude Oil (Cushing, OK)",65.33,USD/barrel,D,FRED
2026-02-19,US,us_wti,"WTI Crude Oil (Cushing, OK)",66.66,USD/barrel,D,FRED
2026-02-20,US,us_wti,"WTI Crude Oil (Cushing, OK)",66.69,USD/barrel,D,FRED
2026-02-23,US,us_wti,"WTI Crude Oil (Cushing, OK)",66.36,USD/barrel,D,FRED
2026-02-24,US,us_wti,"WTI Crude Oil (Cushing, OK)",65.62,USD/barrel,D,FRED
2026-02-25,US,us_wti,"WTI Crude Oil (Cushing, OK)",65.3,USD/barrel,D,FRED
2026-02-26,US,us_wti,"WTI Crude Oil (Cushing, OK)",65.1,USD/barrel,D,FRED
2026-02-27,US,us_wti,"WTI Crude Oil (Cushing, OK)",66.96,USD/barrel,D,FRED
2026-03-01,KR,kr_base_rate,한국은행 기준금리,2.5,연%,M,ECOS
2026-03-01,KR,kr_ccsi,소비자심리지수(CCSI),107.0,p (장기평균=100),M,ECOS
2026-03-01,KR,kr_cpi_food,소비자물가지수 — 식료품 및 비주류음료,127.91,2020=100,M,ECOS
2026-03-01,KR,kr_cpi_total,소비자물가지수 — 총지수,118.8,2020=100,M,ECOS
2026-03-01,KR,kr_esi,"경제심리지수(ESI, 원계열)",94.0,p,M,ECOS
2026-03-01,KR,kr_ppi_food,생산자물가지수 — 음식료품,125.58,2020=100,M,ECOS
2026-03-01,US,us_corn,Global Price of Corn (사료비 proxy),213.3041428571428,USD/metric ton,M,FRED
2026-03-01,US,us_food_ppi,PPI: Processed Foods and Feeds,275.462,Index 1982=100,M,FRED
2026-03-01,US,us_soybean,Global Price of Soybeans (사료비),426.5981083814549,USD/metric ton,M,FRED
2026-03-01,US,us_soybean_meal,"Global Price of Soybean Meal (대두박, 사료 직접 투입재)",312.4266867864314,USD/metric ton,M,FRED
2026-03-02,US,us_wti,"WTI Crude Oil (Cushing, OK)",71.13,USD/barrel,D,FRED
2026-03-03,US,us_wti,"WTI Crude Oil (Cushing, OK)",74.48,USD/barrel,D,FRED
2026-03-04,US,us_wti,"WTI Crude Oil (Cushing, OK)",74.58,USD/barrel,D,FRED
2026-03-05,US,us_wti,"WTI Crude Oil (Cushing, OK)",80.88,USD/barrel,D,FRED
2026-03-06,US,us_wti,"WTI Crude Oil (Cushing, OK)",90.77,USD/barrel,D,FRED
2026-03-09,US,us_wti,"WTI Crude Oil (Cushing, OK)",94.65,USD/barrel,D,FRED
2026-03-10,US,us_wti,"WTI Crude Oil (Cushing, OK)",83.71,USD/barrel,D,FRED
2026-03-11,US,us_wti,"WTI Crude Oil (Cushing, OK)",86.8,USD/barrel,D,FRED
2026-03-12,US,us_wti,"WTI Crude Oil (Cushing, OK)",95.61,USD/barrel,D,FRED
2026-03-13,US,us_wti,"WTI Crude Oil (Cushing, OK)",98.48,USD/barrel,D,FRED
2026-03-16,US,us_wti,"WTI Crude Oil (Cushing, OK)",93.39,USD/barrel,D,FRED
2026-03-17,US,us_wti,"WTI Crude Oil (Cushing, OK)",96.01,USD/barrel,D,FRED
2026-03-18,US,us_wti,"WTI Crude Oil (Cushing, OK)",96.12,USD/barrel,D,FRED
2026-03-19,US,us_wti,"WTI Crude Oil (Cushing, OK)",96.11,USD/barrel,D,FRED
2026-03-20,US,us_wti,"WTI Crude Oil (Cushing, OK)",98.71,USD/barrel,D,FRED
2026-03-23,US,us_wti,"WTI Crude Oil (Cushing, OK)",89.33,USD/barrel,D,FRED
2026-03-24,US,us_wti,"WTI Crude Oil (Cushing, OK)",93.18,USD/barrel,D,FRED
2026-03-25,US,us_wti,"WTI Crude Oil (Cushing, OK)",91.51,USD/barrel,D,FRED
2026-03-26,US,us_wti,"WTI Crude Oil (Cushing, OK)",96.18,USD/barrel,D,FRED
2026-03-27,US,us_wti,"WTI Crude Oil (Cushing, OK)",101.26,USD/barrel,D,FRED
2026-03-30,US,us_wti,"WTI Crude Oil (Cushing, OK)",104.69,USD/barrel,D,FRED
2026-03-31,US,us_wti,"WTI Crude Oil (Cushing, OK)",102.86,USD/barrel,D,FRED
2026-04-01,KR,kr_base_rate,한국은행 기준금리,2.5,연%,M,ECOS
2026-04-01,KR,kr_ccsi,소비자심리지수(CCSI),99.2,p (장기평균=100),M,ECOS
2026-04-01,KR,kr_cpi_food,소비자물가지수 — 식료품 및 비주류음료,126.84,2020=100,M,ECOS
2026-04-01,KR,kr_cpi_total,소비자물가지수 — 총지수,119.37,2020=100,M,ECOS
2026-04-01,KR,kr_esi,"경제심리지수(ESI, 원계열)",91.7,p,M,ECOS
2026-04-01,KR,kr_ppi_food,생산자물가지수 — 음식료품,125.72,2020=100,M,ECOS
2026-04-01,US,us_corn,Global Price of Corn (사료비 proxy),214.5239610119047,USD/metric ton,M,FRED
2026-04-01,US,us_food_ppi,PPI: Processed Foods and Feeds,277.643,Index 1982=100,M,FRED
2026-04-01,US,us_soybean,Global Price of Soybeans (사료비),425.2924899966025,USD/metric ton,M,FRED
2026-04-01,US,us_soybean_meal,"Global Price of Soybean Meal (대두박, 사료 직접 투입재)",317.1431873648664,USD/metric ton,M,FRED
2026-04-01,US,us_wti,"WTI Crude Oil (Cushing, OK)",101.9,USD/barrel,D,FRED
2026-04-02,US,us_wti,"WTI Crude Oil (Cushing, OK)",113.23,USD/barrel,D,FRED
2026-04-06,US,us_wti,"WTI Crude Oil (Cushing, OK)",114.01,USD/barrel,D,FRED
2026-04-07,US,us_wti,"WTI Crude Oil (Cushing, OK)",114.58,USD/barrel,D,FRED
2026-04-08,US,us_wti,"WTI Crude Oil (Cushing, OK)",96.17,USD/barrel,D,FRED
2026-04-09,US,us_wti,"WTI Crude Oil (Cushing, OK)",99.62,USD/barrel,D,FRED
2026-04-10,US,us_wti,"WTI Crude Oil (Cushing, OK)",98.34,USD/barrel,D,FRED
2026-04-13,US,us_wti,"WTI Crude Oil (Cushing, OK)",100.72,USD/barrel,D,FRED
2026-04-14,US,us_wti,"WTI Crude Oil (Cushing, OK)",93.07,USD/barrel,D,FRED
2026-04-15,US,us_wti,"WTI Crude Oil (Cushing, OK)",93.04,USD/barrel,D,FRED
2026-04-16,US,us_wti,"WTI Crude Oil (Cushing, OK)",96.46,USD/barrel,D,FRED
2026-04-17,US,us_wti,"WTI Crude Oil (Cushing, OK)",85.91,USD/barrel,D,FRED
2026-04-20,US,us_wti,"WTI Crude Oil (Cushing, OK)",91.06,USD/barrel,D,FRED
2026-04-21,US,us_wti,"WTI Crude Oil (Cushing, OK)",93.64,USD/barrel,D,FRED
2026-04-22,US,us_wti,"WTI Crude Oil (Cushing, OK)",94.76,USD/barrel,D,FRED
2026-04-23,US,us_wti,"WTI Crude Oil (Cushing, OK)",99.27,USD/barrel,D,FRED
2026-04-24,US,us_wti,"WTI Crude Oil (Cushing, OK)",98.42,USD/barrel,D,FRED
2026-04-27,US,us_wti,"WTI Crude Oil (Cushing, OK)",99.89,USD/barrel,D,FRED
2026-04-28,US,us_wti,"WTI Crude Oil (Cushing, OK)",103.45,USD/barrel,D,FRED
2026-04-29,US,us_wti,"WTI Crude Oil (Cushing, OK)",110.47,USD/barrel,D,FRED
2026-04-30,US,us_wti,"WTI Crude Oil (Cushing, OK)",108.64,USD/barrel,D,FRED
2026-05-01,KR,kr_base_rate,한국은행 기준금리,2.5,연%,M,ECOS
2026-05-01,KR,kr_ccsi,소비자심리지수(CCSI),106.1,p (장기평균=100),M,ECOS
2026-05-01,KR,kr_cpi_food,소비자물가지수 — 식료품 및 비주류음료,126.79,2020=100,M,ECOS
2026-05-01,KR,kr_cpi_total,소비자물가지수 — 총지수,119.92,2020=100,M,ECOS
2026-05-01,KR,kr_esi,"경제심리지수(ESI, 원계열)",97.5,p,M,ECOS
2026-05-01,US,us_corn,Global Price of Corn (사료비 proxy),215.6206469812925,USD/metric ton,M,FRED
2026-05-01,US,us_food_ppi,PPI: Processed Foods and Feeds,278.497,Index 1982=100,M,FRED
2026-05-01,US,us_soybean,Global Price of Soybeans (사료비),439.149647497951,USD/metric ton,M,FRED
2026-05-01,US,us_soybean_meal,"Global Price of Soybean Meal (대두박, 사료 직접 투입재)",322.0874319356683,USD/metric ton,M,FRED
2026-05-01,US,us_wti,"WTI Crude Oil (Cushing, OK)",105.38,USD/barrel,D,FRED
2026-05-04,US,us_wti,"WTI Crude Oil (Cushing, OK)",109.76,USD/barrel,D,FRED
2026-05-05,US,us_wti,"WTI Crude Oil (Cushing, OK)",105.66,USD/barrel,D,FRED
2026-05-06,US,us_wti,"WTI Crude Oil (Cushing, OK)",98.75,USD/barrel,D,FRED
2026-05-07,US,us_wti,"WTI Crude Oil (Cushing, OK)",98.38,USD/barrel,D,FRED
2026-05-08,US,us_wti,"WTI Crude Oil (Cushing, OK)",98.87,USD/barrel,D,FRED
2026-05-11,US,us_wti,"WTI Crude Oil (Cushing, OK)",101.56,USD/barrel,D,FRED
2026-05-12,US,us_wti,"WTI Crude Oil (Cushing, OK)",105.78,USD/barrel,D,FRED
2026-05-13,US,us_wti,"WTI Crude Oil (Cushing, OK)",104.52,USD/barrel,D,FRED
2026-05-14,US,us_wti,"WTI Crude Oil (Cushing, OK)",104.66,USD/barrel,D,FRED
2026-05-15,US,us_wti,"WTI Crude Oil (Cushing, OK)",108.99,USD/barrel,D,FRED
2026-05-18,US,us_wti,"WTI Crude Oil (Cushing, OK)",112.25,USD/barrel,D,FRED
2026-05-19,US,us_wti,"WTI Crude Oil (Cushing, OK)",112.09,USD/barrel,D,FRED
2026-05-20,US,us_wti,"WTI Crude Oil (Cushing, OK)",101.69,USD/barrel,D,FRED
2026-05-21,US,us_wti,"WTI Crude Oil (Cushing, OK)",100.2,USD/barrel,D,FRED
2026-05-22,US,us_wti,"WTI Crude Oil (Cushing, OK)",100.35,USD/barrel,D,FRED
2026-05-26,US,us_wti,"WTI Crude Oil (Cushing, OK)",97.63,USD/barrel,D,FRED
2026-05-27,US,us_wti,"WTI Crude Oil (Cushing, OK)",92.35,USD/barrel,D,FRED
2026-05-28,US,us_wti,"WTI Crude Oil (Cushing, OK)",92.65,USD/barrel,D,FRED
2026-05-29,US,us_wti,"WTI Crude Oil (Cushing, OK)",91.16,USD/barrel,D,FRED
2026-06-01,US,us_wti,"WTI Crude Oil (Cushing, OK)",95.96,USD/barrel,D,FRED
2026-06-02,US,us_wti,"WTI Crude Oil (Cushing, OK)",97.47,USD/barrel,D,FRED
2026-06-03,US,us_wti,"WTI Crude Oil (Cushing, OK)",99.76,USD/barrel,D,FRED
2026-06-04,US,us_wti,"WTI Crude Oil (Cushing, OK)",96.83,USD/barrel,D,FRED
2026-06-05,US,us_wti,"WTI Crude Oil (Cushing, OK)",94.32,USD/barrel,D,FRED
2026-06-08,US,us_wti,"WTI Crude Oil (Cushing, OK)",95.0,USD/barrel,D,FRED
